ISO-10303-21;
HEADER;
FILE_DESCRIPTION(('ViewDefinition[DesignTransferView]'),'2;1');
FILE_NAME('so4-discussion.ifc','2026-10-05T15:51:26+08:00',(''),(''),'IfcOpenShell 0.9.0','Bonsai 0.9.0','Nobody');
FILE_SCHEMA(('IFC4'));
ENDSEC;
DATA;
#1=IFCPROJECT('1S5DMljYTCyA4ZSRQEWZRy',$,'My Project',$,$,$,$,(#10,#22),#5);
#2=IFCSIUNIT(*,.LENGTHUNIT.,$,.METRE.);
#3=IFCSIUNIT(*,.AREAUNIT.,$,.SQUARE_METRE.);
#4=IFCSIUNIT(*,.VOLUMEUNIT.,$,.CUBIC_METRE.);
#5=IFCUNITASSIGNMENT((#4,#2,#3));
#6=IFCCARTESIANPOINT((0.,0.,0.));
#7=IFCDIRECTION((0.,0.,1.));
#8=IFCDIRECTION((1.,0.,0.));
#9=IFCAXIS2PLACEMENT3D(#6,#7,#8);
#10=IFCGEOMETRICREPRESENTATIONCONTEXT($,'Model',3,1.E-05,#9,$);
#11=IFCGEOMETRICREPRESENTATIONSUBCONTEXT('Body','Model',*,*,*,*,#10,$,.MODEL_VIEW.,$);
#12=IFCGEOMETRICREPRESENTATIONSUBCONTEXT('Axis','Model',*,*,*,*,#10,$,.GRAPH_VIEW.,$);
#13=IFCGEOMETRICREPRESENTATIONSUBCONTEXT('Box','Model',*,*,*,*,#10,$,.MODEL_VIEW.,$);
#14=IFCGEOMETRICREPRESENTATIONSUBCONTEXT('Annotation','Model',*,*,*,*,#10,$,.SECTION_VIEW.,$);
#15=IFCGEOMETRICREPRESENTATIONSUBCONTEXT('Annotation','Model',*,*,*,*,#10,$,.ELEVATION_VIEW.,$);
#16=IFCGEOMETRICREPRESENTATIONSUBCONTEXT('Annotation','Model',*,*,*,*,#10,$,.MODEL_VIEW.,$);
#17=IFCGEOMETRICREPRESENTATIONSUBCONTEXT('Annotation','Model',*,*,*,*,#10,$,.PLAN_VIEW.,$);
#18=IFCGEOMETRICREPRESENTATIONSUBCONTEXT('Profile','Model',*,*,*,*,#10,$,.ELEVATION_VIEW.,$);
#19=IFCCARTESIANPOINT((0.,0.));
#20=IFCDIRECTION((1.,0.));
#21=IFCAXIS2PLACEMENT2D(#19,#20);
#22=IFCGEOMETRICREPRESENTATIONCONTEXT($,'Plan',2,1.E-05,#21,$);
#23=IFCGEOMETRICREPRESENTATIONSUBCONTEXT('Axis','Plan',*,*,*,*,#22,$,.GRAPH_VIEW.,$);
#24=IFCGEOMETRICREPRESENTATIONSUBCONTEXT('Body','Plan',*,*,*,*,#22,$,.PLAN_VIEW.,$);
#25=IFCGEOMETRICREPRESENTATIONSUBCONTEXT('Annotation','Plan',*,*,*,*,#22,$,.PLAN_VIEW.,$);
#26=IFCGEOMETRICREPRESENTATIONSUBCONTEXT('Annotation','Plan',*,*,*,*,#22,$,.REFLECTED_PLAN_VIEW.,$);
#27=IFCSITE('3O608R6JDCch6wJH4bHMEj',$,'My Site',$,$,#50,$,$,$,$,$,$,$,$);
#33=IFCBUILDING('13I_aEgKX4a8FQMvX2jI2z',$,'My Building',$,$,#56,$,$,$,$,$,$);
#39=IFCBUILDINGSTOREY('2dZ6pjVWD8rx2u0rbbgUuF',$,'2F',$,$,#11259,$,$,$,$);
#45=IFCRELAGGREGATES('0jZjge39P5V8AFXvG2HZGS',$,$,$,#1,(#27));
#46=IFCCARTESIANPOINT((0.,0.,0.));
#47=IFCDIRECTION((0.,0.,1.));
#48=IFCDIRECTION((1.,0.,0.));
#49=IFCAXIS2PLACEMENT3D(#46,#47,#48);
#50=IFCLOCALPLACEMENT($,#49);
#51=IFCRELAGGREGATES('2MXFlgn5LCyRsapJHGaj2t',$,$,$,#27,(#33));
#52=IFCCARTESIANPOINT((0.,0.,0.));
#53=IFCDIRECTION((0.,0.,1.));
#54=IFCDIRECTION((1.,0.,0.));
#55=IFCAXIS2PLACEMENT3D(#52,#53,#54);
#56=IFCLOCALPLACEMENT(#50,#55);
#57=IFCRELAGGREGATES('2vHIn7U0T1JRt6wfgjO911',$,$,$,#33,(#39,#63));
#63=IFCBUILDINGSTOREY('0l0Np6ByDAZAgrMW98Q_f8',$,'GF',$,$,#79,$,$,$,$);
#75=IFCCARTESIANPOINT((0.,0.,0.));
#76=IFCDIRECTION((0.,0.,1.));
#77=IFCDIRECTION((1.,0.,0.));
#78=IFCAXIS2PLACEMENT3D(#75,#76,#77);
#79=IFCLOCALPLACEMENT(#56,#78);
#81=IFCWALLTYPE('11$YI4aJDCbAhRmb4jSFzl',$,'WALL',$,$,(#86),$,$,$,.SOLIDWALL.);
#82=IFCMATERIAL('Unknown',$,$);
#83=IFCMATERIALLAYERSET((#85),$,$);
#84=IFCRELASSOCIATESMATERIAL('20QvXwB2z3gRZj4lbjcrTI',$,$,$,(#81),#83);
#85=IFCMATERIALLAYER(#82,0.1,$,$,$,$,$);
#86=IFCPROPERTYSET('2nMN09$7PDXBjTQ3OHrH1M',$,'EPset_Parametric',$,(#87));
#87=IFCPROPERTYSINGLEVALUE('LayerSetDirection',$,IFCLABEL('AXIS2'),$);
#129=IFCRELCONTAINEDINSPATIALSTRUCTURE('1sw72XS_P2ixeC9MnSwq_A',$,$,$,(#723,#798,#2655,#2467,#773,#447,#11675,#1545,#1520,#1066,#4631,#4850,#11698,#11853,#1271,#1894,#1869,#11774,#8952,#3449,#12074,#1091,#1296,#1374,#748,#3369,#422,#10594,#10502,#2336,#10965,#5076,#1041,#5655,#12020,#11962,#11563,#1116,#12132),#63);
#130=IFCRELDEFINESBYTYPE('2tBVwxhaX4vhxwb6pUSbLP',$,$,$,(#1296,#1066,#7867,#1271,#748,#1374,#7673,#1869,#422,#773,#1091,#1116,#1041,#1520,#1894,#447,#798,#1545,#7711,#723,#7802),#81);
#422=IFCWALL('3Qk_eo7ZP7PPRbBr1XZ1Og',$,'Wall',$,$,#2203,#428,$,$);
#423=IFCMATERIALLAYERSETUSAGE(#83,.AXIS2.,.POSITIVE.,0.,$);
#424=IFCRELASSOCIATESMATERIAL('0us6$Ws_b4aha3Th65lY09',$,$,$,(#422),#423);
#428=IFCPRODUCTDEFINITIONSHAPE($,$,(#2230,#2227));
#444=IFCPROPERTYSET('1T3NL4WHn4IgeyQi5UeL5z',$,'EPset_Parametric',$,(#446));
#445=IFCRELDEFINESBYPROPERTIES('3fOyhP9ov71PhA5RMhckTl',$,$,$,(#422),#444);
#446=IFCPROPERTYSINGLEVALUE('Engine',$,IFCLABEL('Bonsai.DumbLayer2'),$);
#447=IFCWALL('2a4kecpaf0k9BNCivMQW34',$,'Wall',$,$,#601,#453,$,$);
#448=IFCMATERIALLAYERSETUSAGE(#83,.AXIS2.,.POSITIVE.,0.,$);
#449=IFCRELASSOCIATESMATERIAL('3br1wi_hnBJP4quUJqQFAL',$,$,$,(#447),#448);
#453=IFCPRODUCTDEFINITIONSHAPE($,$,(#2184,#2181));
#469=IFCPROPERTYSET('3ViLdoamnDFAXjXDueS_Kj',$,'EPset_Parametric',$,(#471));
#470=IFCRELDEFINESBYPROPERTIES('02bnWl1O575xthXuz3hM4B',$,$,$,(#447),#469);
#471=IFCPROPERTYSINGLEVALUE('Engine',$,IFCLABEL('Bonsai.DumbLayer2'),$);
#597=IFCCARTESIANPOINT((-2.7497758865356654,5.024999893912018,0.));
#598=IFCDIRECTION((0.,0.,1.));
#599=IFCDIRECTION((7.549790126404312E-08,-0.9999999999999972,0.));
#600=IFCAXIS2PLACEMENT3D(#597,#598,#599);
#601=IFCLOCALPLACEMENT(#79,#600);
#723=IFCWALL('2ph_6dy_9EcBJqZMD5jlAo',$,'Wall',$,$,#734,#729,$,$);
#724=IFCMATERIALLAYERSETUSAGE(#83,.AXIS2.,.POSITIVE.,0.,$);
#725=IFCRELASSOCIATESMATERIAL('3MVq1FamX7nA$dleSJRl8F',$,$,$,(#723),#724);
#729=IFCPRODUCTDEFINITIONSHAPE($,$,(#944,#941));
#730=IFCCARTESIANPOINT((-2.7497754096984863,2.4749999046325684,0.));
#731=IFCDIRECTION((0.,0.,1.));
#732=IFCDIRECTION((7.549790126404311E-08,-0.9999999999999971,0.));
#733=IFCAXIS2PLACEMENT3D(#730,#731,#732);
#734=IFCLOCALPLACEMENT(#79,#733);
#745=IFCPROPERTYSET('1hP7imW1bD9w5Hx_j3l8iE',$,'EPset_Parametric',$,(#747));
#746=IFCRELDEFINESBYPROPERTIES('2rH93fRLXBwAz_EqQxtl5C',$,$,$,(#723),#745);
#747=IFCPROPERTYSINGLEVALUE('Engine',$,IFCLABEL('Bonsai.DumbLayer2'),$);
#748=IFCWALL('2PcKmPoPD3w9SdGtnUhUtb',$,'Wall',$,$,#931,#754,$,$);
#749=IFCMATERIALLAYERSETUSAGE(#83,.AXIS2.,.POSITIVE.,0.,$);
#750=IFCRELASSOCIATESMATERIAL('1H5LkGtM97mfCI0rGnpnNB',$,$,$,(#748),#749);
#754=IFCPRODUCTDEFINITIONSHAPE($,$,(#976,#973));
#770=IFCPROPERTYSET('2jNHlTPbLEd88CMz_c9r6Q',$,'EPset_Parametric',$,(#772));
#771=IFCRELDEFINESBYPROPERTIES('10Bcl3p5r6ix5zRIA4HxGz',$,$,$,(#748),#770);
#772=IFCPROPERTYSINGLEVALUE('Engine',$,IFCLABEL('Bonsai.DumbLayer2'),$);
#773=IFCWALL('0KG83GaDv4aAzyCK0uC6pw',$,'Wall',$,$,#963,#779,$,$);
#774=IFCMATERIALLAYERSETUSAGE(#83,.AXIS2.,.POSITIVE.,0.,$);
#775=IFCRELASSOCIATESMATERIAL('1pNswQpZXFoAwBC0JvhJv8',$,$,$,(#773),#774);
#779=IFCPRODUCTDEFINITIONSHAPE($,$,(#2257,#2254));
#795=IFCPROPERTYSET('0tb1yhKtX2pOV7fDcRGVXm',$,'EPset_Parametric',$,(#797));
#796=IFCRELDEFINESBYPROPERTIES('24F35bYX1D1R_Fc2TqrH4m',$,$,$,(#773),#795);
#797=IFCPROPERTYSINGLEVALUE('Engine',$,IFCLABEL('Bonsai.DumbLayer2'),$);
#798=IFCWALL('0GLhmOkP98LRzRIy00CtdG',$,'Wall',$,$,#995,#804,$,$);
#799=IFCMATERIALLAYERSETUSAGE(#83,.AXIS2.,.POSITIVE.,0.,$);
#800=IFCRELASSOCIATESMATERIAL('2b4DyxFz5CDwcifGo8$jnf',$,$,$,(#798),#799);
#804=IFCPRODUCTDEFINITIONSHAPE($,$,(#2329,#2326));
#820=IFCPROPERTYSET('2v1y2gp7HBwgbMlWdmg4Uy',$,'EPset_Parametric',$,(#822));
#821=IFCRELDEFINESBYPROPERTIES('0w05JQ039AzQ4WOsNnoL6S',$,$,$,(#798),#820);
#822=IFCPROPERTYSINGLEVALUE('Engine',$,IFCLABEL('Bonsai.DumbLayer2'),$);
#913=IFCRELCONNECTSPATHELEMENTS('0cUdxo6_j7D8wY_j6orFg6',$,$,$,$,#748,#723,(),(),.ATEND.,.ATSTART.);
#927=IFCCARTESIANPOINT((-2.74977521340395,-0.125,0.));
#928=IFCDIRECTION((0.,0.,1.));
#929=IFCDIRECTION((1.,0.,0.));
#930=IFCAXIS2PLACEMENT3D(#927,#928,#929);
#931=IFCLOCALPLACEMENT(#79,#930);
#932=IFCCARTESIANPOINTLIST2D(((0.,0.),(0.,0.1),(2.499999912182365,0.1),(2.599999904632575,0.)));
#933=IFCINDEXEDPOLYCURVE(#932,(IFCLINEINDEX((1,2,3,4,1))),$);
#934=IFCARBITRARYCLOSEDPROFILEDEF(.AREA.,$,#933);
#935=IFCCARTESIANPOINT((0.,0.,0.));
#936=IFCDIRECTION((0.,0.,1.));
#937=IFCDIRECTION((1.,0.,0.));
#938=IFCAXIS2PLACEMENT3D(#935,#936,#937);
#939=IFCDIRECTION((0.,0.,1.));
#940=IFCEXTRUDEDAREASOLID(#934,#938,#939,3.);
#941=IFCSHAPEREPRESENTATION(#11,'Body','SweptSolid',(#940));
#942=IFCCARTESIANPOINTLIST2D(((0.,0.),(2.599999904632575,0.)));
#943=IFCINDEXEDPOLYCURVE(#942,$,$);
#944=IFCSHAPEREPRESENTATION(#23,'Axis','Curve2D',(#943));
#945=IFCRELCONNECTSPATHELEMENTS('2DBaooJx5CTgOLSPkqyWyv',$,$,$,$,#773,#748,(),(),.ATEND.,.ATSTART.);
#959=IFCCARTESIANPOINT((0.20022487640379882,-0.125,0.));
#960=IFCDIRECTION((0.,0.,1.));
#961=IFCDIRECTION((-4.371138828673789E-08,-0.9999999999999991,0.));
#962=IFCAXIS2PLACEMENT3D(#959,#960,#961);
#963=IFCLOCALPLACEMENT(#79,#962);
#964=IFCCARTESIANPOINTLIST2D(((0.,0.),(0.09999999245021017,0.1),(3.050000094178888,0.1),(2.950000089807749,0.)));
#965=IFCINDEXEDPOLYCURVE(#964,(IFCLINEINDEX((1,2,3,4,1))),$);
#966=IFCARBITRARYCLOSEDPROFILEDEF(.AREA.,$,#965);
#967=IFCCARTESIANPOINT((0.,0.,0.));
#968=IFCDIRECTION((0.,0.,1.));
#969=IFCDIRECTION((1.,0.,0.));
#970=IFCAXIS2PLACEMENT3D(#967,#968,#969);
#971=IFCDIRECTION((0.,0.,1.));
#972=IFCEXTRUDEDAREASOLID(#966,#970,#971,3.);
#973=IFCSHAPEREPRESENTATION(#11,'Body','SweptSolid',(#972));
#974=IFCCARTESIANPOINTLIST2D(((0.,0.),(2.950000089807749,0.)));
#975=IFCINDEXEDPOLYCURVE(#974,$,$);
#976=IFCSHAPEREPRESENTATION(#23,'Axis','Curve2D',(#975));
#991=IFCCARTESIANPOINT((0.20022476931090585,-2.5749998092651367,0.));
#992=IFCDIRECTION((0.,0.,1.));
#993=IFCDIRECTION((1.,0.,0.));
#994=IFCAXIS2PLACEMENT3D(#991,#992,#993);
#995=IFCLOCALPLACEMENT(#79,#994);
#1041=IFCWALL('3qIdYOJFf6Ph4KBaoas_Dc',$,'Wall',$,$,#2289,#1047,$,$);
#1042=IFCMATERIALLAYERSETUSAGE(#83,.AXIS2.,.POSITIVE.,0.,$);
#1043=IFCRELASSOCIATESMATERIAL('1tQV1fAdfBlBFEvSwplGVx',$,$,$,(#1041),#1042);
#1047=IFCPRODUCTDEFINITIONSHAPE($,$,(#2316,#2313));
#1063=IFCPROPERTYSET('0X0h_FtOL6bPJ_884rjp09',$,'EPset_Parametric',$,(#1065));
#1064=IFCRELDEFINESBYPROPERTIES('1NdAc08hz3980Q_lDF04UI',$,$,$,(#1041),#1063);
#1065=IFCPROPERTYSINGLEVALUE('Engine',$,IFCLABEL('Bonsai.DumbLayer2'),$);
#1066=IFCWALL('2A3FdNHCj6EBcUDFJt6DwU',$,'Wall',$,$,#1077,#1072,$,$);
#1067=IFCMATERIALLAYERSETUSAGE(#83,.AXIS2.,.POSITIVE.,0.,$);
#1068=IFCRELASSOCIATESMATERIAL('1DvHHVh_D3LwNrlQ4NJDR$',$,$,$,(#1066),#1067);
#1072=IFCPRODUCTDEFINITIONSHAPE($,$,(#1244,#1241));
#1073=IFCCARTESIANPOINT((4.200224876403809,0.025000572204589844,0.));
#1074=IFCDIRECTION((0.,0.,1.));
#1075=IFCDIRECTION((7.549790126404311E-08,0.9999999999999971,0.));
#1076=IFCAXIS2PLACEMENT3D(#1073,#1074,#1075);
#1077=IFCLOCALPLACEMENT(#79,#1076);
#1088=IFCPROPERTYSET('136zDnS018JOH0qyCfCxFP',$,'EPset_Parametric',$,(#1090));
#1089=IFCRELDEFINESBYPROPERTIES('1MuPnixib50hSWp46ewzl0',$,$,$,(#1066),#1088);
#1090=IFCPROPERTYSINGLEVALUE('Engine',$,IFCLABEL('Bonsai.DumbLayer2'),$);
#1091=IFCWALL('3Wp55VCt544uRnACQqNOVa',$,'Wall',$,$,#1102,#1097,$,$);
#1092=IFCMATERIALLAYERSETUSAGE(#83,.AXIS2.,.POSITIVE.,0.,$);
#1093=IFCRELASSOCIATESMATERIAL('0jeBkWx9r6swiHmT1mcfTw',$,$,$,(#1091),#1092);
#1097=IFCPRODUCTDEFINITIONSHAPE($,$,(#1270,#1267));
#1098=IFCCARTESIANPOINT((4.200224876403809,2.52500057220459,0.));
#1099=IFCDIRECTION((0.,0.,1.));
#1100=IFCDIRECTION((7.549790126404311E-08,0.9999999999999971,0.));
#1101=IFCAXIS2PLACEMENT3D(#1098,#1099,#1100);
#1102=IFCLOCALPLACEMENT(#79,#1101);
#1113=IFCPROPERTYSET('1wdXpsnBH5Iuv9vCU7WX4Q',$,'EPset_Parametric',$,(#1115));
#1114=IFCRELDEFINESBYPROPERTIES('2vDbIaoZz0bAR_3uWPIams',$,$,$,(#1091),#1113);
#1115=IFCPROPERTYSINGLEVALUE('Engine',$,IFCLABEL('Bonsai.DumbLayer2'),$);
#1116=IFCWALL('3rrebR7Nv1Bf7M5pR97daf',$,'Wall',$,$,#1127,#1122,$,$);
#1117=IFCMATERIALLAYERSETUSAGE(#83,.AXIS2.,.POSITIVE.,0.,$);
#1118=IFCRELASSOCIATESMATERIAL('1vN$STiinAdPc1SoJNK4bu',$,$,$,(#1116),#1117);
#1122=IFCPRODUCTDEFINITIONSHAPE($,$,(#2139,#2136));
#1123=IFCCARTESIANPOINT((4.200224876403809,4.9250006675720215,0.));
#1124=IFCDIRECTION((0.,0.,1.));
#1125=IFCDIRECTION((7.549790126404311E-08,0.9999999999999971,0.));
#1126=IFCAXIS2PLACEMENT3D(#1123,#1124,#1125);
#1127=IFCLOCALPLACEMENT(#79,#1126);
#1138=IFCPROPERTYSET('3oYnPSKfLETPf9APOTxPxp',$,'EPset_Parametric',$,(#1140));
#1139=IFCRELDEFINESBYPROPERTIES('0hxm876Qv2TAl915Ah0uTJ',$,$,$,(#1116),#1138);
#1140=IFCPROPERTYSINGLEVALUE('Engine',$,IFCLABEL('Bonsai.DumbLayer2'),$);
#1232=IFCCARTESIANPOINTLIST2D(((0.,0.),(0.,0.1),(2.5,0.1),(2.5,0.)));
#1233=IFCINDEXEDPOLYCURVE(#1232,(IFCLINEINDEX((1,2,3,4,1))),$);
#1234=IFCARBITRARYCLOSEDPROFILEDEF(.AREA.,$,#1233);
#1235=IFCCARTESIANPOINT((0.,0.,0.));
#1236=IFCDIRECTION((0.,0.,1.));
#1237=IFCDIRECTION((1.,0.,0.));
#1238=IFCAXIS2PLACEMENT3D(#1235,#1236,#1237);
#1239=IFCDIRECTION((0.,0.,1.));
#1240=IFCEXTRUDEDAREASOLID(#1234,#1238,#1239,3.);
#1241=IFCSHAPEREPRESENTATION(#11,'Body','SweptSolid',(#1240));
#1242=IFCCARTESIANPOINTLIST2D(((0.,0.),(2.5,0.)));
#1243=IFCINDEXEDPOLYCURVE(#1242,$,$);
#1244=IFCSHAPEREPRESENTATION(#23,'Axis','Curve2D',(#1243));
#1258=IFCCARTESIANPOINTLIST2D(((0.,0.),(0.,0.1),(2.4000000476837156,0.1),(2.4000000476837156,0.)));
#1259=IFCINDEXEDPOLYCURVE(#1258,(IFCLINEINDEX((1,2,3,4,1))),$);
#1260=IFCARBITRARYCLOSEDPROFILEDEF(.AREA.,$,#1259);
#1261=IFCCARTESIANPOINT((0.,0.,0.));
#1262=IFCDIRECTION((0.,0.,1.));
#1263=IFCDIRECTION((1.,0.,0.));
#1264=IFCAXIS2PLACEMENT3D(#1261,#1262,#1263);
#1265=IFCDIRECTION((0.,0.,1.));
#1266=IFCEXTRUDEDAREASOLID(#1260,#1264,#1265,3.);
#1267=IFCSHAPEREPRESENTATION(#11,'Body','SweptSolid',(#1266));
#1268=IFCCARTESIANPOINTLIST2D(((0.,0.),(2.4000000476837156,0.)));
#1269=IFCINDEXEDPOLYCURVE(#1268,$,$);
#1270=IFCSHAPEREPRESENTATION(#23,'Axis','Curve2D',(#1269));
#1271=IFCWALL('0iCUD6Fo1ATgZ6vUhFvCXt',$,'Wall',$,$,#1282,#1277,$,$);
#1272=IFCMATERIALLAYERSETUSAGE(#83,.AXIS2.,.POSITIVE.,0.,$);
#1273=IFCRELASSOCIATESMATERIAL('2OJonD43DAQv2rDTSKmGaI',$,$,$,(#1271),#1272);
#1277=IFCPRODUCTDEFINITIONSHAPE($,$,(#1373,#1370));
#1278=IFCCARTESIANPOINT((0.3002248704433441,-0.024999991059303284,0.));
#1279=IFCDIRECTION((0.,0.,1.));
#1280=IFCDIRECTION((7.549790126404311E-08,0.9999999999999971,0.));
#1281=IFCAXIS2PLACEMENT3D(#1278,#1279,#1280);
#1282=IFCLOCALPLACEMENT(#79,#1281);
#1293=IFCPROPERTYSET('0cEDJuY7H6iQB9vTpq4b5A',$,'EPset_Parametric',$,(#1295));
#1294=IFCRELDEFINESBYPROPERTIES('2o6itIuHPC88WJeI_E_cDw',$,$,$,(#1271),#1293);
#1295=IFCPROPERTYSINGLEVALUE('Engine',$,IFCLABEL('Bonsai.DumbLayer2'),$);
#1296=IFCWALL('2ALEzfbn90wwFUzl_cYJtZ',$,'Wall',$,$,#1307,#1302,$,$);
#1297=IFCMATERIALLAYERSETUSAGE(#83,.AXIS2.,.POSITIVE.,0.,$);
#1298=IFCRELASSOCIATESMATERIAL('178zdafl11WhPNSZt0c3hb',$,$,$,(#1296),#1297);
#1302=IFCPRODUCTDEFINITIONSHAPE($,$,(#1360,#1357));
#1303=IFCCARTESIANPOINT((0.30022507905960083,2.625,0.));
#1304=IFCDIRECTION((0.,0.,1.));
#1305=IFCDIRECTION((-0.9999999331512541,0.00036564666978632326,0.));
#1306=IFCAXIS2PLACEMENT3D(#1303,#1304,#1305);
#1307=IFCLOCALPLACEMENT(#79,#1306);
#1318=IFCPROPERTYSET('2Oe1Sg34r7sh2ZOUoN6$fo',$,'EPset_Parametric',$,(#1320));
#1319=IFCRELDEFINESBYPROPERTIES('24h9g293nCsRZHv4I7oBeT',$,$,$,(#1296),#1318);
#1320=IFCPROPERTYSINGLEVALUE('Engine',$,IFCLABEL('Bonsai.DumbLayer2'),$);
#1347=IFCRELCONNECTSPATHELEMENTS('3F2qdCV6n87RKyyuRI__pw',$,$,$,$,#1296,#1271,(),(),.ATEND.,.ATSTART.);
#1348=IFCCARTESIANPOINTLIST2D(((0.,0.),(0.09996344956248299,0.1),(2.9500007319216843,0.1),(2.9500007319216843,0.)));
#1349=IFCINDEXEDPOLYCURVE(#1348,(IFCLINEINDEX((1,2,3,4,1))),$);
#1350=IFCARBITRARYCLOSEDPROFILEDEF(.AREA.,$,#1349);
#1351=IFCCARTESIANPOINT((0.,0.,0.));
#1352=IFCDIRECTION((0.,0.,1.));
#1353=IFCDIRECTION((1.,0.,0.));
#1354=IFCAXIS2PLACEMENT3D(#1351,#1352,#1353);
#1355=IFCDIRECTION((0.,0.,1.));
#1356=IFCEXTRUDEDAREASOLID(#1350,#1354,#1355,3.);
#1357=IFCSHAPEREPRESENTATION(#11,'Body','SweptSolid',(#1356));
#1358=IFCCARTESIANPOINTLIST2D(((0.,0.),(2.9500007319216843,0.)));
#1359=IFCINDEXEDPOLYCURVE(#1358,$,$);
#1360=IFCSHAPEREPRESENTATION(#23,'Axis','Curve2D',(#1359));
#1361=IFCCARTESIANPOINTLIST2D(((0.,0.),(0.,0.1),(2.550036541499953,0.1),(2.649999991062436,0.)));
#1362=IFCINDEXEDPOLYCURVE(#1361,(IFCLINEINDEX((1,2,3,4,1))),$);
#1363=IFCARBITRARYCLOSEDPROFILEDEF(.AREA.,$,#1362);
#1364=IFCCARTESIANPOINT((0.,0.,0.));
#1365=IFCDIRECTION((0.,0.,1.));
#1366=IFCDIRECTION((1.,0.,0.));
#1367=IFCAXIS2PLACEMENT3D(#1364,#1365,#1366);
#1368=IFCDIRECTION((0.,0.,1.));
#1369=IFCEXTRUDEDAREASOLID(#1363,#1367,#1368,3.);
#1370=IFCSHAPEREPRESENTATION(#11,'Body','SweptSolid',(#1369));
#1371=IFCCARTESIANPOINTLIST2D(((0.,0.),(2.649999991062436,0.)));
#1372=IFCINDEXEDPOLYCURVE(#1371,$,$);
#1373=IFCSHAPEREPRESENTATION(#23,'Axis','Curve2D',(#1372));
#1374=IFCWALL('1mPMkpkGHCex_EtlUrFQss',$,'Wall',$,$,#1416,#1380,$,$);
#1375=IFCMATERIALLAYERSETUSAGE(#83,.AXIS2.,.POSITIVE.,0.,$);
#1376=IFCRELASSOCIATESMATERIAL('1csN6fjfn9sAUmqWSXjLDC',$,$,$,(#1374),#1375);
#1380=IFCPRODUCTDEFINITIONSHAPE($,$,(#2109,#2106));
#1396=IFCPROPERTYSET('3HWNswqMn7qwODgnOgsziG',$,'EPset_Parametric',$,(#1398));
#1397=IFCRELDEFINESBYPROPERTIES('0zUhxzpLf2auiuts7WapQ9',$,$,$,(#1374),#1396);
#1398=IFCPROPERTYSINGLEVALUE('Engine',$,IFCLABEL('Bonsai.DumbLayer2'),$);
#1412=IFCCARTESIANPOINT((-1.1753712892532349,2.625,0.));
#1413=IFCDIRECTION((0.,0.,1.));
#1414=IFCDIRECTION((1.9470718370939353E-07,0.9999999999999811,0.));
#1415=IFCAXIS2PLACEMENT3D(#1412,#1413,#1414);
#1416=IFCLOCALPLACEMENT(#79,#1415);
#1417=IFCRELCONNECTSPATHELEMENTS('0rkMUK8dP1neXaW5UQT5LV',$,$,$,$,#1374,#422,(),(),.ATPATH.,.ATEND.);
#1520=IFCWALL('3YA3wcUUL3CgIDM$qpbEUJ',$,'Wall',$,$,#2157,#1526,$,$);
#1521=IFCMATERIALLAYERSETUSAGE(#83,.AXIS2.,.POSITIVE.,0.,$);
#1522=IFCRELASSOCIATESMATERIAL('3tvdgaYB5EO8Qxa6ideDkV',$,$,$,(#1520),#1521);
#1526=IFCPRODUCTDEFINITIONSHAPE($,$,(#2152,#2149));
#1542=IFCPROPERTYSET('2Nv13XzOn8MAVfcEcbdUaI',$,'EPset_Parametric',$,(#1544));
#1543=IFCRELDEFINESBYPROPERTIES('1gNhhG3SbEahlykBPigER_',$,$,$,(#1520),#1542);
#1544=IFCPROPERTYSINGLEVALUE('Engine',$,IFCLABEL('Bonsai.DumbLayer2'),$);
#1545=IFCWALL('1SJxJXltTCBP8MwyesrRO2',$,'Wall',$,$,#1652,#1551,$,$);
#1546=IFCMATERIALLAYERSETUSAGE(#83,.AXIS2.,.POSITIVE.,0.,$);
#1547=IFCRELASSOCIATESMATERIAL('2F1PuGO0P3BxS7UKp7US1i',$,$,$,(#1545),#1546);
#1551=IFCPRODUCTDEFINITIONSHAPE($,$,(#2243,#2240));
#1567=IFCPROPERTYSET('1Oyait3mr1JAxCFm5bv3uz',$,'EPset_Parametric',$,(#1569));
#1568=IFCRELDEFINESBYPROPERTIES('3JfHa3VBjAKv3wufJ3MSfM',$,$,$,(#1545),#1567);
#1569=IFCPROPERTYSINGLEVALUE('Engine',$,IFCLABEL('Bonsai.DumbLayer2'),$);
#1634=IFCRELCONNECTSPATHELEMENTS('3DyN1c7LPDxvcKptS_wRXb',$,$,$,$,#1545,#1520,(),(),.ATEND.,.ATSTART.);
#1648=IFCCARTESIANPOINT((0.8002254962920925,6.516395857342816,0.));
#1649=IFCDIRECTION((0.,0.,1.));
#1650=IFCDIRECTION((7.549790126404312E-08,-0.9999999999999972,0.));
#1651=IFCAXIS2PLACEMENT3D(#1648,#1649,#1650);
#1652=IFCLOCALPLACEMENT(#79,#1651);
#1869=IFCWALL('1uD6Nm$vL4NxyOZOYwmga3',$,'Wall',$,$,#2023,#1875,$,$);
#1870=IFCMATERIALLAYERSETUSAGE(#83,.AXIS2.,.POSITIVE.,0.,$);
#1871=IFCRELASSOCIATESMATERIAL('06fMQdWtb1AhNnLjyru1Xn',$,$,$,(#1869),#1870);
#1875=IFCPRODUCTDEFINITIONSHAPE($,$,(#2082,#2079));
#1891=IFCPROPERTYSET('22mNUSgZH8BR_JYJS7vbRA',$,'EPset_Parametric',$,(#1893));
#1892=IFCRELDEFINESBYPROPERTIES('0ekRkV0y97_hhgGQm$l1fp',$,$,$,(#1869),#1891);
#1893=IFCPROPERTYSINGLEVALUE('Engine',$,IFCLABEL('Bonsai.DumbLayer2'),$);
#1894=IFCWALL('0O_T55S8HDlx4RY87AlXCT',$,'Wall',$,$,#2042,#1900,$,$);
#1895=IFCMATERIALLAYERSETUSAGE(#83,.AXIS2.,.POSITIVE.,0.,$);
#1896=IFCRELASSOCIATESMATERIAL('1eDv2AmWr6zgT8BGYXIQzM',$,$,$,(#1894),#1895);
#1900=IFCPRODUCTDEFINITIONSHAPE($,$,(#2096,#2093));
#1916=IFCPROPERTYSET('0WfJ8D3r1FiBs8Sl4Wu86e',$,'EPset_Parametric',$,(#1918));
#1917=IFCRELDEFINESBYPROPERTIES('3cUW8a9JT5NPCYL39BOEuE',$,$,$,(#1894),#1916);
#1918=IFCPROPERTYSINGLEVALUE('Engine',$,IFCLABEL('Bonsai.DumbLayer2'),$);
#2019=IFCCARTESIANPOINT((0.7852379083633423,4.922688961029053,0.));
#2020=IFCDIRECTION((0.,0.,1.));
#2021=IFCDIRECTION((1.9470718370939353E-07,-0.9999999999999811,0.));
#2022=IFCAXIS2PLACEMENT3D(#2019,#2020,#2021);
#2023=IFCLOCALPLACEMENT(#79,#2022);
#2038=IFCCARTESIANPOINT((0.7852381712180216,3.5726890563964284,0.));
#2039=IFCDIRECTION((0.,0.,1.));
#2040=IFCDIRECTION((-0.9999999999999243,3.8941436741876494E-07,0.));
#2041=IFCAXIS2PLACEMENT3D(#2038,#2039,#2040);
#2042=IFCLOCALPLACEMENT(#79,#2041);
#2056=IFCRELCONNECTSPATHELEMENTS('1D9tXmjhr63O_j25XU3T9d',$,$,$,$,#1894,#1869,(),(),.ATEND.,.ATSTART.);
#2070=IFCCARTESIANPOINTLIST2D(((0.,0.),(0.,0.1),(1.449999963044822,0.1),(1.3499999046326496,0.)));
#2071=IFCINDEXEDPOLYCURVE(#2070,(IFCLINEINDEX((1,2,3,4,1))),$);
#2072=IFCARBITRARYCLOSEDPROFILEDEF(.AREA.,$,#2071);
#2073=IFCCARTESIANPOINT((0.,0.,0.));
#2074=IFCDIRECTION((0.,0.,1.));
#2075=IFCDIRECTION((1.,0.,0.));
#2076=IFCAXIS2PLACEMENT3D(#2073,#2074,#2075);
#2077=IFCDIRECTION((0.,0.,1.));
#2078=IFCEXTRUDEDAREASOLID(#2072,#2076,#2077,3.);
#2079=IFCSHAPEREPRESENTATION(#11,'Body','SweptSolid',(#2078));
#2080=IFCCARTESIANPOINTLIST2D(((0.,0.),(1.3499999046326496,0.)));
#2081=IFCINDEXEDPOLYCURVE(#2080,$,$);
#2082=IFCSHAPEREPRESENTATION(#23,'Axis','Curve2D',(#2081));
#2083=IFCRELCONNECTSPATHELEMENTS('30KllqDwLBfgQnWDNff6Tl',$,$,$,$,#1894,#1374,(),(),.ATPATH.,.ATEND.);
#2084=IFCCARTESIANPOINTLIST2D(((0.,0.),(-0.10000005841217217,0.1),(1.9606092564786708,0.1),(1.9606092759493892,0.)));
#2085=IFCINDEXEDPOLYCURVE(#2084,(IFCLINEINDEX((1,2,3,4,1))),$);
#2086=IFCARBITRARYCLOSEDPROFILEDEF(.AREA.,$,#2085);
#2087=IFCCARTESIANPOINT((0.,0.,0.));
#2088=IFCDIRECTION((0.,0.,1.));
#2089=IFCDIRECTION((1.,0.,0.));
#2090=IFCAXIS2PLACEMENT3D(#2087,#2088,#2089);
#2091=IFCDIRECTION((0.,0.,1.));
#2092=IFCEXTRUDEDAREASOLID(#2086,#2090,#2091,3.);
#2093=IFCSHAPEREPRESENTATION(#11,'Body','SweptSolid',(#2092));
#2094=IFCCARTESIANPOINTLIST2D(((0.,0.),(1.9606092759493892,0.)));
#2095=IFCINDEXEDPOLYCURVE(#2094,$,$);
#2096=IFCSHAPEREPRESENTATION(#23,'Axis','Curve2D',(#2095));
#2097=IFCCARTESIANPOINTLIST2D(((0.,0.),(0.,0.1),(2.29999974554476,0.1),(2.2999997562732006,0.)));
#2098=IFCINDEXEDPOLYCURVE(#2097,(IFCLINEINDEX((1,2,3,4,1))),$);
#2099=IFCARBITRARYCLOSEDPROFILEDEF(.AREA.,$,#2098);
#2100=IFCCARTESIANPOINT((0.,0.,0.));
#2101=IFCDIRECTION((0.,0.,1.));
#2102=IFCDIRECTION((1.,0.,0.));
#2103=IFCAXIS2PLACEMENT3D(#2100,#2101,#2102);
#2104=IFCDIRECTION((0.,0.,1.));
#2105=IFCEXTRUDEDAREASOLID(#2099,#2103,#2104,3.);
#2106=IFCSHAPEREPRESENTATION(#11,'Body','SweptSolid',(#2105));
#2107=IFCCARTESIANPOINTLIST2D(((0.,0.),(2.399999756273201,0.)));
#2108=IFCINDEXEDPOLYCURVE(#2107,$,$);
#2109=IFCSHAPEREPRESENTATION(#23,'Axis','Curve2D',(#2108));
#2126=IFCRELCONNECTSPATHELEMENTS('0Sj7yy8WD5uhiMJvDYy1ee',$,$,$,$,#1116,#1520,(),(),.ATSTART.,.ATEND.);
#2127=IFCCARTESIANPOINTLIST2D(((0.,0.),(0.,0.1),(1.491394893725889,0.1),(1.5913948925334016,0.)));
#2128=IFCINDEXEDPOLYCURVE(#2127,(IFCLINEINDEX((1,2,3,4,1))),$);
#2129=IFCARBITRARYCLOSEDPROFILEDEF(.AREA.,$,#2128);
#2130=IFCCARTESIANPOINT((0.,0.,0.));
#2131=IFCDIRECTION((0.,0.,1.));
#2132=IFCDIRECTION((1.,0.,0.));
#2133=IFCAXIS2PLACEMENT3D(#2130,#2131,#2132);
#2134=IFCDIRECTION((0.,0.,1.));
#2135=IFCEXTRUDEDAREASOLID(#2129,#2133,#2134,3.);
#2136=IFCSHAPEREPRESENTATION(#11,'Body','SweptSolid',(#2135));
#2137=IFCCARTESIANPOINTLIST2D(((0.,0.),(1.5913948925334016,0.)));
#2138=IFCINDEXEDPOLYCURVE(#2137,$,$);
#2139=IFCSHAPEREPRESENTATION(#23,'Axis','Curve2D',(#2138));
#2140=IFCCARTESIANPOINTLIST2D(((0.,0.),(0.09999999880751248,0.1),(3.2999994839666345,0.1),(3.3999995002587036,0.)));
#2141=IFCINDEXEDPOLYCURVE(#2140,(IFCLINEINDEX((1,2,3,4,1))),$);
#2142=IFCARBITRARYCLOSEDPROFILEDEF(.AREA.,$,#2141);
#2143=IFCCARTESIANPOINT((0.,0.,0.));
#2144=IFCDIRECTION((0.,0.,1.));
#2145=IFCDIRECTION((1.,0.,0.));
#2146=IFCAXIS2PLACEMENT3D(#2143,#2144,#2145);
#2147=IFCDIRECTION((0.,0.,1.));
#2148=IFCEXTRUDEDAREASOLID(#2142,#2146,#2147,3.);
#2149=IFCSHAPEREPRESENTATION(#11,'Body','SweptSolid',(#2148));
#2150=IFCCARTESIANPOINTLIST2D(((0.,0.),(3.3999995002587036,0.)));
#2151=IFCINDEXEDPOLYCURVE(#2150,$,$);
#2152=IFCSHAPEREPRESENTATION(#23,'Axis','Curve2D',(#2151));
#2153=IFCCARTESIANPOINT((4.200224996550784,6.516395560105418,0.));
#2154=IFCDIRECTION((0.,0.,1.));
#2155=IFCDIRECTION((-0.9999999999999962,8.742277657347553E-08,0.));
#2156=IFCAXIS2PLACEMENT3D(#2153,#2154,#2155);
#2157=IFCLOCALPLACEMENT(#79,#2156);
#2158=IFCRELCONNECTSPATHELEMENTS('0_tYy$8nb9tgfFcnK8lXif',$,$,$,$,#422,#447,(),(),.ATSTART.,.ATEND.);
#2172=IFCCARTESIANPOINTLIST2D(((0.,0.),(0.10000001629206913,0.1),(2.5500001931039704,0.1),(2.5500001931039704,0.)));
#2173=IFCINDEXEDPOLYCURVE(#2172,(IFCLINEINDEX((1,2,3,4,1))),$);
#2174=IFCARBITRARYCLOSEDPROFILEDEF(.AREA.,$,#2173);
#2175=IFCCARTESIANPOINT((0.,0.,0.));
#2176=IFCDIRECTION((0.,0.,1.));
#2177=IFCDIRECTION((1.,0.,0.));
#2178=IFCAXIS2PLACEMENT3D(#2175,#2176,#2177);
#2179=IFCDIRECTION((0.,0.,1.));
#2180=IFCEXTRUDEDAREASOLID(#2174,#2178,#2179,3.);
#2181=IFCSHAPEREPRESENTATION(#11,'Body','SweptSolid',(#2180));
#2182=IFCCARTESIANPOINTLIST2D(((0.,0.),(2.5500001931039704,0.)));
#2183=IFCINDEXEDPOLYCURVE(#2182,$,$);
#2184=IFCSHAPEREPRESENTATION(#23,'Axis','Curve2D',(#2183));
#2199=IFCCARTESIANPOINT((0.8002256088893811,5.02499958356103,0.));
#2200=IFCDIRECTION((0.,0.,1.));
#2201=IFCDIRECTION((-0.9999999999999962,8.742277657347553E-08,0.));
#2202=IFCAXIS2PLACEMENT3D(#2199,#2200,#2201);
#2203=IFCLOCALPLACEMENT(#79,#2202);
#2217=IFCRELCONNECTSPATHELEMENTS('3LjR3TvBvEPOtuWtI4sxin',$,$,$,$,#422,#1545,(),(),.ATEND.,.ATSTART.);
#2218=IFCCARTESIANPOINTLIST2D(((0.,0.),(-0.10000001629206912,0.1),(3.450001479132991,0.1),(3.55000149542506,0.)));
#2219=IFCINDEXEDPOLYCURVE(#2218,(IFCLINEINDEX((1,2,3,4,1))),$);
#2220=IFCARBITRARYCLOSEDPROFILEDEF(.AREA.,$,#2219);
#2221=IFCCARTESIANPOINT((0.,0.,0.));
#2222=IFCDIRECTION((0.,0.,1.));
#2223=IFCDIRECTION((1.,0.,0.));
#2224=IFCAXIS2PLACEMENT3D(#2221,#2222,#2223);
#2225=IFCDIRECTION((0.,0.,1.));
#2226=IFCEXTRUDEDAREASOLID(#2220,#2224,#2225,3.);
#2227=IFCSHAPEREPRESENTATION(#11,'Body','SweptSolid',(#2226));
#2228=IFCCARTESIANPOINTLIST2D(((0.,0.),(3.55000149542506,0.)));
#2229=IFCINDEXEDPOLYCURVE(#2228,$,$);
#2230=IFCSHAPEREPRESENTATION(#23,'Axis','Curve2D',(#2229));
#2231=IFCCARTESIANPOINTLIST2D(((0.,0.),(0.10000001629206913,0.1),(1.591396290073858,0.1),(1.491396273781789,0.)));
#2232=IFCINDEXEDPOLYCURVE(#2231,(IFCLINEINDEX((1,2,3,4,1))),$);
#2233=IFCARBITRARYCLOSEDPROFILEDEF(.AREA.,$,#2232);
#2234=IFCCARTESIANPOINT((0.,0.,0.));
#2235=IFCDIRECTION((0.,0.,1.));
#2236=IFCDIRECTION((1.,0.,0.));
#2237=IFCAXIS2PLACEMENT3D(#2234,#2235,#2236);
#2238=IFCDIRECTION((0.,0.,1.));
#2239=IFCEXTRUDEDAREASOLID(#2233,#2237,#2238,3.);
#2240=IFCSHAPEREPRESENTATION(#11,'Body','SweptSolid',(#2239));
#2241=IFCCARTESIANPOINTLIST2D(((0.,0.),(1.491396273781789,0.)));
#2242=IFCINDEXEDPOLYCURVE(#2241,$,$);
#2243=IFCSHAPEREPRESENTATION(#23,'Axis','Curve2D',(#2242));
#2244=IFCRELCONNECTSPATHELEMENTS('1fy7AzRlj1Bf3yKfma5ioH',$,$,$,$,#773,#798,(),(),.ATSTART.,.ATEND.);
#2245=IFCCARTESIANPOINTLIST2D(((0.,0.),(-0.10000000437113893,0.1),(2.349999804894,0.1),(2.449999809265139,0.)));
#2246=IFCINDEXEDPOLYCURVE(#2245,(IFCLINEINDEX((1,2,3,4,1))),$);
#2247=IFCARBITRARYCLOSEDPROFILEDEF(.AREA.,$,#2246);
#2248=IFCCARTESIANPOINT((0.,0.,0.));
#2249=IFCDIRECTION((0.,0.,1.));
#2250=IFCDIRECTION((1.,0.,0.));
#2251=IFCAXIS2PLACEMENT3D(#2248,#2249,#2250);
#2252=IFCDIRECTION((0.,0.,1.));
#2253=IFCEXTRUDEDAREASOLID(#2247,#2251,#2252,3.);
#2254=IFCSHAPEREPRESENTATION(#11,'Body','SweptSolid',(#2253));
#2255=IFCCARTESIANPOINTLIST2D(((0.,0.),(2.449999809265139,0.)));
#2256=IFCINDEXEDPOLYCURVE(#2255,$,$);
#2257=IFCSHAPEREPRESENTATION(#23,'Axis','Curve2D',(#2256));
#2285=IFCCARTESIANPOINT((4.200224861304207,-2.5749998092651367,0.));
#2286=IFCDIRECTION((0.,0.,1.));
#2287=IFCDIRECTION((7.549790126404312E-08,0.9999999999999972,0.));
#2288=IFCAXIS2PLACEMENT3D(#2285,#2286,#2287);
#2289=IFCLOCALPLACEMENT(#79,#2288);
#2303=IFCRELCONNECTSPATHELEMENTS('2CYiUnEpj2hehWXGcDeRR0',$,$,$,$,#1041,#798,(),(),.ATEND.,.ATSTART.);
#2304=IFCCARTESIANPOINTLIST2D(((0.,0.),(0.09999999245021017,0.1),(2.600000333786011,0.1),(2.600000333786011,0.)));
#2305=IFCINDEXEDPOLYCURVE(#2304,(IFCLINEINDEX((1,2,3,4,1))),$);
#2306=IFCARBITRARYCLOSEDPROFILEDEF(.AREA.,$,#2305);
#2307=IFCCARTESIANPOINT((0.,0.,0.));
#2308=IFCDIRECTION((0.,0.,1.));
#2309=IFCDIRECTION((1.,0.,0.));
#2310=IFCAXIS2PLACEMENT3D(#2307,#2308,#2309);
#2311=IFCDIRECTION((0.,0.,1.));
#2312=IFCEXTRUDEDAREASOLID(#2306,#2310,#2311,3.);
#2313=IFCSHAPEREPRESENTATION(#11,'Body','SweptSolid',(#2312));
#2314=IFCCARTESIANPOINTLIST2D(((0.,0.),(2.600000333786011,0.)));
#2315=IFCINDEXEDPOLYCURVE(#2314,$,$);
#2316=IFCSHAPEREPRESENTATION(#23,'Axis','Curve2D',(#2315));
#2317=IFCCARTESIANPOINTLIST2D(((0.,0.),(0.10000000437113894,0.1),(3.900000099543091,0.1),(4.000000091993301,0.)));
#2318=IFCINDEXEDPOLYCURVE(#2317,(IFCLINEINDEX((1,2,3,4,1))),$);
#2319=IFCARBITRARYCLOSEDPROFILEDEF(.AREA.,$,#2318);
#2320=IFCCARTESIANPOINT((0.,0.,0.));
#2321=IFCDIRECTION((0.,0.,1.));
#2322=IFCDIRECTION((1.,0.,0.));
#2323=IFCAXIS2PLACEMENT3D(#2320,#2321,#2322);
#2324=IFCDIRECTION((0.,0.,1.));
#2325=IFCEXTRUDEDAREASOLID(#2319,#2323,#2324,3.);
#2326=IFCSHAPEREPRESENTATION(#11,'Body','SweptSolid',(#2325));
#2327=IFCCARTESIANPOINTLIST2D(((0.,0.),(4.000000091993301,0.)));
#2328=IFCINDEXEDPOLYCURVE(#2327,$,$);
#2329=IFCSHAPEREPRESENTATION(#23,'Axis','Curve2D',(#2328));
#2330=IFCSLABTYPE('2x_Zp$s7v2RgGg5u9XQNMc',$,'SLAB',$,$,(#2334),$,$,$,.FLOOR.);
#2331=IFCMATERIALLAYERSET((#2333),$,$);
#2332=IFCRELASSOCIATESMATERIAL('0KBfB3MMnChQaq2uZ9x5f0',$,$,$,(#2330),#2331);
#2333=IFCMATERIALLAYER(#82,0.1,$,$,$,$,$);
#2334=IFCPROPERTYSET('2JyWHfPl9ECfO3M017YUSi',$,'EPset_Parametric',$,(#2335));
#2335=IFCPROPERTYSINGLEVALUE('LayerSetDirection',$,IFCLABEL('AXIS3'),$);
#2336=IFCSLAB('1T5snJNCDF4QH78X6VPTB_',$,'Slab',$,$,#2344,#2351,$,$);
#2337=IFCRELDEFINESBYTYPE('1RsLjT_FHFewSMYkI2afRT',$,$,$,(#9577,#7622,#2336),#2330);
#2338=IFCMATERIALLAYERSETUSAGE(#2331,.AXIS3.,.POSITIVE.,-0.10000000149011612,$);
#2339=IFCRELASSOCIATESMATERIAL('0VXb7o5enDsetIGdlDrrUW',$,$,$,(#2336),#2338);
#2340=IFCCARTESIANPOINT((0.20022505521774292,-2.5749998092651367,0.));
#2341=IFCDIRECTION((0.,0.,1.));
#2342=IFCDIRECTION((1.,0.,0.));
#2343=IFCAXIS2PLACEMENT3D(#2340,#2341,#2342);
#2344=IFCLOCALPLACEMENT(#79,#2343);
#2345=IFCCARTESIANPOINTLIST2D(((0.,0.),(3.999999761581421,0.),(3.950000047683716,9.04139518737793),(0.6000002026557922,9.09139633178711),(0.5913760662078857,7.599749565124512),(-2.9500010013580322,7.599999904632568),(-2.950000047683716,2.4499998092651367),(-0.020098596811294556,2.450705051422119),(0.,0.)));
#2346=IFCINDEXEDPOLYCURVE(#2345,$,$);
#2347=IFCDIRECTION((0.,0.,1.));
#2348=IFCARBITRARYCLOSEDPROFILEDEF(.AREA.,$,#2346);
#2349=IFCEXTRUDEDAREASOLID(#2348,#2358,#2347,0.1);
#2350=IFCSHAPEREPRESENTATION(#11,'Body','SweptSolid',(#2349));
#2351=IFCPRODUCTDEFINITIONSHAPE($,$,(#2350));
#2352=IFCPROPERTYSET('27_K1Zvkn31vTbDEdVJYLi',$,'EPset_Parametric',$,(#2354));
#2353=IFCRELDEFINESBYPROPERTIES('0AuX4eC3PCsOeltZi66fxY',$,$,$,(#2336),#2352);
#2354=IFCPROPERTYSINGLEVALUE('Engine',$,IFCLABEL('Bonsai.DumbLayer3'),$);
#2355=IFCCARTESIANPOINT((-0.,-0.,-0.10000000149011612));
#2356=IFCDIRECTION((0.,0.,1.));
#2357=IFCDIRECTION((1.,0.,0.));
#2358=IFCAXIS2PLACEMENT3D(#2355,#2356,#2357);
#2467=IFCDOOR('35oomarZbAxv$7lWvi_m86',$,'Door',$,$,#5917,$,$,2.,0.8999999761581421,$,$,$);
#2491=IFCOPENINGELEMENT('0s0CkcqvrFIP3mw6LmDaB4',$,'Opening',$,$,#2541,#2519,$,.OPENING.);
#2497=IFCCARTESIANPOINTLIST2D(((0.,0.),(0.8999999761581421,0.),(0.8999999761581421,2.),(0.,2.)));
#2498=IFCINDEXEDPOLYCURVE(#2497,(IFCLINEINDEX((1,2,3,4,1))),$);
#2499=IFCARBITRARYCLOSEDPROFILEDEF(.AREA.,$,#2498);
#2500=IFCCARTESIANPOINT((0.,-0.6000000238418579,0.));
#2501=IFCDIRECTION((0.,-1.,0.));
#2502=IFCDIRECTION((1.,0.,0.));
#2503=IFCAXIS2PLACEMENT3D(#2500,#2501,#2502);
#2504=IFCDIRECTION((0.,0.,-1.));
#2505=IFCEXTRUDEDAREASOLID(#2499,#2503,#2504,1.2);
#2506=IFCSHAPEREPRESENTATION(#11,'Body','SweptSolid',(#2505));
#2507=IFCCARTESIANPOINT((0.,0.,0.));
#2508=IFCDIRECTION((1.,0.,0.));
#2509=IFCDIRECTION((0.,0.,1.));
#2510=IFCAXIS2PLACEMENT3D(#2507,#2509,#2508);
#2511=IFCREPRESENTATIONMAP(#2510,#2506);
#2512=IFCCARTESIANPOINT((0.,0.,0.));
#2513=IFCDIRECTION((1.,0.,0.));
#2514=IFCDIRECTION((0.,1.,0.));
#2515=IFCDIRECTION((0.,0.,1.));
#2516=IFCCARTESIANTRANSFORMATIONOPERATOR3D(#2513,#2514,#2512,1.,#2515);
#2517=IFCMAPPEDITEM(#2511,#2516);
#2518=IFCSHAPEREPRESENTATION(#11,'Body','MappedRepresentation',(#2517));
#2519=IFCPRODUCTDEFINITIONSHAPE($,$,(#2518));
#2520=IFCRELVOIDSELEMENT('1WN0T54JD5QwYaRgQ7TvnC',$,$,$,#798,#2491);
#2526=IFCRELFILLSELEMENT('0rnzR1r$rCexTUSKP0DJ6A',$,$,$,#2491,#2467);
#2537=IFCCARTESIANPOINT((0.2848801491690136,4.76837158203125E-07,0.));
#2538=IFCDIRECTION((0.,0.,1.));
#2539=IFCDIRECTION((0.9999999999999716,-2.3841857910155572E-07,0.));
#2540=IFCAXIS2PLACEMENT3D(#2537,#2538,#2539);
#2541=IFCLOCALPLACEMENT(#995,#2540);
#2547=IFCDOORTYPE('1Ug_90EMHE2hnZqTrPd4Ay',$,'GUEST-GF',$,$,(#2548),(#2550,#2558,#2636),$,$,.DOOR.,.SINGLE_SWING_LEFT.,$,$);
#2548=IFCPROPERTYSET('3pgKeBVZzFIQpOUi50X3cr',$,'BBIM_Door',$,(#2549));
#2549=IFCPROPERTYSINGLEVALUE('Data',$,IFCTEXT('{"door_type": "SINGLE_SWING_LEFT", "overall_height": 2.0, "overall_width": 0.8999999761581421, "lining_properties": {"lining_depth": 0.05000000074505806, "lining_thickness": 0.05000000074505806, "lining_offset": 0.0, "lining_to_panel_offset_x": 0.02500000037252903, "lining_to_panel_offset_y": 0.02500000037252903, "transom_thickness": 0.0, "casing_thickness": 0.07500000298023224, "casing_depth": 0.004999999888241291, "threshold_thickness": 0.02500000037252903, "threshold_depth": 0.10000000149011612, "threshold_offset": 0.0}, "panel_properties": {"panel_depth": 0.03500000014901161, "panel_width_ratio": 1.0}}'),$);
#2550=IFCREPRESENTATIONMAP(#2551,#2555);
#2551=IFCAXIS2PLACEMENT3D(#2552,#2553,#2554);
#2552=IFCCARTESIANPOINT((0.,0.,0.));
#2553=IFCDIRECTION((0.,0.,1.));
#2554=IFCDIRECTION((1.,0.,0.));
#2555=IFCSHAPEREPRESENTATION(#18,'Profile','Curve3D',(#2556));
#2556=IFCINDEXEDPOLYCURVE(#2557,(IFCLINEINDEX((1,2,3,4,1))),$);
#2557=IFCCARTESIANPOINTLIST3D(((0.,0.,0.),(0.8999999761581421,0.,0.),(0.8999999761581421,0.,2.),(0.,0.,2.)));
#2558=IFCREPRESENTATIONMAP(#2559,#2563);
#2559=IFCAXIS2PLACEMENT3D(#2560,#2561,#2562);
#2560=IFCCARTESIANPOINT((0.,0.,0.));
#2561=IFCDIRECTION((0.,0.,1.));
#2562=IFCDIRECTION((1.,0.,0.));
#2563=IFCSHAPEREPRESENTATION(#11,'Body','SweptSolid',(#2564,#2573,#2582,#2591,#2600,#2609,#2618,#2627));
#2564=IFCEXTRUDEDAREASOLID(#2565,#2568,#2572,0.02500000037252903);
#2565=IFCARBITRARYCLOSEDPROFILEDEF(.AREA.,$,#2566);
#2566=IFCINDEXEDPOLYCURVE(#2567,(IFCLINEINDEX((1,2,3,4,5,6,7,8,1))),$);
#2567=IFCCARTESIANPOINTLIST2D(((0.,0.),(0.,2.),(0.8999999761581421,2.),(0.8999999761581421,0.),(0.8749999757856131,0.),(0.8749999757856131,1.974999999627471),(0.02500000037252903,1.974999999627471),(0.02500000037252903,0.)));
#2568=IFCAXIS2PLACEMENT3D(#2569,#2570,#2571);
#2569=IFCCARTESIANPOINT((0.,0.02500000037252903,0.));
#2570=IFCDIRECTION((0.,-1.,0.));
#2571=IFCDIRECTION((1.,0.,0.));
#2572=IFCDIRECTION((0.,0.,-1.));
#2573=IFCEXTRUDEDAREASOLID(#2574,#2577,#2581,0.02500000037252903);
#2574=IFCARBITRARYCLOSEDPROFILEDEF(.AREA.,$,#2575);
#2575=IFCINDEXEDPOLYCURVE(#2576,(IFCLINEINDEX((1,2,3,4,5,6,7,8,1))),$);
#2576=IFCCARTESIANPOINTLIST2D(((0.,0.),(0.,2.),(0.8999999761581421,2.),(0.8999999761581421,0.),(0.849999975413084,0.),(0.849999975413084,1.949999999254942),(0.05000000074505806,1.949999999254942),(0.05000000074505806,0.)));
#2577=IFCAXIS2PLACEMENT3D(#2578,#2579,#2580);
#2578=IFCCARTESIANPOINT((0.,0.,0.));
#2579=IFCDIRECTION((0.,-1.,0.));
#2580=IFCDIRECTION((1.,0.,0.));
#2581=IFCDIRECTION((0.,0.,-1.));
#2582=IFCEXTRUDEDAREASOLID(#2583,#2586,#2590,1.949999999254942);
#2583=IFCARBITRARYCLOSEDPROFILEDEF(.AREA.,$,#2584);
#2584=IFCINDEXEDPOLYCURVE(#2585,(IFCLINEINDEX((1,2,3,4,1))),$);
#2585=IFCCARTESIANPOINTLIST2D(((0.,0.),(0.849999975413084,0.),(0.849999975413084,0.03500000014901161),(0.,0.03500000014901161)));
#2586=IFCAXIS2PLACEMENT3D(#2587,#2588,#2589);
#2587=IFCCARTESIANPOINT((0.02500000037252903,0.02500000037252903,0.02500000037252903));
#2588=IFCDIRECTION((0.,0.,1.));
#2589=IFCDIRECTION((1.,0.,0.));
#2590=IFCDIRECTION((0.,0.,1.));
#2591=IFCEXTRUDEDAREASOLID(#2592,#2595,#2599,0.02);
#2592=IFCARBITRARYCLOSEDPROFILEDEF(.AREA.,$,#2593);
#2593=IFCINDEXEDPOLYCURVE(#2594,(IFCLINEINDEX((1,2,3,4,5,6,1))),$);
#2594=IFCCARTESIANPOINTLIST2D(((0.,0.),(0.,-0.04),(-0.11999999999999988,-0.04),(-0.11999999999999988,-0.02),(-0.020000000000000018,-0.02),(-0.020000000000000018,0.)));
#2595=IFCAXIS2PLACEMENT3D(#2596,#2597,#2598);
#2596=IFCCARTESIANPOINT((0.824999975785613,0.02500000037252903,1.015000000372529));
#2597=IFCDIRECTION((0.,0.,1.));
#2598=IFCDIRECTION((1.,0.,0.));
#2599=IFCDIRECTION((0.,0.,1.));
#2600=IFCEXTRUDEDAREASOLID(#2601,#2604,#2608,0.02);
#2601=IFCARBITRARYCLOSEDPROFILEDEF(.AREA.,$,#2602);
#2602=IFCINDEXEDPOLYCURVE(#2603,(IFCLINEINDEX((1,2,3,4,5,6,1))),$);
#2603=IFCCARTESIANPOINTLIST2D(((0.,0.),(0.,0.04000000000000001),(-0.11999999999999988,0.04000000000000001),(-0.11999999999999988,0.020000000000000004),(-0.020000000000000018,0.020000000000000004),(-0.020000000000000018,0.)));
#2604=IFCAXIS2PLACEMENT3D(#2605,#2606,#2607);
#2605=IFCCARTESIANPOINT((0.824999975785613,0.06000000052154064,1.015000000372529));
#2606=IFCDIRECTION((0.,0.,1.));
#2607=IFCDIRECTION((1.,0.,0.));
#2608=IFCDIRECTION((0.,0.,1.));
#2609=IFCEXTRUDEDAREASOLID(#2610,#2613,#2617,0.02500000037252903);
#2610=IFCARBITRARYCLOSEDPROFILEDEF(.AREA.,$,#2611);
#2611=IFCINDEXEDPOLYCURVE(#2612,(IFCLINEINDEX((1,2,3,4,1))),$);
#2612=IFCCARTESIANPOINTLIST2D(((0.,0.),(0.799999974668026,0.),(0.799999974668026,0.10000000149011612),(0.,0.10000000149011612)));
#2613=IFCAXIS2PLACEMENT3D(#2614,#2615,#2616);
#2614=IFCCARTESIANPOINT((0.05000000074505806,0.,0.));
#2615=IFCDIRECTION((0.,0.,1.));
#2616=IFCDIRECTION((1.,0.,0.));
#2617=IFCDIRECTION((0.,0.,1.));
#2618=IFCEXTRUDEDAREASOLID(#2619,#2622,#2626,0.004999999888241291);
#2619=IFCARBITRARYCLOSEDPROFILEDEF(.AREA.,$,#2620);
#2620=IFCINDEXEDPOLYCURVE(#2621,(IFCLINEINDEX((1,2,3,4,5,6,7,8,1))),$);
#2621=IFCCARTESIANPOINTLIST2D(((0.,0.),(0.,2.025000002235174),(0.9499999806284904,2.025000002235174),(0.9499999806284904,0.),(0.8749999776482582,0.),(0.8749999776482582,1.949999999254942),(0.07500000298023224,1.949999999254942),(0.07500000298023224,0.)));
#2622=IFCAXIS2PLACEMENT3D(#2623,#2624,#2625);
#2623=IFCCARTESIANPOINT((-0.02500000223517418,-0.004999999888241291,0.));
#2624=IFCDIRECTION((0.,-1.,0.));
#2625=IFCDIRECTION((1.,0.,0.));
#2626=IFCDIRECTION((0.,0.,-1.));
#2627=IFCEXTRUDEDAREASOLID(#2628,#2631,#2635,0.004999999888241291);
#2628=IFCARBITRARYCLOSEDPROFILEDEF(.AREA.,$,#2629);
#2629=IFCINDEXEDPOLYCURVE(#2630,(IFCLINEINDEX((1,2,3,4,5,6,7,8,1))),$);
#2630=IFCCARTESIANPOINTLIST2D(((0.,0.),(0.,2.025000002235174),(0.9499999806284904,2.025000002235174),(0.9499999806284904,0.),(0.8999999780207872,0.),(0.8999999780207872,1.974999999627471),(0.05000000260770321,1.974999999627471),(0.05000000260770321,0.)));
#2631=IFCAXIS2PLACEMENT3D(#2632,#2633,#2634);
#2632=IFCCARTESIANPOINT((-0.02500000223517418,0.05000000074505806,0.));
#2633=IFCDIRECTION((0.,-1.,0.));
#2634=IFCDIRECTION((1.,0.,0.));
#2635=IFCDIRECTION((0.,0.,-1.));
#2636=IFCREPRESENTATIONMAP(#2637,#2641);
#2637=IFCAXIS2PLACEMENT3D(#2638,#2639,#2640);
#2638=IFCCARTESIANPOINT((0.,0.,0.));
#2639=IFCDIRECTION((0.,0.,1.));
#2640=IFCDIRECTION((1.,0.,0.));
#2641=IFCSHAPEREPRESENTATION(#24,'Body','Curve2D',(#2642,#2644,#2646,#2653));
#2642=IFCINDEXEDPOLYCURVE(#2643,(IFCLINEINDEX((1,2,3,4,5,6,1))),$);
#2643=IFCCARTESIANPOINTLIST2D(((0.,0.),(0.,0.05000000074505806),(0.02500000037252903,0.05000000074505806),(0.02500000037252903,0.02500000037252903),(0.05000000074505806,0.02500000037252903),(0.05000000074505806,0.)));
#2644=IFCINDEXEDPOLYCURVE(#2645,(IFCLINEINDEX((1,2,3,4,5,6,1))),$);
#2645=IFCCARTESIANPOINTLIST2D(((0.8999999761581421,0.),(0.8999999761581421,0.05000000074505806),(0.8749999757856131,0.05000000074505806),(0.8749999757856131,0.02500000037252903),(0.849999975413084,0.02500000037252903),(0.849999975413084,0.)));
#2646=IFCTRIMMEDCURVE(#2647,(#2651),(#2652),.T.,.CARTESIAN.);
#2647=IFCELLIPSE(#2648,0.8149999752640724,0.849999975413084);
#2648=IFCAXIS2PLACEMENT2D(#2649,#2650);
#2649=IFCCARTESIANPOINT((0.06000000052154064,0.05000000074505806));
#2650=IFCDIRECTION((1.,0.));
#2651=IFCCARTESIANPOINT((0.8749999757856131,0.05000000074505806));
#2652=IFCCARTESIANPOINT((0.06000000052154064,0.8999999761581421));
#2653=IFCINDEXEDPOLYCURVE(#2654,(IFCLINEINDEX((1,2,3,4,1))),$);
#2654=IFCCARTESIANPOINTLIST2D(((0.02500000037252903,0.05000000074505806),(0.06000000052154064,0.05000000074505806),(0.06000000052154064,0.8999999761581421),(0.02500000037252903,0.8999999761581421)));
#2655=IFCDOOR('3mAAJK5BX9twah40WuV21v',$,'Door',$,$,#2744,#2664,$,2.,0.8999999761581421,$,$,$);
#2656=IFCRELDEFINESBYTYPE('2Df1jmbkD7l9EI7pa1pIep',$,$,$,(#2655),#2547);
#2657=IFCCARTESIANPOINT((0.,0.,0.));
#2658=IFCDIRECTION((1.,0.,0.));
#2659=IFCDIRECTION((0.,1.,0.));
#2660=IFCDIRECTION((0.,0.,1.));
#2661=IFCCARTESIANTRANSFORMATIONOPERATOR3D(#2658,#2659,#2657,1.,#2660);
#2662=IFCMAPPEDITEM(#2550,#2661);
#2663=IFCSHAPEREPRESENTATION(#18,'Profile','MappedRepresentation',(#2662));
#2664=IFCPRODUCTDEFINITIONSHAPE($,$,(#2663,#2671,#2678));
#2665=IFCCARTESIANPOINT((0.,0.,0.));
#2666=IFCDIRECTION((1.,0.,0.));
#2667=IFCDIRECTION((0.,1.,0.));
#2668=IFCDIRECTION((0.,0.,1.));
#2669=IFCCARTESIANTRANSFORMATIONOPERATOR3D(#2666,#2667,#2665,1.,#2668);
#2670=IFCMAPPEDITEM(#2558,#2669);
#2671=IFCSHAPEREPRESENTATION(#11,'Body','MappedRepresentation',(#2670));
#2672=IFCCARTESIANPOINT((0.,0.,0.));
#2673=IFCDIRECTION((1.,0.,0.));
#2674=IFCDIRECTION((0.,1.,0.));
#2675=IFCDIRECTION((0.,0.,1.));
#2676=IFCCARTESIANTRANSFORMATIONOPERATOR3D(#2673,#2674,#2672,1.,#2675);
#2677=IFCMAPPEDITEM(#2636,#2676);
#2678=IFCSHAPEREPRESENTATION(#24,'Body','MappedRepresentation',(#2677));
#2679=IFCOPENINGELEMENT('29ObcsHQn9l8F6Bh7mg4oB',$,'Opening',$,$,#2729,#2707,$,.OPENING.);
#2685=IFCCARTESIANPOINTLIST2D(((0.,0.),(0.8999999761581421,0.),(0.8999999761581421,2.),(0.,2.)));
#2686=IFCINDEXEDPOLYCURVE(#2685,(IFCLINEINDEX((1,2,3,4,1))),$);
#2687=IFCARBITRARYCLOSEDPROFILEDEF(.AREA.,$,#2686);
#2688=IFCCARTESIANPOINT((0.,-0.6000000238418579,0.));
#2689=IFCDIRECTION((0.,-1.,0.));
#2690=IFCDIRECTION((1.,0.,0.));
#2691=IFCAXIS2PLACEMENT3D(#2688,#2689,#2690);
#2692=IFCDIRECTION((0.,0.,-1.));
#2693=IFCEXTRUDEDAREASOLID(#2687,#2691,#2692,1.2);
#2694=IFCSHAPEREPRESENTATION(#11,'Body','SweptSolid',(#2693));
#2695=IFCCARTESIANPOINT((0.,0.,0.));
#2696=IFCDIRECTION((1.,0.,0.));
#2697=IFCDIRECTION((0.,0.,1.));
#2698=IFCAXIS2PLACEMENT3D(#2695,#2697,#2696);
#2699=IFCREPRESENTATIONMAP(#2698,#2694);
#2700=IFCCARTESIANPOINT((0.,0.,0.));
#2701=IFCDIRECTION((1.,0.,0.));
#2702=IFCDIRECTION((0.,1.,0.));
#2703=IFCDIRECTION((0.,0.,1.));
#2704=IFCCARTESIANTRANSFORMATIONOPERATOR3D(#2701,#2702,#2700,1.,#2703);
#2705=IFCMAPPEDITEM(#2699,#2704);
#2706=IFCSHAPEREPRESENTATION(#11,'Body','MappedRepresentation',(#2705));
#2707=IFCPRODUCTDEFINITIONSHAPE($,$,(#2706));
#2708=IFCRELVOIDSELEMENT('1j28$gG7z9rPxE$4DxJyY0',$,$,$,#1271,#2679);
#2714=IFCRELFILLSELEMENT('3f4kSH4arAzAXIidfHixN0',$,$,$,#2679,#2655);
#2725=IFCCARTESIANPOINT((1.510049000382428,-5.2037592013221E-09,0.));
#2726=IFCDIRECTION((0.,0.,1.));
#2727=IFCDIRECTION((0.9999999999999715,-2.384185719961227E-07,0.));
#2728=IFCAXIS2PLACEMENT3D(#2725,#2726,#2727);
#2729=IFCLOCALPLACEMENT(#1282,#2728);
#2740=IFCCARTESIANPOINT((0.,0.,0.));
#2741=IFCDIRECTION((0.,0.,1.));
#2742=IFCDIRECTION((0.9999999999999999,5.293955920339377E-23,0.));
#2743=IFCAXIS2PLACEMENT3D(#2740,#2741,#2742);
#2744=IFCLOCALPLACEMENT(#2729,#2743);
#2745=IFCDOORTYPE('3LVllbYgD4pufrdPeagGtD',$,'CR-GF',$,$,$,$,$,$,.DOOR.,.NOTDEFINED.,$,$);
#2746=IFCRECTANGLEPROFILEDEF(.AREA.,'New Profile',$,0.5,0.5);
#2747=IFCMATERIALPROFILESET($,$,(#2749),$);
#2748=IFCRELASSOCIATESMATERIAL('0PQwoiPG1A3P$aTKcDdGaT',$,$,$,(#2745),#2747);
#2749=IFCMATERIALPROFILE($,$,#82,#2746,$,$);
#2884=IFCDOORTYPE('0qKPTAhljEGhUM75GyVAZs',$,'BATHROOM-GF',$,$,(#2885),(#2887,#2895,#2973),$,$,.DOOR.,.SINGLE_SWING_LEFT.,$,$);
#2885=IFCPROPERTYSET('2u2PNPDIH4vwa_M0gC7R9x',$,'BBIM_Door',$,(#2886));
#2886=IFCPROPERTYSINGLEVALUE('Data',$,IFCTEXT('{"door_type": "SINGLE_SWING_LEFT", "overall_height": 2.0, "overall_width": 0.8999999761581421, "lining_properties": {"lining_depth": 0.05000000074505806, "lining_thickness": 0.05000000074505806, "lining_offset": 0.0, "lining_to_panel_offset_x": 0.02500000037252903, "lining_to_panel_offset_y": 0.02500000037252903, "transom_thickness": 0.0, "casing_thickness": 0.07500000298023224, "casing_depth": 0.004999999888241291, "threshold_thickness": 0.02500000037252903, "threshold_depth": 0.10000000149011612, "threshold_offset": 0.0}, "panel_properties": {"panel_depth": 0.03500000014901161, "panel_width_ratio": 1.0}}'),$);
#2887=IFCREPRESENTATIONMAP(#2888,#2892);
#2888=IFCAXIS2PLACEMENT3D(#2889,#2890,#2891);
#2889=IFCCARTESIANPOINT((0.,0.,0.));
#2890=IFCDIRECTION((0.,0.,1.));
#2891=IFCDIRECTION((1.,0.,0.));
#2892=IFCSHAPEREPRESENTATION(#18,'Profile','Curve3D',(#2893));
#2893=IFCINDEXEDPOLYCURVE(#2894,(IFCLINEINDEX((1,2,3,4,1))),$);
#2894=IFCCARTESIANPOINTLIST3D(((0.,0.,0.),(0.8999999761581421,0.,0.),(0.8999999761581421,0.,2.),(0.,0.,2.)));
#2895=IFCREPRESENTATIONMAP(#2896,#2900);
#2896=IFCAXIS2PLACEMENT3D(#2897,#2898,#2899);
#2897=IFCCARTESIANPOINT((0.,0.,0.));
#2898=IFCDIRECTION((0.,0.,1.));
#2899=IFCDIRECTION((1.,0.,0.));
#2900=IFCSHAPEREPRESENTATION(#11,'Body','SweptSolid',(#2901,#2910,#2919,#2928,#2937,#2946,#2955,#2964));
#2901=IFCEXTRUDEDAREASOLID(#2902,#2905,#2909,0.02500000037252903);
#2902=IFCARBITRARYCLOSEDPROFILEDEF(.AREA.,$,#2903);
#2903=IFCINDEXEDPOLYCURVE(#2904,(IFCLINEINDEX((1,2,3,4,5,6,7,8,1))),$);
#2904=IFCCARTESIANPOINTLIST2D(((0.,0.),(0.,2.),(0.8999999761581421,2.),(0.8999999761581421,0.),(0.8749999757856131,0.),(0.8749999757856131,1.974999999627471),(0.02500000037252903,1.974999999627471),(0.02500000037252903,0.)));
#2905=IFCAXIS2PLACEMENT3D(#2906,#2907,#2908);
#2906=IFCCARTESIANPOINT((0.,0.02500000037252903,0.));
#2907=IFCDIRECTION((0.,-1.,0.));
#2908=IFCDIRECTION((1.,0.,0.));
#2909=IFCDIRECTION((0.,0.,-1.));
#2910=IFCEXTRUDEDAREASOLID(#2911,#2914,#2918,0.02500000037252903);
#2911=IFCARBITRARYCLOSEDPROFILEDEF(.AREA.,$,#2912);
#2912=IFCINDEXEDPOLYCURVE(#2913,(IFCLINEINDEX((1,2,3,4,5,6,7,8,1))),$);
#2913=IFCCARTESIANPOINTLIST2D(((0.,0.),(0.,2.),(0.8999999761581421,2.),(0.8999999761581421,0.),(0.849999975413084,0.),(0.849999975413084,1.949999999254942),(0.05000000074505806,1.949999999254942),(0.05000000074505806,0.)));
#2914=IFCAXIS2PLACEMENT3D(#2915,#2916,#2917);
#2915=IFCCARTESIANPOINT((0.,0.,0.));
#2916=IFCDIRECTION((0.,-1.,0.));
#2917=IFCDIRECTION((1.,0.,0.));
#2918=IFCDIRECTION((0.,0.,-1.));
#2919=IFCEXTRUDEDAREASOLID(#2920,#2923,#2927,1.949999999254942);
#2920=IFCARBITRARYCLOSEDPROFILEDEF(.AREA.,$,#2921);
#2921=IFCINDEXEDPOLYCURVE(#2922,(IFCLINEINDEX((1,2,3,4,1))),$);
#2922=IFCCARTESIANPOINTLIST2D(((0.,0.),(0.849999975413084,0.),(0.849999975413084,0.03500000014901161),(0.,0.03500000014901161)));
#2923=IFCAXIS2PLACEMENT3D(#2924,#2925,#2926);
#2924=IFCCARTESIANPOINT((0.02500000037252903,0.02500000037252903,0.02500000037252903));
#2925=IFCDIRECTION((0.,0.,1.));
#2926=IFCDIRECTION((1.,0.,0.));
#2927=IFCDIRECTION((0.,0.,1.));
#2928=IFCEXTRUDEDAREASOLID(#2929,#2932,#2936,0.02);
#2929=IFCARBITRARYCLOSEDPROFILEDEF(.AREA.,$,#2930);
#2930=IFCINDEXEDPOLYCURVE(#2931,(IFCLINEINDEX((1,2,3,4,5,6,1))),$);
#2931=IFCCARTESIANPOINTLIST2D(((0.,0.),(0.,-0.04),(-0.11999999999999988,-0.04),(-0.11999999999999988,-0.02),(-0.020000000000000018,-0.02),(-0.020000000000000018,0.)));
#2932=IFCAXIS2PLACEMENT3D(#2933,#2934,#2935);
#2933=IFCCARTESIANPOINT((0.824999975785613,0.02500000037252903,1.015000000372529));
#2934=IFCDIRECTION((0.,0.,1.));
#2935=IFCDIRECTION((1.,0.,0.));
#2936=IFCDIRECTION((0.,0.,1.));
#2937=IFCEXTRUDEDAREASOLID(#2938,#2941,#2945,0.02);
#2938=IFCARBITRARYCLOSEDPROFILEDEF(.AREA.,$,#2939);
#2939=IFCINDEXEDPOLYCURVE(#2940,(IFCLINEINDEX((1,2,3,4,5,6,1))),$);
#2940=IFCCARTESIANPOINTLIST2D(((0.,0.),(0.,0.04000000000000001),(-0.11999999999999988,0.04000000000000001),(-0.11999999999999988,0.020000000000000004),(-0.020000000000000018,0.020000000000000004),(-0.020000000000000018,0.)));
#2941=IFCAXIS2PLACEMENT3D(#2942,#2943,#2944);
#2942=IFCCARTESIANPOINT((0.824999975785613,0.06000000052154064,1.015000000372529));
#2943=IFCDIRECTION((0.,0.,1.));
#2944=IFCDIRECTION((1.,0.,0.));
#2945=IFCDIRECTION((0.,0.,1.));
#2946=IFCEXTRUDEDAREASOLID(#2947,#2950,#2954,0.02500000037252903);
#2947=IFCARBITRARYCLOSEDPROFILEDEF(.AREA.,$,#2948);
#2948=IFCINDEXEDPOLYCURVE(#2949,(IFCLINEINDEX((1,2,3,4,1))),$);
#2949=IFCCARTESIANPOINTLIST2D(((0.,0.),(0.799999974668026,0.),(0.799999974668026,0.10000000149011612),(0.,0.10000000149011612)));
#2950=IFCAXIS2PLACEMENT3D(#2951,#2952,#2953);
#2951=IFCCARTESIANPOINT((0.05000000074505806,0.,0.));
#2952=IFCDIRECTION((0.,0.,1.));
#2953=IFCDIRECTION((1.,0.,0.));
#2954=IFCDIRECTION((0.,0.,1.));
#2955=IFCEXTRUDEDAREASOLID(#2956,#2959,#2963,0.004999999888241291);
#2956=IFCARBITRARYCLOSEDPROFILEDEF(.AREA.,$,#2957);
#2957=IFCINDEXEDPOLYCURVE(#2958,(IFCLINEINDEX((1,2,3,4,5,6,7,8,1))),$);
#2958=IFCCARTESIANPOINTLIST2D(((0.,0.),(0.,2.025000002235174),(0.9499999806284904,2.025000002235174),(0.9499999806284904,0.),(0.8749999776482582,0.),(0.8749999776482582,1.949999999254942),(0.07500000298023224,1.949999999254942),(0.07500000298023224,0.)));
#2959=IFCAXIS2PLACEMENT3D(#2960,#2961,#2962);
#2960=IFCCARTESIANPOINT((-0.02500000223517418,-0.004999999888241291,0.));
#2961=IFCDIRECTION((0.,-1.,0.));
#2962=IFCDIRECTION((1.,0.,0.));
#2963=IFCDIRECTION((0.,0.,-1.));
#2964=IFCEXTRUDEDAREASOLID(#2965,#2968,#2972,0.004999999888241291);
#2965=IFCARBITRARYCLOSEDPROFILEDEF(.AREA.,$,#2966);
#2966=IFCINDEXEDPOLYCURVE(#2967,(IFCLINEINDEX((1,2,3,4,5,6,7,8,1))),$);
#2967=IFCCARTESIANPOINTLIST2D(((0.,0.),(0.,2.025000002235174),(0.9499999806284904,2.025000002235174),(0.9499999806284904,0.),(0.8999999780207872,0.),(0.8999999780207872,1.974999999627471),(0.05000000260770321,1.974999999627471),(0.05000000260770321,0.)));
#2968=IFCAXIS2PLACEMENT3D(#2969,#2970,#2971);
#2969=IFCCARTESIANPOINT((-0.02500000223517418,0.05000000074505806,0.));
#2970=IFCDIRECTION((0.,-1.,0.));
#2971=IFCDIRECTION((1.,0.,0.));
#2972=IFCDIRECTION((0.,0.,-1.));
#2973=IFCREPRESENTATIONMAP(#2974,#2978);
#2974=IFCAXIS2PLACEMENT3D(#2975,#2976,#2977);
#2975=IFCCARTESIANPOINT((0.,0.,0.));
#2976=IFCDIRECTION((0.,0.,1.));
#2977=IFCDIRECTION((1.,0.,0.));
#2978=IFCSHAPEREPRESENTATION(#24,'Body','Curve2D',(#2979,#2981,#2983,#2990));
#2979=IFCINDEXEDPOLYCURVE(#2980,(IFCLINEINDEX((1,2,3,4,5,6,1))),$);
#2980=IFCCARTESIANPOINTLIST2D(((0.,0.),(0.,0.05000000074505806),(0.02500000037252903,0.05000000074505806),(0.02500000037252903,0.02500000037252903),(0.05000000074505806,0.02500000037252903),(0.05000000074505806,0.)));
#2981=IFCINDEXEDPOLYCURVE(#2982,(IFCLINEINDEX((1,2,3,4,5,6,1))),$);
#2982=IFCCARTESIANPOINTLIST2D(((0.8999999761581421,0.),(0.8999999761581421,0.05000000074505806),(0.8749999757856131,0.05000000074505806),(0.8749999757856131,0.02500000037252903),(0.849999975413084,0.02500000037252903),(0.849999975413084,0.)));
#2983=IFCTRIMMEDCURVE(#2984,(#2988),(#2989),.T.,.CARTESIAN.);
#2984=IFCELLIPSE(#2985,0.8149999752640724,0.849999975413084);
#2985=IFCAXIS2PLACEMENT2D(#2986,#2987);
#2986=IFCCARTESIANPOINT((0.06000000052154064,0.05000000074505806));
#2987=IFCDIRECTION((1.,0.));
#2988=IFCCARTESIANPOINT((0.8749999757856131,0.05000000074505806));
#2989=IFCCARTESIANPOINT((0.06000000052154064,0.8999999761581421));
#2990=IFCINDEXEDPOLYCURVE(#2991,(IFCLINEINDEX((1,2,3,4,1))),$);
#2991=IFCCARTESIANPOINTLIST2D(((0.02500000037252903,0.05000000074505806),(0.06000000052154064,0.05000000074505806),(0.06000000052154064,0.8999999761581421),(0.02500000037252903,0.8999999761581421)));
#3152=IFCDOORTYPE('1G2ehVt5165h0Zo6SRtupz',$,'MAID''S-GF',$,$,$,(#3155,#3163,#3241),$,$,.DOOR.,.SINGLE_SWING_LEFT.,$,$);
#3155=IFCREPRESENTATIONMAP(#3156,#3653);
#3156=IFCAXIS2PLACEMENT3D(#3157,#3158,#3159);
#3157=IFCCARTESIANPOINT((0.,0.,0.));
#3158=IFCDIRECTION((0.,0.,1.));
#3159=IFCDIRECTION((1.,0.,0.));
#3163=IFCREPRESENTATIONMAP(#3164,#3726);
#3164=IFCAXIS2PLACEMENT3D(#3165,#3166,#3167);
#3165=IFCCARTESIANPOINT((0.,0.,0.));
#3166=IFCDIRECTION((0.,0.,1.));
#3167=IFCDIRECTION((1.,0.,0.));
#3241=IFCREPRESENTATIONMAP(#3242,#3740);
#3242=IFCAXIS2PLACEMENT3D(#3243,#3244,#3245);
#3243=IFCCARTESIANPOINT((0.,0.,0.));
#3244=IFCDIRECTION((0.,0.,1.));
#3245=IFCDIRECTION((1.,0.,0.));
#3369=IFCDOOR('0d0oGKtgH8vxgBDdRTfO88',$,'Door',$,$,#5922,#3378,$,2.,0.8999999761581421,$,$,$);
#3370=IFCRELDEFINESBYTYPE('0y1_4SaV9A5AUjbQL6iNxS',$,$,$,(#8952,#3369),#2884);
#3371=IFCCARTESIANPOINT((0.,0.,0.));
#3372=IFCDIRECTION((1.,0.,0.));
#3373=IFCDIRECTION((0.,1.,0.));
#3374=IFCDIRECTION((0.,0.,1.));
#3375=IFCCARTESIANTRANSFORMATIONOPERATOR3D(#3372,#3373,#3371,1.,#3374);
#3376=IFCMAPPEDITEM(#2887,#3375);
#3377=IFCSHAPEREPRESENTATION(#18,'Profile','MappedRepresentation',(#3376));
#3378=IFCPRODUCTDEFINITIONSHAPE($,$,(#3377,#3385,#3392));
#3379=IFCCARTESIANPOINT((0.,0.,0.));
#3380=IFCDIRECTION((1.,0.,0.));
#3381=IFCDIRECTION((0.,1.,0.));
#3382=IFCDIRECTION((0.,0.,1.));
#3383=IFCCARTESIANTRANSFORMATIONOPERATOR3D(#3380,#3381,#3379,1.,#3382);
#3384=IFCMAPPEDITEM(#2895,#3383);
#3385=IFCSHAPEREPRESENTATION(#11,'Body','MappedRepresentation',(#3384));
#3386=IFCCARTESIANPOINT((0.,0.,0.));
#3387=IFCDIRECTION((1.,0.,0.));
#3388=IFCDIRECTION((0.,1.,0.));
#3389=IFCDIRECTION((0.,0.,1.));
#3390=IFCCARTESIANTRANSFORMATIONOPERATOR3D(#3387,#3388,#3386,1.,#3389);
#3391=IFCMAPPEDITEM(#2973,#3390);
#3392=IFCSHAPEREPRESENTATION(#24,'Body','MappedRepresentation',(#3391));
#3393=IFCOPENINGELEMENT('33VzZNvP98PvC9B3ZFXOPD',$,'Opening',$,$,#3443,#3421,$,.OPENING.);
#3399=IFCCARTESIANPOINTLIST2D(((0.,0.),(0.8999999761581421,0.),(0.8999999761581421,2.),(0.,2.)));
#3400=IFCINDEXEDPOLYCURVE(#3399,(IFCLINEINDEX((1,2,3,4,1))),$);
#3401=IFCARBITRARYCLOSEDPROFILEDEF(.AREA.,$,#3400);
#3402=IFCCARTESIANPOINT((0.,-0.6000000238418579,0.));
#3403=IFCDIRECTION((0.,-1.,0.));
#3404=IFCDIRECTION((1.,0.,0.));
#3405=IFCAXIS2PLACEMENT3D(#3402,#3403,#3404);
#3406=IFCDIRECTION((0.,0.,-1.));
#3407=IFCEXTRUDEDAREASOLID(#3401,#3405,#3406,1.2);
#3408=IFCSHAPEREPRESENTATION(#11,'Body','SweptSolid',(#3407));
#3409=IFCCARTESIANPOINT((0.,0.,0.));
#3410=IFCDIRECTION((1.,0.,0.));
#3411=IFCDIRECTION((0.,0.,1.));
#3412=IFCAXIS2PLACEMENT3D(#3409,#3411,#3410);
#3413=IFCREPRESENTATIONMAP(#3412,#3408);
#3414=IFCCARTESIANPOINT((0.,0.,0.));
#3415=IFCDIRECTION((1.,0.,0.));
#3416=IFCDIRECTION((0.,1.,0.));
#3417=IFCDIRECTION((0.,0.,1.));
#3418=IFCCARTESIANTRANSFORMATIONOPERATOR3D(#3415,#3416,#3414,1.,#3417);
#3419=IFCMAPPEDITEM(#3413,#3418);
#3420=IFCSHAPEREPRESENTATION(#11,'Body','MappedRepresentation',(#3419));
#3421=IFCPRODUCTDEFINITIONSHAPE($,$,(#3420));
#3422=IFCRELVOIDSELEMENT('2Ub3HALzX17QWcWiZZo0RV',$,$,$,#1374,#3393);
#3428=IFCRELFILLSELEMENT('2SFmRG6xzAff7kmtCb8fbl',$,$,$,#3393,#3369);
#3439=IFCCARTESIANPOINT((0.03691959381098808,2.456070893330775E-07,0.));
#3440=IFCDIRECTION((0.,0.,1.));
#3441=IFCDIRECTION((0.9999999999999929,-1.1920928955077312E-07,0.));
#3442=IFCAXIS2PLACEMENT3D(#3439,#3440,#3441);
#3443=IFCLOCALPLACEMENT(#1416,#3442);
#3449=IFCDOOR('2Y7glAAr59lu9FfBmHWeVo',$,'Door',$,$,#5927,#3458,$,2.,1.320447564125061,$,.SINGLE_SWING_LEFT.,$);
#3450=IFCRELDEFINESBYTYPE('3N_bPciUP7ewgIFdKEQAbi',$,$,$,(#3449),#3152);
#3451=IFCCARTESIANPOINT((0.,0.,0.));
#3452=IFCDIRECTION((1.,0.,0.));
#3453=IFCDIRECTION((0.,1.,0.));
#3454=IFCDIRECTION((0.,0.,1.));
#3455=IFCCARTESIANTRANSFORMATIONOPERATOR3D(#3452,#3453,#3451,1.,#3454);
#3456=IFCMAPPEDITEM(#3155,#3455);
#3457=IFCSHAPEREPRESENTATION(#18,'Profile','MappedRepresentation',(#3456));
#3458=IFCPRODUCTDEFINITIONSHAPE($,$,(#3457,#3465,#3472));
#3459=IFCCARTESIANPOINT((0.,0.,0.));
#3460=IFCDIRECTION((1.,0.,0.));
#3461=IFCDIRECTION((0.,1.,0.));
#3462=IFCDIRECTION((0.,0.,1.));
#3463=IFCCARTESIANTRANSFORMATIONOPERATOR3D(#3460,#3461,#3459,1.,#3462);
#3464=IFCMAPPEDITEM(#3163,#3463);
#3465=IFCSHAPEREPRESENTATION(#11,'Body','MappedRepresentation',(#3464));
#3466=IFCCARTESIANPOINT((0.,0.,0.));
#3467=IFCDIRECTION((1.,0.,0.));
#3468=IFCDIRECTION((0.,1.,0.));
#3469=IFCDIRECTION((0.,0.,1.));
#3470=IFCCARTESIANTRANSFORMATIONOPERATOR3D(#3467,#3468,#3466,1.,#3469);
#3471=IFCMAPPEDITEM(#3241,#3470);
#3472=IFCSHAPEREPRESENTATION(#24,'Body','MappedRepresentation',(#3471));
#3473=IFCOPENINGELEMENT('0FHAu4enjBPBXM8dsDwVbi',$,'Opening',$,$,#3790,#3501,$,.OPENING.);
#3489=IFCCARTESIANPOINT((0.,0.,0.));
#3490=IFCDIRECTION((1.,0.,0.));
#3491=IFCDIRECTION((0.,0.,1.));
#3492=IFCAXIS2PLACEMENT3D(#3489,#3491,#3490);
#3493=IFCREPRESENTATIONMAP(#3492,#3750);
#3494=IFCCARTESIANPOINT((0.,0.,0.));
#3495=IFCDIRECTION((1.,0.,0.));
#3496=IFCDIRECTION((0.,1.,0.));
#3497=IFCDIRECTION((0.,0.,1.));
#3498=IFCCARTESIANTRANSFORMATIONOPERATOR3D(#3495,#3496,#3494,1.,#3497);
#3499=IFCMAPPEDITEM(#3493,#3498);
#3500=IFCSHAPEREPRESENTATION(#11,'Body','MappedRepresentation',(#3499));
#3501=IFCPRODUCTDEFINITIONSHAPE($,$,(#3500));
#3502=IFCRELVOIDSELEMENT('2h9JEu_Jv3lR$zwFs3A0vE',$,$,$,#1894,#3473);
#3508=IFCRELFILLSELEMENT('2hLEO9kUzERPYhi9Cwsdk9',$,$,$,#3473,#3449);
#3514=IFCPROPERTYSET('2tjKS8hWXAkhpdlW2lXHUI',$,'BBIM_Door',$,(#3516));
#3515=IFCRELDEFINESBYPROPERTIES('07v4O7eMfBshz78qDj_yNw',$,$,$,(#3449),#3514);
#3516=IFCPROPERTYSINGLEVALUE('Data',$,IFCTEXT('{"door_type": "SINGLE_SWING_LEFT", "overall_height": 2.0, "overall_width": 1.320447564125061, "lining_properties": {"lining_depth": 0.05000000074505806, "lining_thickness": 0.05000000074505806, "lining_offset": 0.0, "lining_to_panel_offset_x": 0.02500000037252903, "lining_to_panel_offset_y": 0.02500000037252903, "transom_thickness": 0.0, "casing_thickness": 0.07500000298023224, "casing_depth": 0.004999999888241291, "threshold_thickness": 0.02500000037252903, "threshold_depth": 0.10000000149011612, "threshold_offset": 0.0}, "panel_properties": {"panel_depth": 0.03500000014901161, "panel_width_ratio": 1.0}}'),$);
#3520=IFCCARTESIANPOINTLIST2D(((0.,0.),(0.,2.),(0.8999999761581421,2.),(0.8999999761581421,0.),(0.8749999757856131,0.),(0.8749999757856131,1.974999999627471),(0.02500000037252903,1.974999999627471),(0.02500000037252903,0.)));
#3521=IFCINDEXEDPOLYCURVE(#3520,(IFCLINEINDEX((1,2,3,4,5,6,7,8,1))),$);
#3522=IFCARBITRARYCLOSEDPROFILEDEF(.AREA.,$,#3521);
#3523=IFCCARTESIANPOINT((0.,0.02500000037252903,0.));
#3524=IFCDIRECTION((0.,-1.,0.));
#3525=IFCDIRECTION((1.,0.,0.));
#3526=IFCAXIS2PLACEMENT3D(#3523,#3524,#3525);
#3527=IFCDIRECTION((0.,0.,-1.));
#3528=IFCEXTRUDEDAREASOLID(#3522,#3526,#3527,0.02500000037252903);
#3529=IFCCARTESIANPOINTLIST2D(((0.,0.),(0.,2.),(0.8999999761581421,2.),(0.8999999761581421,0.),(0.849999975413084,0.),(0.849999975413084,1.949999999254942),(0.05000000074505806,1.949999999254942),(0.05000000074505806,0.)));
#3530=IFCINDEXEDPOLYCURVE(#3529,(IFCLINEINDEX((1,2,3,4,5,6,7,8,1))),$);
#3531=IFCARBITRARYCLOSEDPROFILEDEF(.AREA.,$,#3530);
#3532=IFCCARTESIANPOINT((0.,0.,0.));
#3533=IFCDIRECTION((0.,-1.,0.));
#3534=IFCDIRECTION((1.,0.,0.));
#3535=IFCAXIS2PLACEMENT3D(#3532,#3533,#3534);
#3536=IFCDIRECTION((0.,0.,-1.));
#3537=IFCEXTRUDEDAREASOLID(#3531,#3535,#3536,0.02500000037252903);
#3538=IFCCARTESIANPOINTLIST2D(((0.,0.),(0.799999974668026,0.),(0.799999974668026,0.10000000149011612),(0.,0.10000000149011612)));
#3539=IFCINDEXEDPOLYCURVE(#3538,(IFCLINEINDEX((1,2,3,4,1))),$);
#3540=IFCARBITRARYCLOSEDPROFILEDEF(.AREA.,$,#3539);
#3541=IFCCARTESIANPOINT((0.05000000074505806,0.,0.));
#3542=IFCDIRECTION((0.,0.,1.));
#3543=IFCDIRECTION((1.,0.,0.));
#3544=IFCAXIS2PLACEMENT3D(#3541,#3542,#3543);
#3545=IFCDIRECTION((0.,0.,1.));
#3546=IFCEXTRUDEDAREASOLID(#3540,#3544,#3545,0.02500000037252903);
#3547=IFCCARTESIANPOINTLIST2D(((0.,0.),(0.,2.025000002235174),(0.9499999806284904,2.025000002235174),(0.9499999806284904,0.),(0.8749999776482582,0.),(0.8749999776482582,1.949999999254942),(0.07500000298023224,1.949999999254942),(0.07500000298023224,0.)));
#3548=IFCINDEXEDPOLYCURVE(#3547,(IFCLINEINDEX((1,2,3,4,5,6,7,8,1))),$);
#3549=IFCARBITRARYCLOSEDPROFILEDEF(.AREA.,$,#3548);
#3550=IFCCARTESIANPOINT((-0.02500000223517418,-0.004999999888241291,0.));
#3551=IFCDIRECTION((0.,-1.,0.));
#3552=IFCDIRECTION((1.,0.,0.));
#3553=IFCAXIS2PLACEMENT3D(#3550,#3551,#3552);
#3554=IFCDIRECTION((0.,0.,-1.));
#3555=IFCEXTRUDEDAREASOLID(#3549,#3553,#3554,0.004999999888241291);
#3556=IFCCARTESIANPOINTLIST2D(((0.,0.),(0.,2.025000002235174),(0.9499999806284904,2.025000002235174),(0.9499999806284904,0.),(0.8999999780207872,0.),(0.8999999780207872,1.974999999627471),(0.05000000260770321,1.974999999627471),(0.05000000260770321,0.)));
#3557=IFCINDEXEDPOLYCURVE(#3556,(IFCLINEINDEX((1,2,3,4,5,6,7,8,1))),$);
#3558=IFCARBITRARYCLOSEDPROFILEDEF(.AREA.,$,#3557);
#3559=IFCCARTESIANPOINT((-0.02500000223517418,0.05000000074505806,0.));
#3560=IFCDIRECTION((0.,-1.,0.));
#3561=IFCDIRECTION((1.,0.,0.));
#3562=IFCAXIS2PLACEMENT3D(#3559,#3560,#3561);
#3563=IFCDIRECTION((0.,0.,-1.));
#3564=IFCEXTRUDEDAREASOLID(#3558,#3562,#3563,0.004999999888241291);
#3565=IFCCARTESIANPOINTLIST2D(((0.,0.),(0.849999975413084,0.),(0.849999975413084,0.03500000014901161),(0.,0.03500000014901161)));
#3566=IFCINDEXEDPOLYCURVE(#3565,(IFCLINEINDEX((1,2,3,4,1))),$);
#3567=IFCARBITRARYCLOSEDPROFILEDEF(.AREA.,$,#3566);
#3568=IFCCARTESIANPOINT((0.02500000037252903,0.02500000037252903,0.02500000037252903));
#3569=IFCDIRECTION((0.,0.,1.));
#3570=IFCDIRECTION((1.,0.,0.));
#3571=IFCAXIS2PLACEMENT3D(#3568,#3569,#3570);
#3572=IFCDIRECTION((0.,0.,1.));
#3573=IFCEXTRUDEDAREASOLID(#3567,#3571,#3572,1.949999999254942);
#3574=IFCCARTESIANPOINTLIST2D(((0.,0.),(0.,-0.04),(-0.11999999999999988,-0.04),(-0.11999999999999988,-0.02),(-0.020000000000000018,-0.02),(-0.020000000000000018,0.)));
#3575=IFCINDEXEDPOLYCURVE(#3574,(IFCLINEINDEX((1,2,3,4,5,6,1))),$);
#3576=IFCARBITRARYCLOSEDPROFILEDEF(.AREA.,$,#3575);
#3577=IFCCARTESIANPOINT((0.824999975785613,0.02500000037252903,1.015000000372529));
#3578=IFCDIRECTION((0.,0.,1.));
#3579=IFCDIRECTION((1.,0.,0.));
#3580=IFCAXIS2PLACEMENT3D(#3577,#3578,#3579);
#3581=IFCDIRECTION((0.,0.,1.));
#3582=IFCEXTRUDEDAREASOLID(#3576,#3580,#3581,0.02);
#3583=IFCEXTRUDEDAREASOLID(#3584,#3587,#3591,0.02);
#3584=IFCARBITRARYCLOSEDPROFILEDEF(.AREA.,$,#3585);
#3585=IFCINDEXEDPOLYCURVE(#3586,(IFCLINEINDEX((1,2,3,4,5,6,1))),$);
#3586=IFCCARTESIANPOINTLIST2D(((0.,0.),(0.,0.04000000000000001),(-0.11999999999999988,0.04000000000000001),(-0.11999999999999988,0.020000000000000004),(-0.020000000000000018,0.020000000000000004),(-0.020000000000000018,0.)));
#3587=IFCAXIS2PLACEMENT3D(#3588,#3589,#3590);
#3588=IFCCARTESIANPOINT((0.824999975785613,0.06000000052154064,1.015000000372529));
#3589=IFCDIRECTION((0.,0.,1.));
#3590=IFCDIRECTION((1.,0.,0.));
#3591=IFCDIRECTION((0.,0.,1.));
#3593=IFCSHAPEREPRESENTATION(#11,'Body','SweptSolid',(#3546,#3671,#3564,#3537,#3662,#3698,#3555,#3528,#3680,#3689));
#3594=IFCSHAPEASPECT((#3593),'Lining',$,.T.,#3458);
#3595=IFCSHAPEREPRESENTATION(#11,'Body','SweptSolid',(#3717,#3582,#3707,#3583,#3573,#3716));
#3596=IFCSHAPEASPECT((#3595),'Framing',$,.T.,#3458);
#3651=IFCCARTESIANPOINTLIST3D(((0.,0.,0.),(1.320447564125061,0.,0.),(1.320447564125061,0.,2.),(0.,0.,2.)));
#3652=IFCINDEXEDPOLYCURVE(#3651,(IFCLINEINDEX((1,2,3,4,1))),$);
#3653=IFCSHAPEREPRESENTATION(#18,'Profile','Curve3D',(#3652));
#3654=IFCCARTESIANPOINTLIST2D(((0.,0.),(0.,2.),(1.320447564125061,2.),(1.320447564125061,0.),(1.295447563752532,0.),(1.295447563752532,1.974999999627471),(0.02500000037252903,1.974999999627471),(0.02500000037252903,0.)));
#3655=IFCINDEXEDPOLYCURVE(#3654,(IFCLINEINDEX((1,2,3,4,5,6,7,8,1))),$);
#3656=IFCARBITRARYCLOSEDPROFILEDEF(.AREA.,$,#3655);
#3657=IFCCARTESIANPOINT((0.,0.02500000037252903,0.));
#3658=IFCDIRECTION((0.,-1.,0.));
#3659=IFCDIRECTION((1.,0.,0.));
#3660=IFCAXIS2PLACEMENT3D(#3657,#3658,#3659);
#3661=IFCDIRECTION((0.,0.,-1.));
#3662=IFCEXTRUDEDAREASOLID(#3656,#3660,#3661,0.02500000037252903);
#3663=IFCCARTESIANPOINTLIST2D(((0.,0.),(0.,2.),(1.320447564125061,2.),(1.320447564125061,0.),(1.270447563380003,0.),(1.270447563380003,1.949999999254942),(0.05000000074505806,1.949999999254942),(0.05000000074505806,0.)));
#3664=IFCINDEXEDPOLYCURVE(#3663,(IFCLINEINDEX((1,2,3,4,5,6,7,8,1))),$);
#3665=IFCARBITRARYCLOSEDPROFILEDEF(.AREA.,$,#3664);
#3666=IFCCARTESIANPOINT((0.,0.,0.));
#3667=IFCDIRECTION((0.,-1.,0.));
#3668=IFCDIRECTION((1.,0.,0.));
#3669=IFCAXIS2PLACEMENT3D(#3666,#3667,#3668);
#3670=IFCDIRECTION((0.,0.,-1.));
#3671=IFCEXTRUDEDAREASOLID(#3665,#3669,#3670,0.02500000037252903);
#3672=IFCCARTESIANPOINTLIST2D(((0.,0.),(1.220447562634945,0.),(1.220447562634945,0.10000000149011612),(0.,0.10000000149011612)));
#3673=IFCINDEXEDPOLYCURVE(#3672,(IFCLINEINDEX((1,2,3,4,1))),$);
#3674=IFCARBITRARYCLOSEDPROFILEDEF(.AREA.,$,#3673);
#3675=IFCCARTESIANPOINT((0.05000000074505806,0.,0.));
#3676=IFCDIRECTION((0.,0.,1.));
#3677=IFCDIRECTION((1.,0.,0.));
#3678=IFCAXIS2PLACEMENT3D(#3675,#3676,#3677);
#3679=IFCDIRECTION((0.,0.,1.));
#3680=IFCEXTRUDEDAREASOLID(#3674,#3678,#3679,0.02500000037252903);
#3681=IFCCARTESIANPOINTLIST2D(((0.,0.),(0.,2.025000002235174),(1.3704475685954094,2.025000002235174),(1.3704475685954094,0.),(1.2954475656151772,0.),(1.2954475656151772,1.949999999254942),(0.07500000298023224,1.949999999254942),(0.07500000298023224,0.)));
#3682=IFCINDEXEDPOLYCURVE(#3681,(IFCLINEINDEX((1,2,3,4,5,6,7,8,1))),$);
#3683=IFCARBITRARYCLOSEDPROFILEDEF(.AREA.,$,#3682);
#3684=IFCCARTESIANPOINT((-0.02500000223517418,-0.004999999888241291,0.));
#3685=IFCDIRECTION((0.,-1.,0.));
#3686=IFCDIRECTION((1.,0.,0.));
#3687=IFCAXIS2PLACEMENT3D(#3684,#3685,#3686);
#3688=IFCDIRECTION((0.,0.,-1.));
#3689=IFCEXTRUDEDAREASOLID(#3683,#3687,#3688,0.004999999888241291);
#3690=IFCCARTESIANPOINTLIST2D(((0.,0.),(0.,2.025000002235174),(1.3704475685954094,2.025000002235174),(1.3704475685954094,0.),(1.3204475659877062,0.),(1.3204475659877062,1.974999999627471),(0.05000000260770321,1.974999999627471),(0.05000000260770321,0.)));
#3691=IFCINDEXEDPOLYCURVE(#3690,(IFCLINEINDEX((1,2,3,4,5,6,7,8,1))),$);
#3692=IFCARBITRARYCLOSEDPROFILEDEF(.AREA.,$,#3691);
#3693=IFCCARTESIANPOINT((-0.02500000223517418,0.05000000074505806,0.));
#3694=IFCDIRECTION((0.,-1.,0.));
#3695=IFCDIRECTION((1.,0.,0.));
#3696=IFCAXIS2PLACEMENT3D(#3693,#3694,#3695);
#3697=IFCDIRECTION((0.,0.,-1.));
#3698=IFCEXTRUDEDAREASOLID(#3692,#3696,#3697,0.004999999888241291);
#3699=IFCCARTESIANPOINTLIST2D(((0.,0.),(1.270447563380003,0.),(1.270447563380003,0.03500000014901161),(0.,0.03500000014901161)));
#3700=IFCINDEXEDPOLYCURVE(#3699,(IFCLINEINDEX((1,2,3,4,1))),$);
#3701=IFCARBITRARYCLOSEDPROFILEDEF(.AREA.,$,#3700);
#3702=IFCCARTESIANPOINT((0.02500000037252903,0.02500000037252903,0.02500000037252903));
#3703=IFCDIRECTION((0.,0.,1.));
#3704=IFCDIRECTION((1.,0.,0.));
#3705=IFCAXIS2PLACEMENT3D(#3702,#3703,#3704);
#3706=IFCDIRECTION((0.,0.,1.));
#3707=IFCEXTRUDEDAREASOLID(#3701,#3705,#3706,1.949999999254942);
#3708=IFCCARTESIANPOINTLIST2D(((0.,0.),(0.,-0.04),(-0.11999999999999988,-0.04),(-0.11999999999999988,-0.02),(-0.020000000000000018,-0.02),(-0.020000000000000018,0.)));
#3709=IFCINDEXEDPOLYCURVE(#3708,(IFCLINEINDEX((1,2,3,4,5,6,1))),$);
#3710=IFCARBITRARYCLOSEDPROFILEDEF(.AREA.,$,#3709);
#3711=IFCCARTESIANPOINT((1.245447563752532,0.02500000037252903,1.015000000372529));
#3712=IFCDIRECTION((0.,0.,1.));
#3713=IFCDIRECTION((1.,0.,0.));
#3714=IFCAXIS2PLACEMENT3D(#3711,#3712,#3713);
#3715=IFCDIRECTION((0.,0.,1.));
#3716=IFCEXTRUDEDAREASOLID(#3710,#3714,#3715,0.02);
#3717=IFCEXTRUDEDAREASOLID(#3718,#3721,#3725,0.02);
#3718=IFCARBITRARYCLOSEDPROFILEDEF(.AREA.,$,#3719);
#3719=IFCINDEXEDPOLYCURVE(#3720,(IFCLINEINDEX((1,2,3,4,5,6,1))),$);
#3720=IFCCARTESIANPOINTLIST2D(((0.,0.),(0.,0.04000000000000001),(-0.11999999999999988,0.04000000000000001),(-0.11999999999999988,0.020000000000000004),(-0.020000000000000018,0.020000000000000004),(-0.020000000000000018,0.)));
#3721=IFCAXIS2PLACEMENT3D(#3722,#3723,#3724);
#3722=IFCCARTESIANPOINT((1.245447563752532,0.06000000052154064,1.015000000372529));
#3723=IFCDIRECTION((0.,0.,1.));
#3724=IFCDIRECTION((1.,0.,0.));
#3725=IFCDIRECTION((0.,0.,1.));
#3726=IFCSHAPEREPRESENTATION(#11,'Body','SweptSolid',(#3662,#3671,#3707,#3716,#3717,#3680,#3689,#3698));
#3727=IFCCARTESIANPOINTLIST2D(((0.,0.),(0.,0.05000000074505806),(0.02500000037252903,0.05000000074505806),(0.02500000037252903,0.02500000037252903),(0.05000000074505806,0.02500000037252903),(0.05000000074505806,0.)));
#3728=IFCINDEXEDPOLYCURVE(#3727,(IFCLINEINDEX((1,2,3,4,5,6,1))),$);
#3729=IFCINDEXEDPOLYCURVE(#3730,(IFCLINEINDEX((1,2,3,4,5,6,1))),$);
#3730=IFCCARTESIANPOINTLIST2D(((1.320447564125061,0.),(1.320447564125061,0.05000000074505806),(1.295447563752532,0.05000000074505806),(1.295447563752532,0.02500000037252903),(1.270447563380003,0.02500000037252903),(1.270447563380003,0.)));
#3731=IFCDIRECTION((1.,0.));
#3732=IFCCARTESIANPOINT((0.06000000052154064,0.05000000074505806));
#3733=IFCAXIS2PLACEMENT2D(#3732,#3731);
#3734=IFCELLIPSE(#3733,1.2354475632309914,1.270447563380003);
#3735=IFCCARTESIANPOINT((1.295447563752532,0.05000000074505806));
#3736=IFCCARTESIANPOINT((0.06000000052154064,1.320447564125061));
#3737=IFCTRIMMEDCURVE(#3734,(#3735),(#3736),.T.,.CARTESIAN.);
#3738=IFCCARTESIANPOINTLIST2D(((0.02500000037252903,0.05000000074505806),(0.06000000052154064,0.05000000074505806),(0.06000000052154064,1.320447564125061),(0.02500000037252903,1.320447564125061)));
#3739=IFCINDEXEDPOLYCURVE(#3738,(IFCLINEINDEX((1,2,3,4,1))),$);
#3740=IFCSHAPEREPRESENTATION(#24,'Body','Curve2D',(#3728,#3729,#3737,#3739));
#3741=IFCCARTESIANPOINTLIST2D(((0.,0.),(1.320447564125061,0.),(1.320447564125061,2.),(0.,2.)));
#3742=IFCINDEXEDPOLYCURVE(#3741,(IFCLINEINDEX((1,2,3,4,1))),$);
#3743=IFCARBITRARYCLOSEDPROFILEDEF(.AREA.,$,#3742);
#3744=IFCCARTESIANPOINT((0.,-0.6000000238418579,0.));
#3745=IFCDIRECTION((0.,-1.,0.));
#3746=IFCDIRECTION((1.,0.,0.));
#3747=IFCAXIS2PLACEMENT3D(#3744,#3745,#3746);
#3748=IFCDIRECTION((0.,0.,-1.));
#3749=IFCEXTRUDEDAREASOLID(#3743,#3747,#3748,1.2);
#3750=IFCSHAPEREPRESENTATION(#11,'Body','SweptSolid',(#3749));
#3786=IFCCARTESIANPOINT((0.12002875864268747,1.4772523417860839E-06,0.));
#3787=IFCDIRECTION((0.,0.,1.));
#3788=IFCDIRECTION((0.9999999999998863,-4.7683715820291007E-07,0.));
#3789=IFCAXIS2PLACEMENT3D(#3786,#3787,#3788);
#3790=IFCLOCALPLACEMENT(#2042,#3789);
#4550=IFCWINDOWTYPE('19p$qMTHD009eND07WVPi3',$,'LIVING-GF',$,$,(#4551),(#4560,#4608,#4630),$,$,.WINDOW.,.SINGLE_PANEL.,$,$);
#4551=IFCPROPERTYSET('23B_1uKePDPBdYSYKdGnG9',$,'BBIM_Window',$,(#4552));
#4552=IFCPROPERTYSINGLEVALUE('Data',$,IFCTEXT('{"window_type": "SINGLE_PANEL", "overall_height": 0.8999999761581421, "overall_width": 0.6000000238418579, "lining_properties": {"lining_depth": 0.05000000074505806, "lining_thickness": 0.05000000074505806, "lining_offset": 0.05000000074505806, "lining_to_panel_offset_x": 0.02500000037252903, "lining_to_panel_offset_y": 0.02500000037252903}, "panel_properties": {"frame_depth": [0.03500000014901161, 0.03500000014901161, 0.03500000014901161], "frame_thickness": [0.03500000014901161, 0.03500000014901161, 0.03500000014901161]}}'),$);
#4553=IFCCARTESIANPOINTLIST3D(((0.,0.,0.),(0.6000000238418579,0.,0.),(0.6000000238418579,0.,0.8999999761581421),(0.,0.,0.8999999761581421)));
#4554=IFCINDEXEDPOLYCURVE(#4553,(IFCLINEINDEX((1,2,3,4,1))),$);
#4555=IFCSHAPEREPRESENTATION(#18,'Profile','Curve3D',(#4554));
#4556=IFCCARTESIANPOINT((0.,0.,0.));
#4557=IFCDIRECTION((1.,0.,0.));
#4558=IFCDIRECTION((0.,0.,1.));
#4559=IFCAXIS2PLACEMENT3D(#4556,#4558,#4557);
#4560=IFCREPRESENTATIONMAP(#4559,#4555);
#4561=IFCCARTESIANPOINTLIST2D(((0.,0.),(0.6000000238418579,0.),(0.6000000238418579,0.8999999761581421),(0.,0.8999999761581421)));
#4562=IFCINDEXEDPOLYCURVE(#4561,(IFCLINEINDEX((1,2,3,4,1))),$);
#4563=IFCCARTESIANPOINTLIST2D(((0.02500000037252903,0.02500000037252903),(0.5750000234693289,0.02500000037252903),(0.5750000234693289,0.8749999757856131),(0.02500000037252903,0.8749999757856131)));
#4564=IFCINDEXEDPOLYCURVE(#4563,(IFCLINEINDEX((1,2,3,4,1))),$);
#4565=IFCARBITRARYPROFILEDEFWITHVOIDS(.AREA.,$,#4562,(#4564));
#4566=IFCCARTESIANPOINT((0.,0.09000000171363354,0.));
#4567=IFCDIRECTION((0.,-1.,0.));
#4568=IFCDIRECTION((1.,0.,0.));
#4569=IFCAXIS2PLACEMENT3D(#4566,#4567,#4568);
#4570=IFCDIRECTION((0.,0.,-1.));
#4571=IFCEXTRUDEDAREASOLID(#4565,#4569,#4570,0.009999999776482582);
#4572=IFCCARTESIANPOINTLIST2D(((0.,0.),(0.6000000238418579,0.),(0.6000000238418579,0.8999999761581421),(0.,0.8999999761581421)));
#4573=IFCINDEXEDPOLYCURVE(#4572,(IFCLINEINDEX((1,2,3,4,1))),$);
#4574=IFCCARTESIANPOINTLIST2D(((0.05000000074505806,0.05000000074505806),(0.5500000230967999,0.05000000074505806),(0.5500000230967999,0.849999975413084),(0.05000000074505806,0.849999975413084)));
#4575=IFCINDEXEDPOLYCURVE(#4574,(IFCLINEINDEX((1,2,3,4,1))),$);
#4576=IFCARBITRARYPROFILEDEFWITHVOIDS(.AREA.,$,#4573,(#4575));
#4577=IFCCARTESIANPOINT((0.,0.05000000074505806,0.));
#4578=IFCDIRECTION((0.,-1.,0.));
#4579=IFCDIRECTION((1.,0.,0.));
#4580=IFCAXIS2PLACEMENT3D(#4577,#4578,#4579);
#4581=IFCDIRECTION((0.,0.,-1.));
#4582=IFCEXTRUDEDAREASOLID(#4576,#4580,#4581,0.04000000096857548);
#4583=IFCCARTESIANPOINTLIST2D(((0.,0.),(0.5500000230967999,0.),(0.5500000230967999,0.849999975413084),(0.,0.849999975413084)));
#4584=IFCINDEXEDPOLYCURVE(#4583,(IFCLINEINDEX((1,2,3,4,1))),$);
#4585=IFCCARTESIANPOINTLIST2D(((0.03500000014901161,0.03500000014901161),(0.5150000229477882,0.03500000014901161),(0.5150000229477882,0.8149999752640724),(0.03500000014901161,0.8149999752640724)));
#4586=IFCINDEXEDPOLYCURVE(#4585,(IFCLINEINDEX((1,2,3,4,1))),$);
#4587=IFCARBITRARYPROFILEDEFWITHVOIDS(.AREA.,$,#4584,(#4586));
#4588=IFCCARTESIANPOINT((0.02500000037252903,0.09000000171363354,0.02500000037252903));
#4589=IFCDIRECTION((0.,-1.,0.));
#4590=IFCDIRECTION((1.,0.,0.));
#4591=IFCAXIS2PLACEMENT3D(#4588,#4589,#4590);
#4592=IFCDIRECTION((0.,0.,-1.));
#4593=IFCEXTRUDEDAREASOLID(#4587,#4591,#4592,0.03500000014901161);
#4594=IFCINDEXEDPOLYCURVE(#4595,(IFCLINEINDEX((1,2,3,4,1))),$);
#4595=IFCCARTESIANPOINTLIST2D(((0.03500000014901161,0.03500000014901161),(0.5150000229477882,0.03500000014901161),(0.5150000229477882,0.8149999752640724),(0.03500000014901161,0.8149999752640724)));
#4596=IFCARBITRARYCLOSEDPROFILEDEF(.AREA.,$,#4594);
#4597=IFCCARTESIANPOINT((0.02500000037252903,0.10250000178813934,0.02500000037252903));
#4598=IFCDIRECTION((0.,-1.,0.));
#4599=IFCDIRECTION((1.,0.,0.));
#4600=IFCAXIS2PLACEMENT3D(#4597,#4598,#4599);
#4601=IFCDIRECTION((0.,0.,-1.));
#4602=IFCEXTRUDEDAREASOLID(#4596,#4600,#4601,0.01);
#4603=IFCSHAPEREPRESENTATION(#11,'Body','SweptSolid',(#4571,#4582,#4593,#4602));
#4604=IFCCARTESIANPOINT((0.,0.,0.));
#4605=IFCDIRECTION((1.,0.,0.));
#4606=IFCDIRECTION((0.,0.,1.));
#4607=IFCAXIS2PLACEMENT3D(#4604,#4606,#4605);
#4608=IFCREPRESENTATIONMAP(#4607,#4603);
#4609=IFCCARTESIANPOINTLIST2D(((0.05000000074505806,0.05000000074505806),(0.5500000230967999,0.05000000074505806)));
#4610=IFCINDEXEDPOLYCURVE(#4609,$,$);
#4611=IFCCARTESIANPOINTLIST2D(((0.,0.10000000149011612),(0.02500000037252903,0.10000000149011612),(0.02500000037252903,0.09000000171363354),(0.05000000074505806,0.09000000171363354),(0.05000000074505806,0.05000000074505806),(0.,0.05000000074505806)));
#4612=IFCINDEXEDPOLYCURVE(#4611,(IFCLINEINDEX((1,2,3,4,5,6,1))),$);
#4613=IFCCARTESIANPOINTLIST2D(((0.6000000238418579,0.10000000149011612),(0.5750000234693289,0.10000000149011612),(0.5750000234693289,0.09000000171363354),(0.5500000230967999,0.09000000171363354),(0.5500000230967999,0.05000000074505806),(0.6000000238418579,0.05000000074505806)));
#4614=IFCINDEXEDPOLYCURVE(#4613,(IFCLINEINDEX((1,2,3,4,5,6,1))),$);
#4615=IFCCARTESIANPOINTLIST2D(((0.02500000037252903,0.09000000171363354),(0.06000000052154064,0.09000000171363354),(0.06000000052154064,0.12500000186264515),(0.02500000037252903,0.12500000186264515)));
#4616=IFCINDEXEDPOLYCURVE(#4615,(IFCLINEINDEX((1,2,3,4,1))),$);
#4617=IFCINDEXEDPOLYCURVE(#4618,(IFCLINEINDEX((1,2,3,4,1))),$);
#4618=IFCCARTESIANPOINTLIST2D(((0.5750000234693289,0.09000000171363354),(0.5400000233203173,0.09000000171363354),(0.5400000233203173,0.12500000186264515),(0.5750000234693289,0.12500000186264515)));
#4619=IFCCARTESIANPOINTLIST2D(((0.06000000052154064,0.09000000171363354),(0.5400000233203173,0.09000000171363354)));
#4620=IFCINDEXEDPOLYCURVE(#4619,$,$);
#4621=IFCINDEXEDPOLYCURVE(#4622,$,$);
#4622=IFCCARTESIANPOINTLIST2D(((0.06000000052154064,0.12500000186264515),(0.5400000233203173,0.12500000186264515)));
#4623=IFCINDEXEDPOLYCURVE(#4624,$,$);
#4624=IFCCARTESIANPOINTLIST2D(((0.06000000052154064,0.10750000178813934),(0.5400000233203173,0.10750000178813934)));
#4625=IFCSHAPEREPRESENTATION(#24,'Body','Curve2D',(#4610,#4612,#4614,#4616,#4617,#4620,#4621,#4623));
#4626=IFCCARTESIANPOINT((0.,0.,0.));
#4627=IFCDIRECTION((1.,0.,0.));
#4628=IFCDIRECTION((0.,0.,1.));
#4629=IFCAXIS2PLACEMENT3D(#4626,#4628,#4627);
#4630=IFCREPRESENTATIONMAP(#4629,#4625);
#4631=IFCWINDOW('0tKyMT10f4hQK3oPwgu$SR',$,'Window',$,$,#5932,#4640,$,0.8999999761581421,0.6000000238418579,$,$,$);
#4632=IFCRELDEFINESBYTYPE('2KU6M7rM921Anbhm7sf6aW',$,$,$,(#4631),#4550);
#4633=IFCCARTESIANPOINT((0.,0.,0.));
#4634=IFCDIRECTION((1.,0.,0.));
#4635=IFCDIRECTION((0.,1.,0.));
#4636=IFCDIRECTION((0.,0.,1.));
#4637=IFCCARTESIANTRANSFORMATIONOPERATOR3D(#4634,#4635,#4633,1.,#4636);
#4638=IFCMAPPEDITEM(#4560,#4637);
#4639=IFCSHAPEREPRESENTATION(#18,'Profile','MappedRepresentation',(#4638));
#4640=IFCPRODUCTDEFINITIONSHAPE($,$,(#4639,#4647,#4654));
#4641=IFCCARTESIANPOINT((0.,0.,0.));
#4642=IFCDIRECTION((1.,0.,0.));
#4643=IFCDIRECTION((0.,1.,0.));
#4644=IFCDIRECTION((0.,0.,1.));
#4645=IFCCARTESIANTRANSFORMATIONOPERATOR3D(#4642,#4643,#4641,1.,#4644);
#4646=IFCMAPPEDITEM(#4608,#4645);
#4647=IFCSHAPEREPRESENTATION(#11,'Body','MappedRepresentation',(#4646));
#4648=IFCCARTESIANPOINT((0.,0.,0.));
#4649=IFCDIRECTION((1.,0.,0.));
#4650=IFCDIRECTION((0.,1.,0.));
#4651=IFCDIRECTION((0.,0.,1.));
#4652=IFCCARTESIANTRANSFORMATIONOPERATOR3D(#4649,#4650,#4648,1.,#4651);
#4653=IFCMAPPEDITEM(#4630,#4652);
#4654=IFCSHAPEREPRESENTATION(#24,'Body','MappedRepresentation',(#4653));
#4660=IFCWINDOWTYPE('1Bn_2IDGr48fyTr38aZAPU',$,'GUEST-1-GF',$,$,(#4661),(#4663,#4671,#4719),$,$,.WINDOW.,.SINGLE_PANEL.,$,$);
#4661=IFCPROPERTYSET('3eY_WjHRP8TPYYyj$u12SK',$,'BBIM_Window',$,(#4662));
#4662=IFCPROPERTYSINGLEVALUE('Data',$,IFCTEXT('{"window_type": "SINGLE_PANEL", "overall_height": 0.8999999761581421, "overall_width": 0.6000000238418579, "lining_properties": {"lining_depth": 0.05000000074505806, "lining_thickness": 0.05000000074505806, "lining_offset": 0.05000000074505806, "lining_to_panel_offset_x": 0.02500000037252903, "lining_to_panel_offset_y": 0.02500000037252903}, "panel_properties": {"frame_depth": [0.03500000014901161, 0.03500000014901161, 0.03500000014901161], "frame_thickness": [0.03500000014901161, 0.03500000014901161, 0.03500000014901161]}}'),$);
#4663=IFCREPRESENTATIONMAP(#4664,#9730);
#4664=IFCAXIS2PLACEMENT3D(#4665,#4666,#4667);
#4665=IFCCARTESIANPOINT((0.,0.,0.));
#4666=IFCDIRECTION((0.,0.,1.));
#4667=IFCDIRECTION((1.,0.,0.));
#4671=IFCREPRESENTATIONMAP(#4672,#9773);
#4672=IFCAXIS2PLACEMENT3D(#4673,#4674,#4675);
#4673=IFCCARTESIANPOINT((0.,0.,0.));
#4674=IFCDIRECTION((0.,0.,1.));
#4675=IFCDIRECTION((1.,0.,0.));
#4719=IFCREPRESENTATIONMAP(#4720,#9796);
#4720=IFCAXIS2PLACEMENT3D(#4721,#4722,#4723);
#4721=IFCCARTESIANPOINT((0.,0.,0.));
#4722=IFCDIRECTION((0.,0.,1.));
#4723=IFCDIRECTION((1.,0.,0.));
#4850=IFCWINDOW('1wRkmrTPb7VfYa3mbpqDgJ',$,'Window',$,$,#9831,#4859,$,0.8999999761581421,0.6000000238418579,$,.SINGLE_PANEL.,$);
#4851=IFCRELDEFINESBYTYPE('2ccQ0Nf$b1hf7qoPhVlHcm',$,$,$,(#4850),#4660);
#4852=IFCCARTESIANPOINT((0.,0.,0.));
#4853=IFCDIRECTION((1.,0.,0.));
#4854=IFCDIRECTION((0.,1.,0.));
#4855=IFCDIRECTION((0.,0.,1.));
#4856=IFCCARTESIANTRANSFORMATIONOPERATOR3D(#4853,#4854,#4852,1.,#4855);
#4857=IFCMAPPEDITEM(#4663,#4856);
#4858=IFCSHAPEREPRESENTATION(#18,'Profile','MappedRepresentation',(#4857));
#4859=IFCPRODUCTDEFINITIONSHAPE($,$,(#4858,#4866,#4873));
#4860=IFCCARTESIANPOINT((0.,0.,0.));
#4861=IFCDIRECTION((1.,0.,0.));
#4862=IFCDIRECTION((0.,1.,0.));
#4863=IFCDIRECTION((0.,0.,1.));
#4864=IFCCARTESIANTRANSFORMATIONOPERATOR3D(#4861,#4862,#4860,1.,#4863);
#4865=IFCMAPPEDITEM(#4671,#4864);
#4866=IFCSHAPEREPRESENTATION(#11,'Body','MappedRepresentation',(#4865));
#4867=IFCCARTESIANPOINT((0.,0.,0.));
#4868=IFCDIRECTION((1.,0.,0.));
#4869=IFCDIRECTION((0.,1.,0.));
#4870=IFCDIRECTION((0.,0.,1.));
#4871=IFCCARTESIANTRANSFORMATIONOPERATOR3D(#4868,#4869,#4867,1.,#4870);
#4872=IFCMAPPEDITEM(#4719,#4871);
#4873=IFCSHAPEREPRESENTATION(#24,'Body','MappedRepresentation',(#4872));
#4874=IFCOPENINGELEMENT('3I$vxAcgLB5ArtogxF7Rub',$,'Opening',$,$,#9826,#4902,$,.OPENING.);
#4890=IFCCARTESIANPOINT((0.,0.,0.));
#4891=IFCDIRECTION((1.,0.,0.));
#4892=IFCDIRECTION((0.,0.,1.));
#4893=IFCAXIS2PLACEMENT3D(#4890,#4892,#4891);
#4894=IFCREPRESENTATIONMAP(#4893,#9816);
#4895=IFCCARTESIANPOINT((0.,0.,0.));
#4896=IFCDIRECTION((1.,0.,0.));
#4897=IFCDIRECTION((0.,1.,0.));
#4898=IFCDIRECTION((0.,0.,1.));
#4899=IFCCARTESIANTRANSFORMATIONOPERATOR3D(#4896,#4897,#4895,1.,#4898);
#4900=IFCMAPPEDITEM(#4894,#4899);
#4901=IFCSHAPEREPRESENTATION(#11,'Body','MappedRepresentation',(#4900));
#4902=IFCPRODUCTDEFINITIONSHAPE($,$,(#4901));
#4903=IFCRELVOIDSELEMENT('2UjveOaf92RuaN9eD6ZPxK',$,$,$,#748,#4874);
#4909=IFCRELFILLSELEMENT('3xQVtsZHr7ze6_nlMAN24k',$,$,$,#4874,#4850);
#4930=IFCWINDOWTYPE('2cU8oAZEP7kBRqom$weCaX',$,'GUEST-2-GF',$,$,(#4931),(#4933,#4941,#4989),$,$,.WINDOW.,.SINGLE_PANEL.,$,$);
#4931=IFCPROPERTYSET('1NRNzY_R1EYvKn4qPkDVrl',$,'BBIM_Window',$,(#4932));
#4932=IFCPROPERTYSINGLEVALUE('Data',$,IFCTEXT('{"window_type": "SINGLE_PANEL", "overall_height": 0.8999999761581421, "overall_width": 0.7142723798751831, "lining_properties": {"lining_depth": 0.05000000074505806, "lining_thickness": 0.05000000074505806, "lining_offset": 0.05000000074505806, "lining_to_panel_offset_x": 0.02500000037252903, "lining_to_panel_offset_y": 0.02500000037252903}, "panel_properties": {"frame_depth": [0.03500000014901161, 0.03500000014901161, 0.03500000014901161], "frame_thickness": [0.03500000014901161, 0.03500000014901161, 0.03500000014901161]}}'),$);
#4933=IFCREPRESENTATIONMAP(#4934,#5143);
#4934=IFCAXIS2PLACEMENT3D(#4935,#4936,#4937);
#4935=IFCCARTESIANPOINT((0.,0.,0.));
#4936=IFCDIRECTION((0.,0.,1.));
#4937=IFCDIRECTION((1.,0.,0.));
#4941=IFCREPRESENTATIONMAP(#4942,#5186);
#4942=IFCAXIS2PLACEMENT3D(#4943,#4944,#4945);
#4943=IFCCARTESIANPOINT((0.,0.,0.));
#4944=IFCDIRECTION((0.,0.,1.));
#4945=IFCDIRECTION((1.,0.,0.));
#4989=IFCREPRESENTATIONMAP(#4990,#5209);
#4990=IFCAXIS2PLACEMENT3D(#4991,#4992,#4993);
#4991=IFCCARTESIANPOINT((0.,0.,0.));
#4992=IFCDIRECTION((0.,0.,1.));
#4993=IFCDIRECTION((1.,0.,0.));
#5076=IFCWINDOW('2JLydN1Df5ueqNYNVc$99m',$,'Window',$,$,#5942,#5085,$,0.8999999761581421,0.7142723798751831,$,.SINGLE_PANEL.,$);
#5077=IFCRELDEFINESBYTYPE('0nXOmH0wnADRbNczFRV4XA',$,$,$,(#5076),#4930);
#5078=IFCCARTESIANPOINT((0.,0.,0.));
#5079=IFCDIRECTION((1.,0.,0.));
#5080=IFCDIRECTION((0.,1.,0.));
#5081=IFCDIRECTION((0.,0.,1.));
#5082=IFCCARTESIANTRANSFORMATIONOPERATOR3D(#5079,#5080,#5078,1.,#5081);
#5083=IFCMAPPEDITEM(#4933,#5082);
#5084=IFCSHAPEREPRESENTATION(#18,'Profile','MappedRepresentation',(#5083));
#5085=IFCPRODUCTDEFINITIONSHAPE($,$,(#5084,#5092,#5099));
#5086=IFCCARTESIANPOINT((0.,0.,0.));
#5087=IFCDIRECTION((1.,0.,0.));
#5088=IFCDIRECTION((0.,1.,0.));
#5089=IFCDIRECTION((0.,0.,1.));
#5090=IFCCARTESIANTRANSFORMATIONOPERATOR3D(#5087,#5088,#5086,1.,#5089);
#5091=IFCMAPPEDITEM(#4941,#5090);
#5092=IFCSHAPEREPRESENTATION(#11,'Body','MappedRepresentation',(#5091));
#5093=IFCCARTESIANPOINT((0.,0.,0.));
#5094=IFCDIRECTION((1.,0.,0.));
#5095=IFCDIRECTION((0.,1.,0.));
#5096=IFCDIRECTION((0.,0.,1.));
#5097=IFCCARTESIANTRANSFORMATIONOPERATOR3D(#5094,#5095,#5093,1.,#5096);
#5098=IFCMAPPEDITEM(#4989,#5097);
#5099=IFCSHAPEREPRESENTATION(#24,'Body','MappedRepresentation',(#5098));
#5100=IFCOPENINGELEMENT('1NE5NotNj07vpF4Lby$xMV',$,'Opening',$,$,#5244,#5128,$,.OPENING.);
#5116=IFCCARTESIANPOINT((0.,0.,0.));
#5117=IFCDIRECTION((1.,0.,0.));
#5118=IFCDIRECTION((0.,0.,1.));
#5119=IFCAXIS2PLACEMENT3D(#5116,#5118,#5117);
#5120=IFCREPRESENTATIONMAP(#5119,#5219);
#5121=IFCCARTESIANPOINT((0.,0.,0.));
#5122=IFCDIRECTION((1.,0.,0.));
#5123=IFCDIRECTION((0.,1.,0.));
#5124=IFCDIRECTION((0.,0.,1.));
#5125=IFCCARTESIANTRANSFORMATIONOPERATOR3D(#5122,#5123,#5121,1.,#5124);
#5126=IFCMAPPEDITEM(#5120,#5125);
#5127=IFCSHAPEREPRESENTATION(#11,'Body','MappedRepresentation',(#5126));
#5128=IFCPRODUCTDEFINITIONSHAPE($,$,(#5127));
#5129=IFCRELVOIDSELEMENT('3ubtl3EgX5qxeSbUJi$AJv',$,$,$,#723,#5100);
#5135=IFCRELFILLSELEMENT('3cBpXP_0D5YfljFAqS4CwR',$,$,$,#5100,#5076);
#5141=IFCCARTESIANPOINTLIST3D(((0.,0.,0.),(0.7142723798751831,0.,0.),(0.7142723798751831,0.,0.8999999761581421),(0.,0.,0.8999999761581421)));
#5142=IFCINDEXEDPOLYCURVE(#5141,(IFCLINEINDEX((1,2,3,4,1))),$);
#5143=IFCSHAPEREPRESENTATION(#18,'Profile','Curve3D',(#5142));
#5144=IFCCARTESIANPOINTLIST2D(((0.,0.),(0.7142723798751831,0.),(0.7142723798751831,0.8999999761581421),(0.,0.8999999761581421)));
#5145=IFCINDEXEDPOLYCURVE(#5144,(IFCLINEINDEX((1,2,3,4,1))),$);
#5146=IFCCARTESIANPOINTLIST2D(((0.02500000037252903,0.02500000037252903),(0.6892723795026541,0.02500000037252903),(0.6892723795026541,0.8749999757856131),(0.02500000037252903,0.8749999757856131)));
#5147=IFCINDEXEDPOLYCURVE(#5146,(IFCLINEINDEX((1,2,3,4,1))),$);
#5148=IFCARBITRARYPROFILEDEFWITHVOIDS(.AREA.,$,#5145,(#5147));
#5149=IFCCARTESIANPOINT((0.,0.09000000171363354,0.));
#5150=IFCDIRECTION((0.,-1.,0.));
#5151=IFCDIRECTION((1.,0.,0.));
#5152=IFCAXIS2PLACEMENT3D(#5149,#5150,#5151);
#5153=IFCDIRECTION((0.,0.,-1.));
#5154=IFCEXTRUDEDAREASOLID(#5148,#5152,#5153,0.009999999776482582);
#5155=IFCCARTESIANPOINTLIST2D(((0.,0.),(0.7142723798751831,0.),(0.7142723798751831,0.8999999761581421),(0.,0.8999999761581421)));
#5156=IFCINDEXEDPOLYCURVE(#5155,(IFCLINEINDEX((1,2,3,4,1))),$);
#5157=IFCCARTESIANPOINTLIST2D(((0.05000000074505806,0.05000000074505806),(0.664272379130125,0.05000000074505806),(0.664272379130125,0.849999975413084),(0.05000000074505806,0.849999975413084)));
#5158=IFCINDEXEDPOLYCURVE(#5157,(IFCLINEINDEX((1,2,3,4,1))),$);
#5159=IFCARBITRARYPROFILEDEFWITHVOIDS(.AREA.,$,#5156,(#5158));
#5160=IFCCARTESIANPOINT((0.,0.05000000074505806,0.));
#5161=IFCDIRECTION((0.,-1.,0.));
#5162=IFCDIRECTION((1.,0.,0.));
#5163=IFCAXIS2PLACEMENT3D(#5160,#5161,#5162);
#5164=IFCDIRECTION((0.,0.,-1.));
#5165=IFCEXTRUDEDAREASOLID(#5159,#5163,#5164,0.04000000096857548);
#5166=IFCCARTESIANPOINTLIST2D(((0.,0.),(0.664272379130125,0.),(0.664272379130125,0.849999975413084),(0.,0.849999975413084)));
#5167=IFCINDEXEDPOLYCURVE(#5166,(IFCLINEINDEX((1,2,3,4,1))),$);
#5168=IFCCARTESIANPOINTLIST2D(((0.03500000014901161,0.03500000014901161),(0.6292723789811134,0.03500000014901161),(0.6292723789811134,0.8149999752640724),(0.03500000014901161,0.8149999752640724)));
#5169=IFCINDEXEDPOLYCURVE(#5168,(IFCLINEINDEX((1,2,3,4,1))),$);
#5170=IFCARBITRARYPROFILEDEFWITHVOIDS(.AREA.,$,#5167,(#5169));
#5171=IFCCARTESIANPOINT((0.02500000037252903,0.09000000171363354,0.02500000037252903));
#5172=IFCDIRECTION((0.,-1.,0.));
#5173=IFCDIRECTION((1.,0.,0.));
#5174=IFCAXIS2PLACEMENT3D(#5171,#5172,#5173);
#5175=IFCDIRECTION((0.,0.,-1.));
#5176=IFCEXTRUDEDAREASOLID(#5170,#5174,#5175,0.03500000014901161);
#5177=IFCINDEXEDPOLYCURVE(#5178,(IFCLINEINDEX((1,2,3,4,1))),$);
#5178=IFCCARTESIANPOINTLIST2D(((0.03500000014901161,0.03500000014901161),(0.6292723789811134,0.03500000014901161),(0.6292723789811134,0.8149999752640724),(0.03500000014901161,0.8149999752640724)));
#5179=IFCARBITRARYCLOSEDPROFILEDEF(.AREA.,$,#5177);
#5180=IFCCARTESIANPOINT((0.02500000037252903,0.10250000178813934,0.02500000037252903));
#5181=IFCDIRECTION((0.,-1.,0.));
#5182=IFCDIRECTION((1.,0.,0.));
#5183=IFCAXIS2PLACEMENT3D(#5180,#5181,#5182);
#5184=IFCDIRECTION((0.,0.,-1.));
#5185=IFCEXTRUDEDAREASOLID(#5179,#5183,#5184,0.01);
#5186=IFCSHAPEREPRESENTATION(#11,'Body','SweptSolid',(#5154,#5165,#5176,#5185));
#5187=IFCSHAPEREPRESENTATION(#11,'Body','SweptSolid',(#5154,#5165));
#5188=IFCSHAPEASPECT((#5187),'Lining',$,.T.,#5085);
#5189=IFCSHAPEREPRESENTATION(#11,'Body','SweptSolid',(#5176));
#5190=IFCSHAPEASPECT((#5189),'Framing',$,.T.,#5085);
#5191=IFCSHAPEREPRESENTATION(#11,'Body','SweptSolid',(#5185));
#5192=IFCSHAPEASPECT((#5191),'Glazing',$,.T.,#5085);
#5193=IFCCARTESIANPOINTLIST2D(((0.05000000074505806,0.05000000074505806),(0.664272379130125,0.05000000074505806)));
#5194=IFCINDEXEDPOLYCURVE(#5193,$,$);
#5195=IFCCARTESIANPOINTLIST2D(((0.,0.10000000149011612),(0.02500000037252903,0.10000000149011612),(0.02500000037252903,0.09000000171363354),(0.05000000074505806,0.09000000171363354),(0.05000000074505806,0.05000000074505806),(0.,0.05000000074505806)));
#5196=IFCINDEXEDPOLYCURVE(#5195,(IFCLINEINDEX((1,2,3,4,5,6,1))),$);
#5197=IFCCARTESIANPOINTLIST2D(((0.7142723798751831,0.10000000149011612),(0.6892723795026541,0.10000000149011612),(0.6892723795026541,0.09000000171363354),(0.664272379130125,0.09000000171363354),(0.664272379130125,0.05000000074505806),(0.7142723798751831,0.05000000074505806)));
#5198=IFCINDEXEDPOLYCURVE(#5197,(IFCLINEINDEX((1,2,3,4,5,6,1))),$);
#5199=IFCCARTESIANPOINTLIST2D(((0.02500000037252903,0.09000000171363354),(0.06000000052154064,0.09000000171363354),(0.06000000052154064,0.12500000186264515),(0.02500000037252903,0.12500000186264515)));
#5200=IFCINDEXEDPOLYCURVE(#5199,(IFCLINEINDEX((1,2,3,4,1))),$);
#5201=IFCINDEXEDPOLYCURVE(#5202,(IFCLINEINDEX((1,2,3,4,1))),$);
#5202=IFCCARTESIANPOINTLIST2D(((0.6892723795026541,0.09000000171363354),(0.6542723793536425,0.09000000171363354),(0.6542723793536425,0.12500000186264515),(0.6892723795026541,0.12500000186264515)));
#5203=IFCCARTESIANPOINTLIST2D(((0.06000000052154064,0.09000000171363354),(0.6542723793536425,0.09000000171363354)));
#5204=IFCINDEXEDPOLYCURVE(#5203,$,$);
#5205=IFCINDEXEDPOLYCURVE(#5206,$,$);
#5206=IFCCARTESIANPOINTLIST2D(((0.06000000052154064,0.12500000186264515),(0.6542723793536425,0.12500000186264515)));
#5207=IFCINDEXEDPOLYCURVE(#5208,$,$);
#5208=IFCCARTESIANPOINTLIST2D(((0.06000000052154064,0.10750000178813934),(0.6542723793536425,0.10750000178813934)));
#5209=IFCSHAPEREPRESENTATION(#24,'Body','Curve2D',(#5194,#5196,#5198,#5200,#5201,#5204,#5205,#5207));
#5210=IFCCARTESIANPOINTLIST2D(((0.,0.),(0.7142723798751831,0.),(0.7142723798751831,0.8999999761581421),(0.,0.8999999761581421)));
#5211=IFCINDEXEDPOLYCURVE(#5210,(IFCLINEINDEX((1,2,3,4,1))),$);
#5212=IFCARBITRARYCLOSEDPROFILEDEF(.AREA.,$,#5211);
#5213=IFCCARTESIANPOINT((0.,-0.6000000238418579,0.));
#5214=IFCDIRECTION((0.,-1.,0.));
#5215=IFCDIRECTION((1.,0.,0.));
#5216=IFCAXIS2PLACEMENT3D(#5213,#5214,#5215);
#5217=IFCDIRECTION((0.,0.,-1.));
#5218=IFCEXTRUDEDAREASOLID(#5212,#5216,#5217,1.2);
#5219=IFCSHAPEREPRESENTATION(#11,'Body','SweptSolid',(#5218));
#5240=IFCCARTESIANPOINT((0.49779582023622226,2.008360393546127E-07,1.));
#5241=IFCDIRECTION((0.,0.,1.));
#5242=IFCDIRECTION((0.9999999999999929,1.1920928244535129E-07,0.));
#5243=IFCAXIS2PLACEMENT3D(#5240,#5241,#5242);
#5244=IFCLOCALPLACEMENT(#734,#5243);
#5250=IFCWINDOWTYPE('1jIrVP9aTEJOOg4ppOsKd7',$,'MAID-GF',$,$,(#5251),(#5253,#5261,#5309),$,$,.WINDOW.,.SINGLE_PANEL.,$,$);
#5251=IFCPROPERTYSET('23hy$1Njz8MQdZOv4D9gBY',$,'BBIM_Window',$,(#5252));
#5252=IFCPROPERTYSINGLEVALUE('Data',$,IFCTEXT('{"window_type": "SINGLE_PANEL", "overall_height": 0.8999999761581421, "overall_width": 0.6000000238418579, "lining_properties": {"lining_depth": 0.05000000074505806, "lining_thickness": 0.05000000074505806, "lining_offset": 0.05000000074505806, "lining_to_panel_offset_x": 0.02500000037252903, "lining_to_panel_offset_y": 0.02500000037252903}, "panel_properties": {"frame_depth": [0.03500000014901161, 0.03500000014901161, 0.03500000014901161], "frame_thickness": [0.03500000014901161, 0.03500000014901161, 0.03500000014901161]}}'),$);
#5253=IFCREPRESENTATIONMAP(#5254,#5258);
#5254=IFCAXIS2PLACEMENT3D(#5255,#5256,#5257);
#5255=IFCCARTESIANPOINT((0.,0.,0.));
#5256=IFCDIRECTION((0.,0.,1.));
#5257=IFCDIRECTION((1.,0.,0.));
#5258=IFCSHAPEREPRESENTATION(#18,'Profile','Curve3D',(#5259));
#5259=IFCINDEXEDPOLYCURVE(#5260,(IFCLINEINDEX((1,2,3,4,1))),$);
#5260=IFCCARTESIANPOINTLIST3D(((0.,0.,0.),(0.6000000238418579,0.,0.),(0.6000000238418579,0.,0.8999999761581421),(0.,0.,0.8999999761581421)));
#5261=IFCREPRESENTATIONMAP(#5262,#5266);
#5262=IFCAXIS2PLACEMENT3D(#5263,#5264,#5265);
#5263=IFCCARTESIANPOINT((0.,0.,0.));
#5264=IFCDIRECTION((0.,0.,1.));
#5265=IFCDIRECTION((1.,0.,0.));
#5266=IFCSHAPEREPRESENTATION(#11,'Body','SweptSolid',(#5267,#5278,#5289,#5300));
#5267=IFCEXTRUDEDAREASOLID(#5268,#5273,#5277,0.009999999776482582);
#5268=IFCARBITRARYPROFILEDEFWITHVOIDS(.AREA.,$,#5269,(#5271));
#5269=IFCINDEXEDPOLYCURVE(#5270,(IFCLINEINDEX((1,2,3,4,1))),$);
#5270=IFCCARTESIANPOINTLIST2D(((0.,0.),(0.6000000238418579,0.),(0.6000000238418579,0.8999999761581421),(0.,0.8999999761581421)));
#5271=IFCINDEXEDPOLYCURVE(#5272,(IFCLINEINDEX((1,2,3,4,1))),$);
#5272=IFCCARTESIANPOINTLIST2D(((0.02500000037252903,0.02500000037252903),(0.5750000234693289,0.02500000037252903),(0.5750000234693289,0.8749999757856131),(0.02500000037252903,0.8749999757856131)));
#5273=IFCAXIS2PLACEMENT3D(#5274,#5275,#5276);
#5274=IFCCARTESIANPOINT((0.,0.09000000171363354,0.));
#5275=IFCDIRECTION((0.,-1.,0.));
#5276=IFCDIRECTION((1.,0.,0.));
#5277=IFCDIRECTION((0.,0.,-1.));
#5278=IFCEXTRUDEDAREASOLID(#5279,#5284,#5288,0.04000000096857548);
#5279=IFCARBITRARYPROFILEDEFWITHVOIDS(.AREA.,$,#5280,(#5282));
#5280=IFCINDEXEDPOLYCURVE(#5281,(IFCLINEINDEX((1,2,3,4,1))),$);
#5281=IFCCARTESIANPOINTLIST2D(((0.,0.),(0.6000000238418579,0.),(0.6000000238418579,0.8999999761581421),(0.,0.8999999761581421)));
#5282=IFCINDEXEDPOLYCURVE(#5283,(IFCLINEINDEX((1,2,3,4,1))),$);
#5283=IFCCARTESIANPOINTLIST2D(((0.05000000074505806,0.05000000074505806),(0.5500000230967999,0.05000000074505806),(0.5500000230967999,0.849999975413084),(0.05000000074505806,0.849999975413084)));
#5284=IFCAXIS2PLACEMENT3D(#5285,#5286,#5287);
#5285=IFCCARTESIANPOINT((0.,0.05000000074505806,0.));
#5286=IFCDIRECTION((0.,-1.,0.));
#5287=IFCDIRECTION((1.,0.,0.));
#5288=IFCDIRECTION((0.,0.,-1.));
#5289=IFCEXTRUDEDAREASOLID(#5290,#5295,#5299,0.03500000014901161);
#5290=IFCARBITRARYPROFILEDEFWITHVOIDS(.AREA.,$,#5291,(#5293));
#5291=IFCINDEXEDPOLYCURVE(#5292,(IFCLINEINDEX((1,2,3,4,1))),$);
#5292=IFCCARTESIANPOINTLIST2D(((0.,0.),(0.5500000230967999,0.),(0.5500000230967999,0.849999975413084),(0.,0.849999975413084)));
#5293=IFCINDEXEDPOLYCURVE(#5294,(IFCLINEINDEX((1,2,3,4,1))),$);
#5294=IFCCARTESIANPOINTLIST2D(((0.03500000014901161,0.03500000014901161),(0.5150000229477882,0.03500000014901161),(0.5150000229477882,0.8149999752640724),(0.03500000014901161,0.8149999752640724)));
#5295=IFCAXIS2PLACEMENT3D(#5296,#5297,#5298);
#5296=IFCCARTESIANPOINT((0.02500000037252903,0.09000000171363354,0.02500000037252903));
#5297=IFCDIRECTION((0.,-1.,0.));
#5298=IFCDIRECTION((1.,0.,0.));
#5299=IFCDIRECTION((0.,0.,-1.));
#5300=IFCEXTRUDEDAREASOLID(#5301,#5304,#5308,0.01);
#5301=IFCARBITRARYCLOSEDPROFILEDEF(.AREA.,$,#5302);
#5302=IFCINDEXEDPOLYCURVE(#5303,(IFCLINEINDEX((1,2,3,4,1))),$);
#5303=IFCCARTESIANPOINTLIST2D(((0.03500000014901161,0.03500000014901161),(0.5150000229477882,0.03500000014901161),(0.5150000229477882,0.8149999752640724),(0.03500000014901161,0.8149999752640724)));
#5304=IFCAXIS2PLACEMENT3D(#5305,#5306,#5307);
#5305=IFCCARTESIANPOINT((0.02500000037252903,0.10250000178813934,0.02500000037252903));
#5306=IFCDIRECTION((0.,-1.,0.));
#5307=IFCDIRECTION((1.,0.,0.));
#5308=IFCDIRECTION((0.,0.,-1.));
#5309=IFCREPRESENTATIONMAP(#5310,#5314);
#5310=IFCAXIS2PLACEMENT3D(#5311,#5312,#5313);
#5311=IFCCARTESIANPOINT((0.,0.,0.));
#5312=IFCDIRECTION((0.,0.,1.));
#5313=IFCDIRECTION((1.,0.,0.));
#5314=IFCSHAPEREPRESENTATION(#24,'Body','Curve2D',(#5315,#5317,#5319,#5321,#5323,#5325,#5327,#5329));
#5315=IFCINDEXEDPOLYCURVE(#5316,$,$);
#5316=IFCCARTESIANPOINTLIST2D(((0.05000000074505806,0.05000000074505806),(0.5500000230967999,0.05000000074505806)));
#5317=IFCINDEXEDPOLYCURVE(#5318,(IFCLINEINDEX((1,2,3,4,5,6,1))),$);
#5318=IFCCARTESIANPOINTLIST2D(((0.,0.10000000149011612),(0.02500000037252903,0.10000000149011612),(0.02500000037252903,0.09000000171363354),(0.05000000074505806,0.09000000171363354),(0.05000000074505806,0.05000000074505806),(0.,0.05000000074505806)));
#5319=IFCINDEXEDPOLYCURVE(#5320,(IFCLINEINDEX((1,2,3,4,5,6,1))),$);
#5320=IFCCARTESIANPOINTLIST2D(((0.6000000238418579,0.10000000149011612),(0.5750000234693289,0.10000000149011612),(0.5750000234693289,0.09000000171363354),(0.5500000230967999,0.09000000171363354),(0.5500000230967999,0.05000000074505806),(0.6000000238418579,0.05000000074505806)));
#5321=IFCINDEXEDPOLYCURVE(#5322,(IFCLINEINDEX((1,2,3,4,1))),$);
#5322=IFCCARTESIANPOINTLIST2D(((0.02500000037252903,0.09000000171363354),(0.06000000052154064,0.09000000171363354),(0.06000000052154064,0.12500000186264515),(0.02500000037252903,0.12500000186264515)));
#5323=IFCINDEXEDPOLYCURVE(#5324,(IFCLINEINDEX((1,2,3,4,1))),$);
#5324=IFCCARTESIANPOINTLIST2D(((0.5750000234693289,0.09000000171363354),(0.5400000233203173,0.09000000171363354),(0.5400000233203173,0.12500000186264515),(0.5750000234693289,0.12500000186264515)));
#5325=IFCINDEXEDPOLYCURVE(#5326,$,$);
#5326=IFCCARTESIANPOINTLIST2D(((0.06000000052154064,0.09000000171363354),(0.5400000233203173,0.09000000171363354)));
#5327=IFCINDEXEDPOLYCURVE(#5328,$,$);
#5328=IFCCARTESIANPOINTLIST2D(((0.06000000052154064,0.12500000186264515),(0.5400000233203173,0.12500000186264515)));
#5329=IFCINDEXEDPOLYCURVE(#5330,$,$);
#5330=IFCCARTESIANPOINTLIST2D(((0.06000000052154064,0.10750000178813934),(0.5400000233203173,0.10750000178813934)));
#5655=IFCWINDOW('0ynbP5zkLA6fxJ5fc4iv9Z',$,'Window',$,$,#5947,#5664,$,0.8999999761581421,0.6000000238418579,$,$,$);
#5656=IFCRELDEFINESBYTYPE('3s1AAFRkX2MBv2gh1_VqF2',$,$,$,(#5655),#5250);
#5657=IFCCARTESIANPOINT((0.,0.,0.));
#5658=IFCDIRECTION((1.,0.,0.));
#5659=IFCDIRECTION((0.,1.,0.));
#5660=IFCDIRECTION((0.,0.,1.));
#5661=IFCCARTESIANTRANSFORMATIONOPERATOR3D(#5658,#5659,#5657,1.,#5660);
#5662=IFCMAPPEDITEM(#5253,#5661);
#5663=IFCSHAPEREPRESENTATION(#18,'Profile','MappedRepresentation',(#5662));
#5664=IFCPRODUCTDEFINITIONSHAPE($,$,(#5663,#5671,#5678));
#5665=IFCCARTESIANPOINT((0.,0.,0.));
#5666=IFCDIRECTION((1.,0.,0.));
#5667=IFCDIRECTION((0.,1.,0.));
#5668=IFCDIRECTION((0.,0.,1.));
#5669=IFCCARTESIANTRANSFORMATIONOPERATOR3D(#5666,#5667,#5665,1.,#5668);
#5670=IFCMAPPEDITEM(#5261,#5669);
#5671=IFCSHAPEREPRESENTATION(#11,'Body','MappedRepresentation',(#5670));
#5672=IFCCARTESIANPOINT((0.,0.,0.));
#5673=IFCDIRECTION((1.,0.,0.));
#5674=IFCDIRECTION((0.,1.,0.));
#5675=IFCDIRECTION((0.,0.,1.));
#5676=IFCCARTESIANTRANSFORMATIONOPERATOR3D(#5673,#5674,#5672,1.,#5675);
#5677=IFCMAPPEDITEM(#5309,#5676);
#5678=IFCSHAPEREPRESENTATION(#24,'Body','MappedRepresentation',(#5677));
#5679=IFCOPENINGELEMENT('3bNhfXqaT4Sh8LQZMBi3J0',$,'Opening',$,$,#5759,#5707,$,.OPENING.);
#5685=IFCCARTESIANPOINTLIST2D(((0.,0.),(0.6000000238418579,0.),(0.6000000238418579,0.8999999761581421),(0.,0.8999999761581421)));
#5686=IFCINDEXEDPOLYCURVE(#5685,(IFCLINEINDEX((1,2,3,4,1))),$);
#5687=IFCARBITRARYCLOSEDPROFILEDEF(.AREA.,$,#5686);
#5688=IFCCARTESIANPOINT((0.,-0.6000000238418579,0.));
#5689=IFCDIRECTION((0.,-1.,0.));
#5690=IFCDIRECTION((1.,0.,0.));
#5691=IFCAXIS2PLACEMENT3D(#5688,#5689,#5690);
#5692=IFCDIRECTION((0.,0.,-1.));
#5693=IFCEXTRUDEDAREASOLID(#5687,#5691,#5692,1.2);
#5694=IFCSHAPEREPRESENTATION(#11,'Body','SweptSolid',(#5693));
#5695=IFCCARTESIANPOINT((0.,0.,0.));
#5696=IFCDIRECTION((1.,0.,0.));
#5697=IFCDIRECTION((0.,0.,1.));
#5698=IFCAXIS2PLACEMENT3D(#5695,#5697,#5696);
#5699=IFCREPRESENTATIONMAP(#5698,#5694);
#5700=IFCCARTESIANPOINT((0.,0.,0.));
#5701=IFCDIRECTION((1.,0.,0.));
#5702=IFCDIRECTION((0.,1.,0.));
#5703=IFCDIRECTION((0.,0.,1.));
#5704=IFCCARTESIANTRANSFORMATIONOPERATOR3D(#5701,#5702,#5700,1.,#5703);
#5705=IFCMAPPEDITEM(#5699,#5704);
#5706=IFCSHAPEREPRESENTATION(#11,'Body','MappedRepresentation',(#5705));
#5707=IFCPRODUCTDEFINITIONSHAPE($,$,(#5706));
#5708=IFCRELVOIDSELEMENT('09ts3qfTv7XuaWEkAQDxoq',$,$,$,#422,#5679);
#5714=IFCRELFILLSELEMENT('0l1DsC9AH5V8kYtlGyNmZJ',$,$,$,#5679,#5655);
#5755=IFCCARTESIANPOINT((0.7768292360943179,-4.438938336903675E-07,1.));
#5756=IFCDIRECTION((0.,0.,1.));
#5757=IFCDIRECTION((0.999999999999854,-5.404101699467726E-07,0.));
#5758=IFCAXIS2PLACEMENT3D(#5755,#5756,#5757);
#5759=IFCLOCALPLACEMENT(#2203,#5758);
#5771=IFCRELCONTAINEDINSPATIALSTRUCTURE('2S$AzlyTTDyPyJMbaJToAr',$,$,$,(#11430,#6905,#7802,#10375,#6930,#9078,#7622,#11488,#6755,#6780,#6579,#8605,#6805,#10466,#6830,#6655,#9340,#9127,#10412,#7673,#7867,#6680,#9577,#6705,#7711,#8742,#7650,#11541,#9284,#6730,#9512,#8105,#10394,#9029,#11079,#8404,#6605,#8887,#6630,#11106,#6855,#6880,#10448,#9621),#39);
#5854=IFCROOFTYPE('3pgpbbCPbF29M_bsR2Mo56',$,'CR-GF',$,$,(#5855),(#5884,#5912),$,$,.HIP_ROOF.);
#5855=IFCPROPERTYSET('1RdGyWjiz63hyCs$6RC9S7',$,'BBIM_Roof',$,(#5856));
#5856=IFCPROPERTYSINGLEVALUE('Data',$,IFCTEXT('{"roof_type": "HIP/GABLE ROOF", "generation_method": "ANGLE", "roof_thickness": 0.10000000149011612, "rafter_edge_angle": 1.5707963705062866, "angle": 0.1745329201221466, "percentage": 17.63269805908203, "path_data": {"edges": [[0, 1], [1, 2], [2, 3], [3, 0]], "verts": [[-5.0, -5.0, 0.0], [-5.0, 5.0, 0.0], [5.0, 5.0, 0.0], [5.0, -5.0, 0.0]]}}'),$);
#5880=IFCCARTESIANPOINT((0.,0.,0.));
#5881=IFCDIRECTION((1.,0.,0.));
#5882=IFCDIRECTION((0.,0.,1.));
#5883=IFCAXIS2PLACEMENT3D(#5880,#5882,#5881);
#5884=IFCREPRESENTATIONMAP(#5883,#5903);
#5885=IFCINDEXEDPOLYGONALFACE((3,1,2));
#5886=IFCINDEXEDPOLYGONALFACE((2,4,3));
#5887=IFCINDEXEDPOLYGONALFACE((1,3,5));
#5888=IFCINDEXEDPOLYGONALFACE((4,5,3));
#5889=IFCINDEXEDPOLYGONALFACE((6,7,8));
#5890=IFCINDEXEDPOLYGONALFACE((8,2,1));
#5891=IFCINDEXEDPOLYGONALFACE((8,1,6));
#5892=IFCINDEXEDPOLYGONALFACE((8,7,9));
#5893=IFCINDEXEDPOLYGONALFACE((2,8,9));
#5894=IFCINDEXEDPOLYGONALFACE((2,9,4));
#5895=IFCINDEXEDPOLYGONALFACE((10,7,6));
#5896=IFCINDEXEDPOLYGONALFACE((6,1,5));
#5897=IFCINDEXEDPOLYGONALFACE((6,5,10));
#5898=IFCINDEXEDPOLYGONALFACE((9,7,10));
#5899=IFCINDEXEDPOLYGONALFACE((4,9,10));
#5900=IFCINDEXEDPOLYGONALFACE((4,10,5));
#5901=IFCCARTESIANPOINTLIST3D(((-5.,-5.,0.),(5.,-5.,0.),(0.,0.,0.8816348910331726),(5.,5.,0.),(-5.,5.,0.),(-5.,-5.,-0.10154265910387039),(0.,0.,0.7800922393798828),(5.,-5.,-0.10154265910387039),(5.,5.,-0.10154265910387039),(-5.,5.,-0.10154265910387039)));
#5902=IFCPOLYGONALFACESET(#5901,.T.,(#5885,#5886,#5887,#5888,#5889,#5890,#5891,#5892,#5893,#5894,#5895,#5896,#5897,#5898,#5899,#5900),$);
#5903=IFCSHAPEREPRESENTATION(#11,'Body','Tessellation',(#5902));
#5905=IFCCARTESIANPOINT((-5.,-5.,-0.10154265910387039));
#5906=IFCBOUNDINGBOX(#5905,10.,10.,0.9831775426864624);
#5907=IFCSHAPEREPRESENTATION(#13,'Box','BoundingBox',(#5906));
#5908=IFCCARTESIANPOINT((0.,0.,0.));
#5909=IFCDIRECTION((1.,0.,0.));
#5910=IFCDIRECTION((0.,0.,1.));
#5911=IFCAXIS2PLACEMENT3D(#5908,#5910,#5909);
#5912=IFCREPRESENTATIONMAP(#5911,#5907);
#5913=IFCCARTESIANPOINT((5.551115123125783E-17,0.,0.));
#5914=IFCDIRECTION((0.,0.,1.));
#5915=IFCDIRECTION((1.,0.,0.));
#5916=IFCAXIS2PLACEMENT3D(#5913,#5914,#5915);
#5917=IFCLOCALPLACEMENT(#2541,#5916);
#5918=IFCCARTESIANPOINT((0.,0.,0.));
#5919=IFCDIRECTION((0.,0.,1.));
#5920=IFCDIRECTION((0.9999999999999999,0.,0.));
#5921=IFCAXIS2PLACEMENT3D(#5918,#5919,#5920);
#5922=IFCLOCALPLACEMENT(#3443,#5921);
#5923=IFCCARTESIANPOINT((-1.1102230246251565E-16,0.,0.));
#5924=IFCDIRECTION((0.,0.,1.));
#5925=IFCDIRECTION((1.,2.117582368135751E-22,0.));
#5926=IFCAXIS2PLACEMENT3D(#5923,#5924,#5925);
#5927=IFCLOCALPLACEMENT(#3790,#5926);
#5928=IFCCARTESIANPOINT((1.6396771669387817,-2.6599996089935303,1.2093538045883179));
#5929=IFCDIRECTION((0.,0.,1.));
#5930=IFCDIRECTION((1.,0.,0.));
#5931=IFCAXIS2PLACEMENT3D(#5928,#5929,#5930);
#5932=IFCLOCALPLACEMENT(#79,#5931);
#5938=IFCCARTESIANPOINT((4.440892098500626E-16,0.,0.));
#5939=IFCDIRECTION((0.,0.,1.));
#5940=IFCDIRECTION((1.,0.,0.));
#5941=IFCAXIS2PLACEMENT3D(#5938,#5939,#5940);
#5942=IFCLOCALPLACEMENT(#5244,#5941);
#5943=IFCCARTESIANPOINT((0.,8.881784197001252E-16,0.));
#5944=IFCDIRECTION((0.,0.,1.));
#5945=IFCDIRECTION((1.0000000000000002,2.117582368135751E-22,0.));
#5946=IFCAXIS2PLACEMENT3D(#5943,#5944,#5945);
#5947=IFCLOCALPLACEMENT(#5759,#5946);
#6002=IFCWALLTYPE('3JRCciOsjCTeXsw6zNV_is',$,'WALL-2F',$,$,(#6003),$,$,$,.SOLIDWALL.);
#6003=IFCPROPERTYSET('1rux_VRnTEWu2XvaIf0Oi3',$,'EPset_Parametric',$,(#6004));
#6004=IFCPROPERTYSINGLEVALUE('LayerSetDirection',$,IFCLABEL('AXIS2'),$);
#6005=IFCRELASSOCIATESMATERIAL('2k3q5SEbT9aP9ItVL0Ob0p',$,$,$,(#6002),#6006);
#6006=IFCMATERIALLAYERSET((#6007),$,$);
#6007=IFCMATERIALLAYER(#82,0.1,$,$,$,$,$);
#6579=IFCWALL('1in6NXvILAixP9$BHj2Q_C',$,'Wall',$,$,#11334,#6586,$,$);
#6580=IFCRELDEFINESBYTYPE('2EbnOfibv0IATnP3Y7JQZX',$,$,$,(#6855,#6630,#6579,#6755,#6680,#6805,#6905,#6730,#6780,#6605,#6880,#6655,#6930,#6705,#6830),#6002);
#6581=IFCMATERIALLAYERSETUSAGE(#6006,.AXIS2.,.POSITIVE.,0.,$);
#6582=IFCRELASSOCIATESMATERIAL('1WLonmPm95Ee$BPNAG0yAm',$,$,$,(#6579),#6581);
#6586=IFCPRODUCTDEFINITIONSHAPE($,$,(#7610,#7607));
#6602=IFCPROPERTYSET('2moO4bSPHAPfl8cJxOue6u',$,'EPset_Parametric',$,(#6604));
#6603=IFCRELDEFINESBYPROPERTIES('3iI_WlOnnA4wapGamjGzUl',$,$,$,(#6579),#6602);
#6604=IFCPROPERTYSINGLEVALUE('Engine',$,IFCLABEL('Bonsai.DumbLayer2'),$);
#6605=IFCWALL('3PRFn5whb7$wqbPYRaZHWK',$,'Wall',$,$,#11294,#6611,$,$);
#6606=IFCMATERIALLAYERSETUSAGE(#6006,.AXIS2.,.POSITIVE.,0.,$);
#6607=IFCRELASSOCIATESMATERIAL('0tAeCMhT101wqfcQewQtoL',$,$,$,(#6605),#6606);
#6611=IFCPRODUCTDEFINITIONSHAPE($,$,(#7213,#7210));
#6627=IFCPROPERTYSET('1tUafyaHz7oBZwLxg69Kul',$,'EPset_Parametric',$,(#6629));
#6628=IFCRELDEFINESBYPROPERTIES('22fkzKhMDBLx4qjcUGGP0k',$,$,$,(#6605),#6627);
#6629=IFCPROPERTYSINGLEVALUE('Engine',$,IFCLABEL('Bonsai.DumbLayer2'),$);
#6630=IFCWALL('2OFZdkZvr9svXOwT4yP7r8',$,'Wall',$,$,#11299,#6636,$,$);
#6631=IFCMATERIALLAYERSETUSAGE(#6006,.AXIS2.,.POSITIVE.,0.,$);
#6632=IFCRELASSOCIATESMATERIAL('352ONjWNr64O$Nfh_BOumT',$,$,$,(#6630),#6631);
#6636=IFCPRODUCTDEFINITIONSHAPE($,$,(#7245,#7242));
#6652=IFCPROPERTYSET('3IMaNvzUf97g0hJj4$pC4L',$,'EPset_Parametric',$,(#6654));
#6653=IFCRELDEFINESBYPROPERTIES('3fZc0aTwX7VPlqs3QN4ydw',$,$,$,(#6630),#6652);
#6654=IFCPROPERTYSINGLEVALUE('Engine',$,IFCLABEL('Bonsai.DumbLayer2'),$);
#6655=IFCWALL('2CBBnEEkfF88vx9qeaviXv',$,'Wall',$,$,#11304,#6661,$,$);
#6656=IFCMATERIALLAYERSETUSAGE(#6006,.AXIS2.,.POSITIVE.,0.,$);
#6657=IFCRELASSOCIATESMATERIAL('0wcrKdPcfFLOWCqqDkhAtX',$,$,$,(#6655),#6656);
#6661=IFCPRODUCTDEFINITIONSHAPE($,$,(#7271,#7268));
#6677=IFCPROPERTYSET('0hXcSGJ$D1ox_$1nXYrSbV',$,'EPset_Parametric',$,(#6679));
#6678=IFCRELDEFINESBYPROPERTIES('3SWgEZUqDCUfiwoFSLRJ3U',$,$,$,(#6655),#6677);
#6679=IFCPROPERTYSINGLEVALUE('Engine',$,IFCLABEL('Bonsai.DumbLayer2'),$);
#6680=IFCWALL('1DkjfN4U961waq1dhui$nZ',$,'Wall',$,$,#11264,#6686,$,$);
#6681=IFCMATERIALLAYERSETUSAGE(#6006,.AXIS2.,.POSITIVE.,0.,$);
#6682=IFCRELASSOCIATESMATERIAL('15W85y3JzBWATmnAOUQ5Vo',$,$,$,(#6680),#6681);
#6686=IFCPRODUCTDEFINITIONSHAPE($,$,(#7931,#7928));
#6702=IFCPROPERTYSET('1qgj10SBX8HOIImb9adSOZ',$,'EPset_Parametric',$,(#6704));
#6703=IFCRELDEFINESBYPROPERTIES('35B50kv395EPBoO_Prq_vH',$,$,$,(#6680),#6702);
#6704=IFCPROPERTYSINGLEVALUE('Engine',$,IFCLABEL('Bonsai.DumbLayer2'),$);
#6705=IFCWALL('2kNLMDfhzEHf1W2FG0BY9W',$,'Wall',$,$,#11269,#6711,$,$);
#6706=IFCMATERIALLAYERSETUSAGE(#6006,.AXIS2.,.POSITIVE.,0.,$);
#6707=IFCRELASSOCIATESMATERIAL('38ff70L1fDuQN5kGeiy7rR',$,$,$,(#6705),#6706);
#6711=IFCPRODUCTDEFINITIONSHAPE($,$,(#7323,#7320));
#6727=IFCPROPERTYSET('2Nzxt3Ht1DngiG0hjB0QQ9',$,'EPset_Parametric',$,(#6729));
#6728=IFCRELDEFINESBYPROPERTIES('1kmvp5h1HCsxvTYc4xdCpy',$,$,$,(#6705),#6727);
#6729=IFCPROPERTYSINGLEVALUE('Engine',$,IFCLABEL('Bonsai.DumbLayer2'),$);
#6730=IFCWALL('2EE2YTKonFW9DffVl7JFL8',$,'Wall',$,$,#11274,#6736,$,$);
#6731=IFCMATERIALLAYERSETUSAGE(#6006,.AXIS2.,.POSITIVE.,0.,$);
#6732=IFCRELASSOCIATESMATERIAL('3EImZbeOn3ww_7hpmVABsY',$,$,$,(#6730),#6731);
#6736=IFCPRODUCTDEFINITIONSHAPE($,$,(#7866,#7863));
#6752=IFCPROPERTYSET('1sYfYyoUz06Qs$eThF7Uom',$,'EPset_Parametric',$,(#6754));
#6753=IFCRELDEFINESBYPROPERTIES('2OAAqnBub9XgMfIi13iF9b',$,$,$,(#6730),#6752);
#6754=IFCPROPERTYSINGLEVALUE('Engine',$,IFCLABEL('Bonsai.DumbLayer2'),$);
#6755=IFCWALL('16JIgMGmTCq9TEhu1GxeZ6',$,'Wall',$,$,#11309,#6761,$,$);
#6756=IFCMATERIALLAYERSETUSAGE(#6006,.AXIS2.,.POSITIVE.,0.,$);
#6757=IFCRELASSOCIATESMATERIAL('2FvPrGRyf5GOXWwUnPVchI',$,$,$,(#6755),#6756);
#6761=IFCPRODUCTDEFINITIONSHAPE($,$,(#7387,#7384));
#6777=IFCPROPERTYSET('1ilZDMngr45ApgBnvh6ZEV',$,'EPset_Parametric',$,(#6779));
#6778=IFCRELDEFINESBYPROPERTIES('1uMVSD6n58DhMJ1neRHU0C',$,$,$,(#6755),#6777);
#6779=IFCPROPERTYSINGLEVALUE('Engine',$,IFCLABEL('Bonsai.DumbLayer2'),$);
#6780=IFCWALL('3_JWmGRanCEPoa$WN3ITN_',$,'Wall',$,$,#11314,#6786,$,$);
#6781=IFCMATERIALLAYERSETUSAGE(#6006,.AXIS2.,.POSITIVE.,0.,$);
#6782=IFCRELASSOCIATESMATERIAL('3Uw1ahFMP1nwshvtTzEnGv',$,$,$,(#6780),#6781);
#6786=IFCPRODUCTDEFINITIONSHAPE($,$,(#7414,#7411));
#6802=IFCPROPERTYSET('33CQFAcmP6chX6ZwXMFN_Q',$,'EPset_Parametric',$,(#6804));
#6803=IFCRELDEFINESBYPROPERTIES('03xNGlWoLFVwhOV9U$sLDI',$,$,$,(#6780),#6802);
#6804=IFCPROPERTYSINGLEVALUE('Engine',$,IFCLABEL('Bonsai.DumbLayer2'),$);
#6805=IFCWALL('3CiGORpR5EDhJtv8r8bBe9',$,'Wall',$,$,#11279,#6811,$,$);
#6806=IFCMATERIALLAYERSETUSAGE(#6006,.AXIS2.,.POSITIVE.,0.,$);
#6807=IFCRELASSOCIATESMATERIAL('1b3CjePR91MPAK4IakUZ3Z',$,$,$,(#6805),#6806);
#6811=IFCPRODUCTDEFINITIONSHAPE($,$,(#7446,#7443));
#6827=IFCPROPERTYSET('3mWmDIBB54G8GSLiupDPPJ',$,'EPset_Parametric',$,(#6829));
#6828=IFCRELDEFINESBYPROPERTIES('2zmVvWwLr9cRvZH5z2o0FK',$,$,$,(#6805),#6827);
#6829=IFCPROPERTYSINGLEVALUE('Engine',$,IFCLABEL('Bonsai.DumbLayer2'),$);
#6830=IFCWALL('0xLtBMUsT4ZQavc5PX4R9H',$,'Wall',$,$,#11319,#6836,$,$);
#6831=IFCMATERIALLAYERSETUSAGE(#6006,.AXIS2.,.POSITIVE.,0.,$);
#6832=IFCRELASSOCIATESMATERIAL('1Yd5GlSi57kxN4yYBWVXxG',$,$,$,(#6830),#6831);
#6836=IFCPRODUCTDEFINITIONSHAPE($,$,(#7472,#7469));
#6852=IFCPROPERTYSET('3cE6tvm7f0DxfxqplEui9X',$,'EPset_Parametric',$,(#6854));
#6853=IFCRELDEFINESBYPROPERTIES('2YH4IwKnX5k8BBHGuwMPyb',$,$,$,(#6830),#6852);
#6854=IFCPROPERTYSINGLEVALUE('Engine',$,IFCLABEL('Bonsai.DumbLayer2'),$);
#6855=IFCWALL('2vEAtlWP5By9E$YR3yUXUm',$,'Wall',$,$,#11284,#6861,$,$);
#6856=IFCMATERIALLAYERSETUSAGE(#6006,.AXIS2.,.POSITIVE.,0.,$);
#6857=IFCRELASSOCIATESMATERIAL('3NOCYDc5bEWgsTT_DeSzya',$,$,$,(#6855),#6856);
#6861=IFCPRODUCTDEFINITIONSHAPE($,$,(#7498,#7495));
#6877=IFCPROPERTYSET('0bNbjpoE5DYQvU1rNkBkqZ',$,'EPset_Parametric',$,(#6879));
#6878=IFCRELDEFINESBYPROPERTIES('1ejteTbPz6EQG3MyjSoPGa',$,$,$,(#6855),#6877);
#6879=IFCPROPERTYSINGLEVALUE('Engine',$,IFCLABEL('Bonsai.DumbLayer2'),$);
#6880=IFCWALL('3fsysD$R54juNeStgZrzVU',$,'Wall',$,$,#11289,#6886,$,$);
#6881=IFCMATERIALLAYERSETUSAGE(#6006,.AXIS2.,.POSITIVE.,0.,$);
#6882=IFCRELASSOCIATESMATERIAL('1dzOMDncr4Ax7db1M6l_1W',$,$,$,(#6880),#6881);
#6886=IFCPRODUCTDEFINITIONSHAPE($,$,(#7530,#7527));
#6902=IFCPROPERTYSET('2s0jtF$HH52O3regagvrjk',$,'EPset_Parametric',$,(#6904));
#6903=IFCRELDEFINESBYPROPERTIES('3lFKQw6OvF0huQw6xsXwSF',$,$,$,(#6880),#6902);
#6904=IFCPROPERTYSINGLEVALUE('Engine',$,IFCLABEL('Bonsai.DumbLayer2'),$);
#6905=IFCWALL('22OeIkoXv9_fu6FOki4CQA',$,'Wall',$,$,#11324,#6911,$,$);
#6906=IFCMATERIALLAYERSETUSAGE(#6006,.AXIS2.,.POSITIVE.,0.,$);
#6907=IFCRELASSOCIATESMATERIAL('3$YIBDTbHFEvwYLo$DmGd1',$,$,$,(#6905),#6906);
#6911=IFCPRODUCTDEFINITIONSHAPE($,$,(#7562,#7559));
#6927=IFCPROPERTYSET('3KPTiUFwvBZvXJJ1J0048n',$,'EPset_Parametric',$,(#6929));
#6928=IFCRELDEFINESBYPROPERTIES('12dVsuJCj2fvv3bgjFpRx$',$,$,$,(#6905),#6927);
#6929=IFCPROPERTYSINGLEVALUE('Engine',$,IFCLABEL('Bonsai.DumbLayer2'),$);
#6930=IFCWALL('0gkXVqMGn7x8iPeIF_tHZZ',$,'Wall',$,$,#11329,#6936,$,$);
#6931=IFCMATERIALLAYERSETUSAGE(#6006,.AXIS2.,.POSITIVE.,0.,$);
#6932=IFCRELASSOCIATESMATERIAL('0zBHb9C7H44wPvtYQknPsD',$,$,$,(#6930),#6931);
#6936=IFCPRODUCTDEFINITIONSHAPE($,$,(#7597,#7594));
#6952=IFCPROPERTYSET('0aErT4JBTDiucQ6D4fyjLa',$,'EPset_Parametric',$,(#6954));
#6953=IFCRELDEFINESBYPROPERTIES('1ZJsNwLKz6DgkZseyvwM_D',$,$,$,(#6930),#6952);
#6954=IFCPROPERTYSINGLEVALUE('Engine',$,IFCLABEL('Bonsai.DumbLayer2'),$);
#7150=IFCRELCONNECTSPATHELEMENTS('2_ij9dwWHFIvMqji_1cTfO',$,$,$,$,#6605,#6579,(),(),.ATEND.,.ATSTART.);
#7182=IFCRELCONNECTSPATHELEMENTS('1N07sMsVL0_hi9URH07D0k',$,$,$,$,#6630,#6605,(),(),.ATEND.,.ATSTART.);
#7201=IFCCARTESIANPOINTLIST2D(((0.,0.),(-0.10000004013393446,0.1),(0.8700001573645649,0.1),(0.9700001736566347,0.)));
#7202=IFCINDEXEDPOLYCURVE(#7201,(IFCLINEINDEX((1,2,3,4,1))),$);
#7203=IFCARBITRARYCLOSEDPROFILEDEF(.AREA.,$,#7202);
#7204=IFCCARTESIANPOINT((0.,0.,0.));
#7205=IFCDIRECTION((0.,0.,1.));
#7206=IFCDIRECTION((1.,0.,0.));
#7207=IFCAXIS2PLACEMENT3D(#7204,#7205,#7206);
#7208=IFCDIRECTION((0.,0.,1.));
#7209=IFCEXTRUDEDAREASOLID(#7203,#7207,#7208,3.);
#7210=IFCSHAPEREPRESENTATION(#11,'Body','SweptSolid',(#7209));
#7211=IFCCARTESIANPOINTLIST2D(((0.,0.),(0.9700001736566347,0.)));
#7212=IFCINDEXEDPOLYCURVE(#7211,$,$);
#7213=IFCSHAPEREPRESENTATION(#23,'Axis','Curve2D',(#7212));
#7214=IFCRELCONNECTSPATHELEMENTS('2_GZCej_v7zggq$4IJndxm',$,$,$,$,#6655,#6630,(),(),.ATEND.,.ATSTART.);
#7233=IFCCARTESIANPOINTLIST2D(((0.,0.),(0.10000001629206984,0.1),(2.300000260950273,0.1),(2.400000253400483,0.)));
#7234=IFCINDEXEDPOLYCURVE(#7233,(IFCLINEINDEX((1,2,3,4,1))),$);
#7235=IFCARBITRARYCLOSEDPROFILEDEF(.AREA.,$,#7234);
#7236=IFCCARTESIANPOINT((0.,0.,0.));
#7237=IFCDIRECTION((0.,0.,1.));
#7238=IFCDIRECTION((1.,0.,0.));
#7239=IFCAXIS2PLACEMENT3D(#7236,#7237,#7238);
#7240=IFCDIRECTION((0.,0.,1.));
#7241=IFCEXTRUDEDAREASOLID(#7235,#7239,#7240,3.);
#7242=IFCSHAPEREPRESENTATION(#11,'Body','SweptSolid',(#7241));
#7243=IFCCARTESIANPOINTLIST2D(((0.,0.),(2.400000253400483,0.)));
#7244=IFCINDEXEDPOLYCURVE(#7243,$,$);
#7245=IFCSHAPEREPRESENTATION(#23,'Axis','Curve2D',(#7244));
#7259=IFCCARTESIANPOINTLIST2D(((0.,0.),(0.09999999245021016,0.1),(3.207002197357247,0.1),(3.207002197357247,0.)));
#7260=IFCINDEXEDPOLYCURVE(#7259,(IFCLINEINDEX((1,2,3,4,1))),$);
#7261=IFCARBITRARYCLOSEDPROFILEDEF(.AREA.,$,#7260);
#7262=IFCCARTESIANPOINT((0.,0.,0.));
#7263=IFCDIRECTION((0.,0.,1.));
#7264=IFCDIRECTION((1.,0.,0.));
#7265=IFCAXIS2PLACEMENT3D(#7262,#7263,#7264);
#7266=IFCDIRECTION((0.,0.,1.));
#7267=IFCEXTRUDEDAREASOLID(#7261,#7265,#7266,3.);
#7268=IFCSHAPEREPRESENTATION(#11,'Body','SweptSolid',(#7267));
#7269=IFCCARTESIANPOINTLIST2D(((0.,0.),(3.207002197357247,0.)));
#7270=IFCINDEXEDPOLYCURVE(#7269,$,$);
#7271=IFCSHAPEREPRESENTATION(#23,'Axis','Curve2D',(#7270));
#7311=IFCCARTESIANPOINTLIST2D(((0.,0.),(0.,0.1),(2.4288330538258354,0.1),(2.4288330538258354,0.)));
#7312=IFCINDEXEDPOLYCURVE(#7311,(IFCLINEINDEX((1,2,3,4,1))),$);
#7313=IFCARBITRARYCLOSEDPROFILEDEF(.AREA.,$,#7312);
#7314=IFCCARTESIANPOINT((0.,0.,0.));
#7315=IFCDIRECTION((0.,0.,1.));
#7316=IFCDIRECTION((1.,0.,0.));
#7317=IFCAXIS2PLACEMENT3D(#7314,#7315,#7316);
#7318=IFCDIRECTION((0.,0.,1.));
#7319=IFCEXTRUDEDAREASOLID(#7313,#7317,#7318,3.);
#7320=IFCSHAPEREPRESENTATION(#11,'Body','SweptSolid',(#7319));
#7321=IFCCARTESIANPOINTLIST2D(((0.,0.),(2.4288330538258354,0.)));
#7322=IFCINDEXEDPOLYCURVE(#7321,$,$);
#7323=IFCSHAPEREPRESENTATION(#23,'Axis','Curve2D',(#7322));
#7324=IFCRELCONNECTSPATHELEMENTS('2SuLHwWbbEqeiNFvT3W1DF',$,$,$,$,#6755,#6730,(),(),.ATEND.,.ATSTART.);
#7356=IFCRELCONNECTSPATHELEMENTS('3ye0zZEzrBZhfpdsTERSar',$,$,$,$,#6780,#6755,(),(),.ATEND.,.ATSTART.);
#7375=IFCCARTESIANPOINTLIST2D(((0.,0.),(0.10000002264937295,0.1),(3.9200001064464183,0.1),(4.020000098896628,0.)));
#7376=IFCINDEXEDPOLYCURVE(#7375,(IFCLINEINDEX((1,2,3,4,1))),$);
#7377=IFCARBITRARYCLOSEDPROFILEDEF(.AREA.,$,#7376);
#7378=IFCCARTESIANPOINT((0.,0.,0.));
#7379=IFCDIRECTION((0.,0.,1.));
#7380=IFCDIRECTION((1.,0.,0.));
#7381=IFCAXIS2PLACEMENT3D(#7378,#7379,#7380);
#7382=IFCDIRECTION((0.,0.,1.));
#7383=IFCEXTRUDEDAREASOLID(#7377,#7381,#7382,3.);
#7384=IFCSHAPEREPRESENTATION(#11,'Body','SweptSolid',(#7383));
#7385=IFCCARTESIANPOINTLIST2D(((0.,0.),(4.020000098896628,0.)));
#7386=IFCINDEXEDPOLYCURVE(#7385,$,$);
#7387=IFCSHAPEREPRESENTATION(#23,'Axis','Curve2D',(#7386));
#7388=IFCRELCONNECTSPATHELEMENTS('3oE_o44XDFKvPnleuDfFtu',$,$,$,$,#6805,#6780,(),(),.ATEND.,.ATSTART.);
#7402=IFCCARTESIANPOINTLIST2D(((0.,0.),(0.09999999245021017,0.1),(1.069999706516925,0.1),(0.9699996600256874,0.)));
#7403=IFCINDEXEDPOLYCURVE(#7402,(IFCLINEINDEX((1,2,3,4,1))),$);
#7404=IFCARBITRARYCLOSEDPROFILEDEF(.AREA.,$,#7403);
#7405=IFCCARTESIANPOINT((0.,0.,0.));
#7406=IFCDIRECTION((0.,0.,1.));
#7407=IFCDIRECTION((1.,0.,0.));
#7408=IFCAXIS2PLACEMENT3D(#7405,#7406,#7407);
#7409=IFCDIRECTION((0.,0.,1.));
#7410=IFCEXTRUDEDAREASOLID(#7404,#7408,#7409,3.);
#7411=IFCSHAPEREPRESENTATION(#11,'Body','SweptSolid',(#7410));
#7412=IFCCARTESIANPOINTLIST2D(((0.,0.),(0.9699996600256874,0.)));
#7413=IFCINDEXEDPOLYCURVE(#7412,$,$);
#7414=IFCSHAPEREPRESENTATION(#23,'Axis','Curve2D',(#7413));
#7415=IFCRELCONNECTSPATHELEMENTS('0ZY_c2idTDUggRKLXu2LwF',$,$,$,$,#6830,#6805,(),(),.ATEND.,.ATSTART.);
#7434=IFCCARTESIANPOINTLIST2D(((0.,0.),(-0.10000004649123767,0.1),(3.390000036278785,0.1),(3.4900000827700226,0.)));
#7435=IFCINDEXEDPOLYCURVE(#7434,(IFCLINEINDEX((1,2,3,4,1))),$);
#7436=IFCARBITRARYCLOSEDPROFILEDEF(.AREA.,$,#7435);
#7437=IFCCARTESIANPOINT((0.,0.,0.));
#7438=IFCDIRECTION((0.,0.,1.));
#7439=IFCDIRECTION((1.,0.,0.));
#7440=IFCAXIS2PLACEMENT3D(#7437,#7438,#7439);
#7441=IFCDIRECTION((0.,0.,1.));
#7442=IFCEXTRUDEDAREASOLID(#7436,#7440,#7441,3.);
#7443=IFCSHAPEREPRESENTATION(#11,'Body','SweptSolid',(#7442));
#7444=IFCCARTESIANPOINTLIST2D(((0.,0.),(3.4900000827700226,0.)));
#7445=IFCINDEXEDPOLYCURVE(#7444,$,$);
#7446=IFCSHAPEREPRESENTATION(#23,'Axis','Curve2D',(#7445));
#7460=IFCCARTESIANPOINTLIST2D(((0.,0.),(0.10000004649123768,0.1),(3.0800005158594423,0.1),(3.0800005158594423,0.)));
#7461=IFCINDEXEDPOLYCURVE(#7460,(IFCLINEINDEX((1,2,3,4,1))),$);
#7462=IFCARBITRARYCLOSEDPROFILEDEF(.AREA.,$,#7461);
#7463=IFCCARTESIANPOINT((0.,0.,0.));
#7464=IFCDIRECTION((0.,0.,1.));
#7465=IFCDIRECTION((1.,0.,0.));
#7466=IFCAXIS2PLACEMENT3D(#7463,#7464,#7465);
#7467=IFCDIRECTION((0.,0.,1.));
#7468=IFCEXTRUDEDAREASOLID(#7462,#7466,#7467,3.);
#7469=IFCSHAPEREPRESENTATION(#11,'Body','SweptSolid',(#7468));
#7470=IFCCARTESIANPOINTLIST2D(((0.,0.),(3.0800005158594423,0.)));
#7471=IFCINDEXEDPOLYCURVE(#7470,$,$);
#7472=IFCSHAPEREPRESENTATION(#23,'Axis','Curve2D',(#7471));
#7486=IFCCARTESIANPOINTLIST2D(((0.,0.),(0.,0.1),(2.409999848520108,0.1),(2.409999848520108,0.)));
#7487=IFCINDEXEDPOLYCURVE(#7486,(IFCLINEINDEX((1,2,3,4,1))),$);
#7488=IFCARBITRARYCLOSEDPROFILEDEF(.AREA.,$,#7487);
#7489=IFCCARTESIANPOINT((0.,0.,0.));
#7490=IFCDIRECTION((0.,0.,1.));
#7491=IFCDIRECTION((1.,0.,0.));
#7492=IFCAXIS2PLACEMENT3D(#7489,#7490,#7491);
#7493=IFCDIRECTION((0.,0.,1.));
#7494=IFCEXTRUDEDAREASOLID(#7488,#7492,#7493,3.);
#7495=IFCSHAPEREPRESENTATION(#11,'Body','SweptSolid',(#7494));
#7496=IFCCARTESIANPOINTLIST2D(((0.,0.),(2.409999848520108,0.)));
#7497=IFCINDEXEDPOLYCURVE(#7496,$,$);
#7498=IFCSHAPEREPRESENTATION(#23,'Axis','Curve2D',(#7497));
#7499=IFCRELCONNECTSPATHELEMENTS('3wX1slzWzBs8H$WZwkcJcg',$,$,$,$,#6905,#6880,(),(),.ATEND.,.ATSTART.);
#7518=IFCCARTESIANPOINTLIST2D(((0.,0.),(0.,0.1),(1.5799999431767753,0.1),(1.6799999475479142,0.)));
#7519=IFCINDEXEDPOLYCURVE(#7518,(IFCLINEINDEX((1,2,3,4,1))),$);
#7520=IFCARBITRARYCLOSEDPROFILEDEF(.AREA.,$,#7519);
#7521=IFCCARTESIANPOINT((0.,0.,0.));
#7522=IFCDIRECTION((0.,0.,1.));
#7523=IFCDIRECTION((1.,0.,0.));
#7524=IFCAXIS2PLACEMENT3D(#7521,#7522,#7523);
#7525=IFCDIRECTION((0.,0.,1.));
#7526=IFCEXTRUDEDAREASOLID(#7520,#7524,#7525,3.);
#7527=IFCSHAPEREPRESENTATION(#11,'Body','SweptSolid',(#7526));
#7528=IFCCARTESIANPOINTLIST2D(((0.,0.),(1.6799999475479142,0.)));
#7529=IFCINDEXEDPOLYCURVE(#7528,$,$);
#7530=IFCSHAPEREPRESENTATION(#23,'Axis','Curve2D',(#7529));
#7531=IFCRELCONNECTSPATHELEMENTS('0_Be0GhG9DGufbJmrYu_Vj',$,$,$,$,#6930,#6905,(),(),.ATEND.,.ATSTART.);
#7550=IFCCARTESIANPOINTLIST2D(((0.,0.),(0.10000000437113894,0.1),(3.6015397849900914,0.1),(3.5015397806189523,0.)));
#7551=IFCINDEXEDPOLYCURVE(#7550,(IFCLINEINDEX((1,2,3,4,1))),$);
#7552=IFCARBITRARYCLOSEDPROFILEDEF(.AREA.,$,#7551);
#7553=IFCCARTESIANPOINT((0.,0.,0.));
#7554=IFCDIRECTION((0.,0.,1.));
#7555=IFCDIRECTION((1.,0.,0.));
#7556=IFCAXIS2PLACEMENT3D(#7553,#7554,#7555);
#7557=IFCDIRECTION((0.,0.,1.));
#7558=IFCEXTRUDEDAREASOLID(#7552,#7556,#7557,3.);
#7559=IFCSHAPEREPRESENTATION(#11,'Body','SweptSolid',(#7558));
#7560=IFCCARTESIANPOINTLIST2D(((0.,0.),(3.5015397806189523,0.)));
#7561=IFCINDEXEDPOLYCURVE(#7560,$,$);
#7562=IFCSHAPEREPRESENTATION(#23,'Axis','Curve2D',(#7561));
#7584=IFCRELCONNECTSPATHELEMENTS('1YfiorSFX7jeUJ8lkFR7xa',$,$,$,$,#6930,#6579,(),(),.ATSTART.,.ATEND.);
#7585=IFCCARTESIANPOINTLIST2D(((0.,0.),(-0.10000000437113893,0.1),(0.4883971170799574,0.1),(0.5883971452929582,0.)));
#7586=IFCINDEXEDPOLYCURVE(#7585,(IFCLINEINDEX((1,2,3,4,1))),$);
#7587=IFCARBITRARYCLOSEDPROFILEDEF(.AREA.,$,#7586);
#7588=IFCCARTESIANPOINT((0.,0.,0.));
#7589=IFCDIRECTION((0.,0.,1.));
#7590=IFCDIRECTION((1.,0.,0.));
#7591=IFCAXIS2PLACEMENT3D(#7588,#7589,#7590);
#7592=IFCDIRECTION((0.,0.,1.));
#7593=IFCEXTRUDEDAREASOLID(#7587,#7591,#7592,3.);
#7594=IFCSHAPEREPRESENTATION(#11,'Body','SweptSolid',(#7593));
#7595=IFCCARTESIANPOINTLIST2D(((0.,0.),(0.5883971452929582,0.)));
#7596=IFCINDEXEDPOLYCURVE(#7595,$,$);
#7597=IFCSHAPEREPRESENTATION(#23,'Axis','Curve2D',(#7596));
#7598=IFCCARTESIANPOINTLIST2D(((0.,0.),(0.10000002821300073,0.1),(1.7084595385099255,0.1),(1.608459498375991,0.)));
#7599=IFCINDEXEDPOLYCURVE(#7598,(IFCLINEINDEX((1,2,3,4,1))),$);
#7600=IFCARBITRARYCLOSEDPROFILEDEF(.AREA.,$,#7599);
#7601=IFCCARTESIANPOINT((0.,0.,0.));
#7602=IFCDIRECTION((0.,0.,1.));
#7603=IFCDIRECTION((1.,0.,0.));
#7604=IFCAXIS2PLACEMENT3D(#7601,#7602,#7603);
#7605=IFCDIRECTION((0.,0.,1.));
#7606=IFCEXTRUDEDAREASOLID(#7600,#7604,#7605,3.);
#7607=IFCSHAPEREPRESENTATION(#11,'Body','SweptSolid',(#7606));
#7608=IFCCARTESIANPOINTLIST2D(((0.,0.),(1.608459498375991,0.)));
#7609=IFCINDEXEDPOLYCURVE(#7608,$,$);
#7610=IFCSHAPEREPRESENTATION(#23,'Axis','Curve2D',(#7609));
#7620=IFCMATERIALLAYERSET((#7621),$,$);
#7621=IFCMATERIALLAYER(#82,0.1,$,$,$,$,$);
#7622=IFCSLAB('20vexKUOHBWOy2K03qGSF9',$,'Slab',$,$,#11339,#7636,$,$);
#7623=IFCMATERIALLAYERSETUSAGE(#2331,.AXIS3.,.POSITIVE.,-0.10000000149011612,$);
#7624=IFCRELASSOCIATESMATERIAL('16VRjdABjFTBtNfaz6H7mv',$,$,$,(#7622),#7623);
#7630=IFCCARTESIANPOINTLIST2D(((0.,0.),(4.76837158203125E-07,9.698396682739258),(-4.0199995040893555,9.698395729064941),(-4.0199995040893555,8.728395462036133),(-7.5099992752075195,8.728397369384766),(-7.5099992752075195,1.5583969354629517),(-4.008459568023682,1.5583969354629517),(-4.008459568023682,0.9699997901916504),(-2.405921220779419,0.9700002670288086),(-2.4000000953674316,0.),(0.,0.)));
#7631=IFCINDEXEDPOLYCURVE(#7630,$,$);
#7632=IFCDIRECTION((0.,0.,1.));
#7633=IFCARBITRARYCLOSEDPROFILEDEF(.AREA.,$,#7631);
#7634=IFCEXTRUDEDAREASOLID(#7633,#7643,#7632,0.1);
#7635=IFCSHAPEREPRESENTATION(#11,'Body','SweptSolid',(#7634));
#7636=IFCPRODUCTDEFINITIONSHAPE($,$,(#7635));
#7637=IFCPROPERTYSET('0mOz382sHFp8OBEwcVuBI_',$,'EPset_Parametric',$,(#7639));
#7638=IFCRELDEFINESBYPROPERTIES('3v5jKQtLj54BoezE6h0X4h',$,$,$,(#7622),#7637);
#7639=IFCPROPERTYSINGLEVALUE('Engine',$,IFCLABEL('Bonsai.DumbLayer3'),$);
#7640=IFCCARTESIANPOINT((-0.,-0.,-0.10000000149011612));
#7641=IFCDIRECTION((0.,0.,1.));
#7642=IFCDIRECTION((1.,0.,0.));
#7643=IFCAXIS2PLACEMENT3D(#7640,#7641,#7642);
#7644=IFCSLABTYPE('0l$6SbmSbBChcQGNjrlh8s',$,'BALCONY',$,$,(#7645),$,$,$,.FLOOR.);
#7645=IFCPROPERTYSET('3HJ16EtAHEgRqTaxows8uI',$,'EPset_Parametric',$,(#7646));
#7646=IFCPROPERTYSINGLEVALUE('LayerSetDirection',$,IFCLABEL('AXIS3'),$);
#7647=IFCRELASSOCIATESMATERIAL('3XSXugOffFKgJz2_5B62Kr',$,$,$,(#7644),#7648);
#7648=IFCMATERIALLAYERSET((#7649),$,$);
#7649=IFCMATERIALLAYER(#82,0.1,$,$,$,$,$);
#7650=IFCSLAB('2WEkcuNWr029Nmgfp_K_vv',$,'Slab',$,$,#11344,#7665,$,$);
#7651=IFCRELDEFINESBYTYPE('32XKuFkiT43x0FP5wyyHhF',$,$,$,(#7650),#7644);
#7652=IFCMATERIALLAYERSETUSAGE(#7648,.AXIS3.,.POSITIVE.,-0.10000000149011612,$);
#7653=IFCRELASSOCIATESMATERIAL('2hiydqLqP8mQZwnTzzXZQ_',$,$,$,(#7650),#7652);
#7659=IFCCARTESIANPOINTLIST2D(((0.,0.),(-5.099999904632568,0.),(-5.099999904632568,1.5583815574645996),(-1.6181029081344604,1.5583819150924683),(-1.6084593534469604,0.9699997901916504),(-0.005381941795349121,0.9703569412231445),(0.,0.)));
#7660=IFCINDEXEDPOLYCURVE(#7659,$,$);
#7661=IFCDIRECTION((0.,0.,1.));
#7662=IFCARBITRARYCLOSEDPROFILEDEF(.AREA.,$,#7660);
#7663=IFCEXTRUDEDAREASOLID(#7662,#7672,#7661,0.1);
#7664=IFCSHAPEREPRESENTATION(#11,'Body','SweptSolid',(#7663));
#7665=IFCPRODUCTDEFINITIONSHAPE($,$,(#7664));
#7666=IFCPROPERTYSET('2BjrrLhyr2cgcZfGd3qR2P',$,'EPset_Parametric',$,(#7668));
#7667=IFCRELDEFINESBYPROPERTIES('32hPWi6VP9Wudr3U3oF6q9',$,$,$,(#7650),#7666);
#7668=IFCPROPERTYSINGLEVALUE('Engine',$,IFCLABEL('Bonsai.DumbLayer3'),$);
#7669=IFCCARTESIANPOINT((-0.,-0.,-0.10000000149011612));
#7670=IFCDIRECTION((0.,0.,1.));
#7671=IFCDIRECTION((1.,0.,0.));
#7672=IFCAXIS2PLACEMENT3D(#7669,#7670,#7671);
#7673=IFCWALL('22k02JwDz4HBHF38J_iSGp',$,'Wall',$,$,#11349,#7679,$,$);
#7674=IFCMATERIALLAYERSETUSAGE(#83,.AXIS2.,.POSITIVE.,0.,$);
#7675=IFCRELASSOCIATESMATERIAL('2nJ8L68$92kPA0_GH9Fe5w',$,$,$,(#7673),#7674);
#7679=IFCPRODUCTDEFINITIONSHAPE($,$,(#7801,#7798));
#7695=IFCPROPERTYSET('27wgp_04LDnf2x4nEvWukM',$,'EPset_Parametric',$,(#7697));
#7696=IFCRELDEFINESBYPROPERTIES('3dRZKYafz3QvnHzk$B_AUi',$,$,$,(#7673),#7695);
#7697=IFCPROPERTYSINGLEVALUE('Engine',$,IFCLABEL('Bonsai.DumbLayer2'),$);
#7711=IFCWALL('3nASr6lPTATwaD7yA_BrXP',$,'Wall',$,$,#11354,#7717,$,$);
#7712=IFCMATERIALLAYERSETUSAGE(#83,.AXIS2.,.POSITIVE.,0.,$);
#7713=IFCRELASSOCIATESMATERIAL('2cVnqNG4T9dwC8HuDR97c7',$,$,$,(#7711),#7712);
#7717=IFCPRODUCTDEFINITIONSHAPE($,$,(#7788,#7785));
#7733=IFCPROPERTYSET('0dLOTPacrD3fhTSnSBhqEv',$,'EPset_Parametric',$,(#7735));
#7734=IFCRELDEFINESBYPROPERTIES('1tEyNO1vv6iP3TMd_Np2P3',$,$,$,(#7711),#7733);
#7735=IFCPROPERTYSINGLEVALUE('Engine',$,IFCLABEL('Bonsai.DumbLayer2'),$);
#7775=IFCRELCONNECTSPATHELEMENTS('2FQcW2RrH19e1gGsVsA2Fa',$,$,$,$,#7711,#7673,(),(),.ATPATH.,.ATEND.);
#7776=IFCCARTESIANPOINTLIST2D(((0.,0.),(0.,0.1),(3.466916328303576,0.1),(3.4672021885886135,0.)));
#7777=IFCINDEXEDPOLYCURVE(#7776,(IFCLINEINDEX((1,2,3,4,1))),$);
#7778=IFCARBITRARYCLOSEDPROFILEDEF(.AREA.,$,#7777);
#7779=IFCCARTESIANPOINT((0.,0.,0.));
#7780=IFCDIRECTION((0.,0.,1.));
#7781=IFCDIRECTION((1.,0.,0.));
#7782=IFCAXIS2PLACEMENT3D(#7779,#7780,#7781);
#7783=IFCDIRECTION((0.,0.,1.));
#7784=IFCEXTRUDEDAREASOLID(#7778,#7782,#7783,3.);
#7785=IFCSHAPEREPRESENTATION(#11,'Body','SweptSolid',(#7784));
#7786=IFCCARTESIANPOINTLIST2D(((0.,0.),(3.4672021885886135,0.)));
#7787=IFCINDEXEDPOLYCURVE(#7786,$,$);
#7788=IFCSHAPEREPRESENTATION(#23,'Axis','Curve2D',(#7787));
#7789=IFCCARTESIANPOINTLIST2D(((0.,0.),(0.,0.1),(6.9718527964089425,0.1),(6.9718527964089425,0.)));
#7790=IFCINDEXEDPOLYCURVE(#7789,(IFCLINEINDEX((1,2,3,4,1))),$);
#7791=IFCARBITRARYCLOSEDPROFILEDEF(.AREA.,$,#7790);
#7792=IFCCARTESIANPOINT((0.,0.,0.));
#7793=IFCDIRECTION((0.,0.,1.));
#7794=IFCDIRECTION((1.,0.,0.));
#7795=IFCAXIS2PLACEMENT3D(#7792,#7793,#7794);
#7796=IFCDIRECTION((0.,0.,1.));
#7797=IFCEXTRUDEDAREASOLID(#7791,#7795,#7796,3.);
#7798=IFCSHAPEREPRESENTATION(#11,'Body','SweptSolid',(#7797));
#7799=IFCCARTESIANPOINTLIST2D(((0.,0.),(6.9718527964089425,0.)));
#7800=IFCINDEXEDPOLYCURVE(#7799,$,$);
#7801=IFCSHAPEREPRESENTATION(#23,'Axis','Curve2D',(#7800));
#7802=IFCWALL('0uaxVTMOPC$A4nhtaXoTiV',$,'Wall',$,$,#11359,#7808,$,$);
#7803=IFCMATERIALLAYERSETUSAGE(#83,.AXIS2.,.POSITIVE.,0.,$);
#7804=IFCRELASSOCIATESMATERIAL('3fgGQV5Vb9tO1qBZzp6ixk',$,$,$,(#7802),#7803);
#7808=IFCPRODUCTDEFINITIONSHAPE($,$,(#7853,#7850));
#7824=IFCPROPERTYSET('0krrwJyc95tOCeVuCQIyan',$,'EPset_Parametric',$,(#7826));
#7825=IFCRELDEFINESBYPROPERTIES('2zELLvH3T00QOoGVw2nJTf',$,$,$,(#7802),#7824);
#7826=IFCPROPERTYSINGLEVALUE('Engine',$,IFCLABEL('Bonsai.DumbLayer2'),$);
#7840=IFCRELCONNECTSPATHELEMENTS('2ZCVb32dDFihx2HS0vDTTM',$,$,$,$,#7802,#6730,(),(),.ATPATH.,.ATEND.);
#7841=IFCCARTESIANPOINTLIST2D(((0.,0.),(0.,0.1),(3.77329500482901,0.1),(3.773294973437362,0.)));
#7842=IFCINDEXEDPOLYCURVE(#7841,(IFCLINEINDEX((1,2,3,4,1))),$);
#7843=IFCARBITRARYCLOSEDPROFILEDEF(.AREA.,$,#7842);
#7844=IFCCARTESIANPOINT((0.,0.,0.));
#7845=IFCDIRECTION((0.,0.,1.));
#7846=IFCDIRECTION((1.,0.,0.));
#7847=IFCAXIS2PLACEMENT3D(#7844,#7845,#7846);
#7848=IFCDIRECTION((0.,0.,1.));
#7849=IFCEXTRUDEDAREASOLID(#7843,#7847,#7848,3.);
#7850=IFCSHAPEREPRESENTATION(#11,'Body','SweptSolid',(#7849));
#7851=IFCCARTESIANPOINTLIST2D(((0.,0.),(3.873294973437367,0.)));
#7852=IFCINDEXEDPOLYCURVE(#7851,$,$);
#7853=IFCSHAPEREPRESENTATION(#23,'Axis','Curve2D',(#7852));
#7854=IFCCARTESIANPOINTLIST2D(((0.,0.),(0.,0.1),(1.4625610125069002,0.1),(1.562561035156273,0.)));
#7855=IFCINDEXEDPOLYCURVE(#7854,(IFCLINEINDEX((1,2,3,4,1))),$);
#7856=IFCARBITRARYCLOSEDPROFILEDEF(.AREA.,$,#7855);
#7857=IFCCARTESIANPOINT((0.,0.,0.));
#7858=IFCDIRECTION((0.,0.,1.));
#7859=IFCDIRECTION((1.,0.,0.));
#7860=IFCAXIS2PLACEMENT3D(#7857,#7858,#7859);
#7861=IFCDIRECTION((0.,0.,1.));
#7862=IFCEXTRUDEDAREASOLID(#7856,#7860,#7861,3.);
#7863=IFCSHAPEREPRESENTATION(#11,'Body','SweptSolid',(#7862));
#7864=IFCCARTESIANPOINTLIST2D(((0.,0.),(1.562561035156273,0.)));
#7865=IFCINDEXEDPOLYCURVE(#7864,$,$);
#7866=IFCSHAPEREPRESENTATION(#23,'Axis','Curve2D',(#7865));
#7867=IFCWALL('3UMLYPui56DR1$eMm0uoGp',$,'Wall',$,$,#11364,#7873,$,$);
#7868=IFCMATERIALLAYERSETUSAGE(#83,.AXIS2.,.POSITIVE.,0.,$);
#7869=IFCRELASSOCIATESMATERIAL('0AMP8jGbzAOvzPeBlE$mJL',$,$,$,(#7867),#7868);
#7873=IFCPRODUCTDEFINITIONSHAPE($,$,(#7918,#7915));
#7889=IFCPROPERTYSET('2_xZxVznz3ZhA9G128U61n',$,'EPset_Parametric',$,(#7891));
#7890=IFCRELDEFINESBYPROPERTIES('3454JK2Wz6qutJOyQfZXyN',$,$,$,(#7867),#7889);
#7891=IFCPROPERTYSINGLEVALUE('Engine',$,IFCLABEL('Bonsai.DumbLayer2'),$);
#7905=IFCRELCONNECTSPATHELEMENTS('2gLKmp5i54whkHQ0BDy3Xv',$,$,$,$,#7867,#6680,(),(),.ATPATH.,.ATEND.);
#7906=IFCCARTESIANPOINTLIST2D(((0.,0.),(0.,0.1),(3.765082507065967,0.1),(3.765082499516177,0.)));
#7907=IFCINDEXEDPOLYCURVE(#7906,(IFCLINEINDEX((1,2,3,4,1))),$);
#7908=IFCARBITRARYCLOSEDPROFILEDEF(.AREA.,$,#7907);
#7909=IFCCARTESIANPOINT((0.,0.,0.));
#7910=IFCDIRECTION((0.,0.,1.));
#7911=IFCDIRECTION((1.,0.,0.));
#7912=IFCAXIS2PLACEMENT3D(#7909,#7910,#7911);
#7913=IFCDIRECTION((0.,0.,1.));
#7914=IFCEXTRUDEDAREASOLID(#7908,#7912,#7913,3.);
#7915=IFCSHAPEREPRESENTATION(#11,'Body','SweptSolid',(#7914));
#7916=IFCCARTESIANPOINTLIST2D(((0.,0.),(3.865082499516177,0.)));
#7917=IFCINDEXEDPOLYCURVE(#7916,$,$);
#7918=IFCSHAPEREPRESENTATION(#23,'Axis','Curve2D',(#7917));
#7919=IFCCARTESIANPOINTLIST2D(((0.,0.),(0.,0.1),(2.5,0.1),(2.5,0.)));
#7920=IFCINDEXEDPOLYCURVE(#7919,(IFCLINEINDEX((1,2,3,4,1))),$);
#7921=IFCARBITRARYCLOSEDPROFILEDEF(.AREA.,$,#7920);
#7922=IFCCARTESIANPOINT((0.,0.,0.));
#7923=IFCDIRECTION((0.,0.,1.));
#7924=IFCDIRECTION((1.,0.,0.));
#7925=IFCAXIS2PLACEMENT3D(#7922,#7923,#7924);
#7926=IFCDIRECTION((0.,0.,1.));
#7927=IFCEXTRUDEDAREASOLID(#7921,#7925,#7926,3.);
#7928=IFCSHAPEREPRESENTATION(#11,'Body','SweptSolid',(#7927));
#7929=IFCCARTESIANPOINTLIST2D(((0.,0.),(2.5,0.)));
#7930=IFCINDEXEDPOLYCURVE(#7929,$,$);
#7931=IFCSHAPEREPRESENTATION(#23,'Axis','Curve2D',(#7930));
#7932=IFCDOORTYPE('0NGbEOmiz8AAFb79PqK1_3',$,'MASTER-2F',$,$,(#7933),(#7935,#7943,#8021),$,$,.DOOR.,.SINGLE_SWING_LEFT.,$,$);
#7933=IFCPROPERTYSET('0nbbUBc0D8Sxshr5v7ZuTT',$,'BBIM_Door',$,(#7934));
#7934=IFCPROPERTYSINGLEVALUE('Data',$,IFCTEXT('{"door_type": "SINGLE_SWING_LEFT", "overall_height": 2.0, "overall_width": 0.8999999761581421, "lining_properties": {"lining_depth": 0.05000000074505806, "lining_thickness": 0.05000000074505806, "lining_offset": 0.0, "lining_to_panel_offset_x": 0.02500000037252903, "lining_to_panel_offset_y": 0.02500000037252903, "transom_thickness": 0.0, "casing_thickness": 0.07500000298023224, "casing_depth": 0.004999999888241291, "threshold_thickness": 0.02500000037252903, "threshold_depth": 0.10000000149011612, "threshold_offset": 0.0}, "panel_properties": {"panel_depth": 0.03500000014901161, "panel_width_ratio": 1.0}}'),$);
#7935=IFCREPRESENTATIONMAP(#7936,#7940);
#7936=IFCAXIS2PLACEMENT3D(#7937,#7938,#7939);
#7937=IFCCARTESIANPOINT((0.,0.,0.));
#7938=IFCDIRECTION((0.,0.,1.));
#7939=IFCDIRECTION((1.,0.,0.));
#7940=IFCSHAPEREPRESENTATION(#18,'Profile','Curve3D',(#7941));
#7941=IFCINDEXEDPOLYCURVE(#7942,(IFCLINEINDEX((1,2,3,4,1))),$);
#7942=IFCCARTESIANPOINTLIST3D(((0.,0.,0.),(0.8999999761581421,0.,0.),(0.8999999761581421,0.,2.),(0.,0.,2.)));
#7943=IFCREPRESENTATIONMAP(#7944,#7948);
#7944=IFCAXIS2PLACEMENT3D(#7945,#7946,#7947);
#7945=IFCCARTESIANPOINT((0.,0.,0.));
#7946=IFCDIRECTION((0.,0.,1.));
#7947=IFCDIRECTION((1.,0.,0.));
#7948=IFCSHAPEREPRESENTATION(#11,'Body','SweptSolid',(#7949,#7958,#7967,#7976,#7985,#7994,#8003,#8012));
#7949=IFCEXTRUDEDAREASOLID(#7950,#7953,#7957,0.02500000037252903);
#7950=IFCARBITRARYCLOSEDPROFILEDEF(.AREA.,$,#7951);
#7951=IFCINDEXEDPOLYCURVE(#7952,(IFCLINEINDEX((1,2,3,4,5,6,7,8,1))),$);
#7952=IFCCARTESIANPOINTLIST2D(((0.,0.),(0.,2.),(0.8999999761581421,2.),(0.8999999761581421,0.),(0.8749999757856131,0.),(0.8749999757856131,1.974999999627471),(0.02500000037252903,1.974999999627471),(0.02500000037252903,0.)));
#7953=IFCAXIS2PLACEMENT3D(#7954,#7955,#7956);
#7954=IFCCARTESIANPOINT((0.,0.02500000037252903,0.));
#7955=IFCDIRECTION((0.,-1.,0.));
#7956=IFCDIRECTION((1.,0.,0.));
#7957=IFCDIRECTION((0.,0.,-1.));
#7958=IFCEXTRUDEDAREASOLID(#7959,#7962,#7966,0.02500000037252903);
#7959=IFCARBITRARYCLOSEDPROFILEDEF(.AREA.,$,#7960);
#7960=IFCINDEXEDPOLYCURVE(#7961,(IFCLINEINDEX((1,2,3,4,5,6,7,8,1))),$);
#7961=IFCCARTESIANPOINTLIST2D(((0.,0.),(0.,2.),(0.8999999761581421,2.),(0.8999999761581421,0.),(0.849999975413084,0.),(0.849999975413084,1.949999999254942),(0.05000000074505806,1.949999999254942),(0.05000000074505806,0.)));
#7962=IFCAXIS2PLACEMENT3D(#7963,#7964,#7965);
#7963=IFCCARTESIANPOINT((0.,0.,0.));
#7964=IFCDIRECTION((0.,-1.,0.));
#7965=IFCDIRECTION((1.,0.,0.));
#7966=IFCDIRECTION((0.,0.,-1.));
#7967=IFCEXTRUDEDAREASOLID(#7968,#7971,#7975,1.949999999254942);
#7968=IFCARBITRARYCLOSEDPROFILEDEF(.AREA.,$,#7969);
#7969=IFCINDEXEDPOLYCURVE(#7970,(IFCLINEINDEX((1,2,3,4,1))),$);
#7970=IFCCARTESIANPOINTLIST2D(((0.,0.),(0.849999975413084,0.),(0.849999975413084,0.03500000014901161),(0.,0.03500000014901161)));
#7971=IFCAXIS2PLACEMENT3D(#7972,#7973,#7974);
#7972=IFCCARTESIANPOINT((0.02500000037252903,0.02500000037252903,0.02500000037252903));
#7973=IFCDIRECTION((0.,0.,1.));
#7974=IFCDIRECTION((1.,0.,0.));
#7975=IFCDIRECTION((0.,0.,1.));
#7976=IFCEXTRUDEDAREASOLID(#7977,#7980,#7984,0.02);
#7977=IFCARBITRARYCLOSEDPROFILEDEF(.AREA.,$,#7978);
#7978=IFCINDEXEDPOLYCURVE(#7979,(IFCLINEINDEX((1,2,3,4,5,6,1))),$);
#7979=IFCCARTESIANPOINTLIST2D(((0.,0.),(0.,-0.04),(-0.11999999999999988,-0.04),(-0.11999999999999988,-0.02),(-0.020000000000000018,-0.02),(-0.020000000000000018,0.)));
#7980=IFCAXIS2PLACEMENT3D(#7981,#7982,#7983);
#7981=IFCCARTESIANPOINT((0.824999975785613,0.02500000037252903,1.015000000372529));
#7982=IFCDIRECTION((0.,0.,1.));
#7983=IFCDIRECTION((1.,0.,0.));
#7984=IFCDIRECTION((0.,0.,1.));
#7985=IFCEXTRUDEDAREASOLID(#7986,#7989,#7993,0.02);
#7986=IFCARBITRARYCLOSEDPROFILEDEF(.AREA.,$,#7987);
#7987=IFCINDEXEDPOLYCURVE(#7988,(IFCLINEINDEX((1,2,3,4,5,6,1))),$);
#7988=IFCCARTESIANPOINTLIST2D(((0.,0.),(0.,0.04000000000000001),(-0.11999999999999988,0.04000000000000001),(-0.11999999999999988,0.020000000000000004),(-0.020000000000000018,0.020000000000000004),(-0.020000000000000018,0.)));
#7989=IFCAXIS2PLACEMENT3D(#7990,#7991,#7992);
#7990=IFCCARTESIANPOINT((0.824999975785613,0.06000000052154064,1.015000000372529));
#7991=IFCDIRECTION((0.,0.,1.));
#7992=IFCDIRECTION((1.,0.,0.));
#7993=IFCDIRECTION((0.,0.,1.));
#7994=IFCEXTRUDEDAREASOLID(#7995,#7998,#8002,0.02500000037252903);
#7995=IFCARBITRARYCLOSEDPROFILEDEF(.AREA.,$,#7996);
#7996=IFCINDEXEDPOLYCURVE(#7997,(IFCLINEINDEX((1,2,3,4,1))),$);
#7997=IFCCARTESIANPOINTLIST2D(((0.,0.),(0.799999974668026,0.),(0.799999974668026,0.10000000149011612),(0.,0.10000000149011612)));
#7998=IFCAXIS2PLACEMENT3D(#7999,#8000,#8001);
#7999=IFCCARTESIANPOINT((0.05000000074505806,0.,0.));
#8000=IFCDIRECTION((0.,0.,1.));
#8001=IFCDIRECTION((1.,0.,0.));
#8002=IFCDIRECTION((0.,0.,1.));
#8003=IFCEXTRUDEDAREASOLID(#8004,#8007,#8011,0.004999999888241291);
#8004=IFCARBITRARYCLOSEDPROFILEDEF(.AREA.,$,#8005);
#8005=IFCINDEXEDPOLYCURVE(#8006,(IFCLINEINDEX((1,2,3,4,5,6,7,8,1))),$);
#8006=IFCCARTESIANPOINTLIST2D(((0.,0.),(0.,2.025000002235174),(0.9499999806284904,2.025000002235174),(0.9499999806284904,0.),(0.8749999776482582,0.),(0.8749999776482582,1.949999999254942),(0.07500000298023224,1.949999999254942),(0.07500000298023224,0.)));
#8007=IFCAXIS2PLACEMENT3D(#8008,#8009,#8010);
#8008=IFCCARTESIANPOINT((-0.02500000223517418,-0.004999999888241291,0.));
#8009=IFCDIRECTION((0.,-1.,0.));
#8010=IFCDIRECTION((1.,0.,0.));
#8011=IFCDIRECTION((0.,0.,-1.));
#8012=IFCEXTRUDEDAREASOLID(#8013,#8016,#8020,0.004999999888241291);
#8013=IFCARBITRARYCLOSEDPROFILEDEF(.AREA.,$,#8014);
#8014=IFCINDEXEDPOLYCURVE(#8015,(IFCLINEINDEX((1,2,3,4,5,6,7,8,1))),$);
#8015=IFCCARTESIANPOINTLIST2D(((0.,0.),(0.,2.025000002235174),(0.9499999806284904,2.025000002235174),(0.9499999806284904,0.),(0.8999999780207872,0.),(0.8999999780207872,1.974999999627471),(0.05000000260770321,1.974999999627471),(0.05000000260770321,0.)));
#8016=IFCAXIS2PLACEMENT3D(#8017,#8018,#8019);
#8017=IFCCARTESIANPOINT((-0.02500000223517418,0.05000000074505806,0.));
#8018=IFCDIRECTION((0.,-1.,0.));
#8019=IFCDIRECTION((1.,0.,0.));
#8020=IFCDIRECTION((0.,0.,-1.));
#8021=IFCREPRESENTATIONMAP(#8022,#8026);
#8022=IFCAXIS2PLACEMENT3D(#8023,#8024,#8025);
#8023=IFCCARTESIANPOINT((0.,0.,0.));
#8024=IFCDIRECTION((0.,0.,1.));
#8025=IFCDIRECTION((1.,0.,0.));
#8026=IFCSHAPEREPRESENTATION(#24,'Body','Curve2D',(#8027,#8029,#8031,#8038));
#8027=IFCINDEXEDPOLYCURVE(#8028,(IFCLINEINDEX((1,2,3,4,5,6,1))),$);
#8028=IFCCARTESIANPOINTLIST2D(((0.,0.),(0.,0.05000000074505806),(0.02500000037252903,0.05000000074505806),(0.02500000037252903,0.02500000037252903),(0.05000000074505806,0.02500000037252903),(0.05000000074505806,0.)));
#8029=IFCINDEXEDPOLYCURVE(#8030,(IFCLINEINDEX((1,2,3,4,5,6,1))),$);
#8030=IFCCARTESIANPOINTLIST2D(((0.8999999761581421,0.),(0.8999999761581421,0.05000000074505806),(0.8749999757856131,0.05000000074505806),(0.8749999757856131,0.02500000037252903),(0.849999975413084,0.02500000037252903),(0.849999975413084,0.)));
#8031=IFCTRIMMEDCURVE(#8032,(#8036),(#8037),.T.,.CARTESIAN.);
#8032=IFCELLIPSE(#8033,0.8149999752640724,0.849999975413084);
#8033=IFCAXIS2PLACEMENT2D(#8034,#8035);
#8034=IFCCARTESIANPOINT((0.06000000052154064,0.05000000074505806));
#8035=IFCDIRECTION((1.,0.));
#8036=IFCCARTESIANPOINT((0.8749999757856131,0.05000000074505806));
#8037=IFCCARTESIANPOINT((0.06000000052154064,0.8999999761581421));
#8038=IFCINDEXEDPOLYCURVE(#8039,(IFCLINEINDEX((1,2,3,4,1))),$);
#8039=IFCCARTESIANPOINTLIST2D(((0.02500000037252903,0.05000000074505806),(0.06000000052154064,0.05000000074505806),(0.06000000052154064,0.8999999761581421),(0.02500000037252903,0.8999999761581421)));
#8105=IFCDOOR('30GKNdiFX3jO6hF6y_bPbX',$,'Door',$,$,#8169,#8114,$,2.,0.8999999761581421,$,$,$);
#8106=IFCRELDEFINESBYTYPE('2Jv$0p81rCueJevrzTBfzh',$,$,$,(#8105),#7932);
#8107=IFCCARTESIANPOINT((0.,0.,0.));
#8108=IFCDIRECTION((1.,0.,0.));
#8109=IFCDIRECTION((0.,1.,0.));
#8110=IFCDIRECTION((0.,0.,1.));
#8111=IFCCARTESIANTRANSFORMATIONOPERATOR3D(#8108,#8109,#8107,1.,#8110);
#8112=IFCMAPPEDITEM(#7935,#8111);
#8113=IFCSHAPEREPRESENTATION(#18,'Profile','MappedRepresentation',(#8112));
#8114=IFCPRODUCTDEFINITIONSHAPE($,$,(#8113,#8121,#8128));
#8115=IFCCARTESIANPOINT((0.,0.,0.));
#8116=IFCDIRECTION((1.,0.,0.));
#8117=IFCDIRECTION((0.,1.,0.));
#8118=IFCDIRECTION((0.,0.,1.));
#8119=IFCCARTESIANTRANSFORMATIONOPERATOR3D(#8116,#8117,#8115,1.,#8118);
#8120=IFCMAPPEDITEM(#7943,#8119);
#8121=IFCSHAPEREPRESENTATION(#11,'Body','MappedRepresentation',(#8120));
#8122=IFCCARTESIANPOINT((0.,0.,0.));
#8123=IFCDIRECTION((1.,0.,0.));
#8124=IFCDIRECTION((0.,1.,0.));
#8125=IFCDIRECTION((0.,0.,1.));
#8126=IFCCARTESIANTRANSFORMATIONOPERATOR3D(#8123,#8124,#8122,1.,#8125);
#8127=IFCMAPPEDITEM(#8021,#8126);
#8128=IFCSHAPEREPRESENTATION(#24,'Body','MappedRepresentation',(#8127));
#8129=IFCOPENINGELEMENT('3b3BLFrUv4$Rw2r9jVFZL8',$,'Opening',$,$,#8163,#8157,$,.OPENING.);
#8135=IFCCARTESIANPOINTLIST2D(((0.,0.),(0.8999999761581421,0.),(0.8999999761581421,2.),(0.,2.)));
#8136=IFCINDEXEDPOLYCURVE(#8135,(IFCLINEINDEX((1,2,3,4,1))),$);
#8137=IFCARBITRARYCLOSEDPROFILEDEF(.AREA.,$,#8136);
#8138=IFCCARTESIANPOINT((0.,-0.6000000238418579,0.));
#8139=IFCDIRECTION((0.,-1.,0.));
#8140=IFCDIRECTION((1.,0.,0.));
#8141=IFCAXIS2PLACEMENT3D(#8138,#8139,#8140);
#8142=IFCDIRECTION((0.,0.,-1.));
#8143=IFCEXTRUDEDAREASOLID(#8137,#8141,#8142,1.2);
#8144=IFCSHAPEREPRESENTATION(#11,'Body','SweptSolid',(#8143));
#8145=IFCCARTESIANPOINT((0.,0.,0.));
#8146=IFCDIRECTION((1.,0.,0.));
#8147=IFCDIRECTION((0.,0.,1.));
#8148=IFCAXIS2PLACEMENT3D(#8145,#8147,#8146);
#8149=IFCREPRESENTATIONMAP(#8148,#8144);
#8150=IFCCARTESIANPOINT((0.,0.,0.));
#8151=IFCDIRECTION((1.,0.,0.));
#8152=IFCDIRECTION((0.,1.,0.));
#8153=IFCDIRECTION((0.,0.,1.));
#8154=IFCCARTESIANTRANSFORMATIONOPERATOR3D(#8151,#8152,#8150,1.,#8153);
#8155=IFCMAPPEDITEM(#8149,#8154);
#8156=IFCSHAPEREPRESENTATION(#11,'Body','MappedRepresentation',(#8155));
#8157=IFCPRODUCTDEFINITIONSHAPE($,$,(#8156));
#8158=IFCRELVOIDSELEMENT('1OzkYJshD8vPBiGMOPurB1',$,$,$,#7673,#8129);
#8159=IFCCARTESIANPOINT((4.035068984428892,0.10000046844122662,-0.009999990463256836));
#8160=IFCDIRECTION((0.,0.,1.));
#8161=IFCDIRECTION((-0.9999999999999996,3.178651297730528E-08,0.));
#8162=IFCAXIS2PLACEMENT3D(#8159,#8160,#8161);
#8163=IFCLOCALPLACEMENT(#11349,#8162);
#8164=IFCRELFILLSELEMENT('2YwFz2k$jC7gvVeFPEGLxz',$,$,$,#8129,#8105);
#8165=IFCCARTESIANPOINT((-6.661338147750939E-16,0.,0.));
#8166=IFCDIRECTION((0.,0.,1.));
#8167=IFCDIRECTION((0.9999999999999999,1.3234889800848443E-23,0.));
#8168=IFCAXIS2PLACEMENT3D(#8165,#8166,#8167);
#8169=IFCLOCALPLACEMENT(#8163,#8168);
#8296=IFCDOORTYPE('0ISpTRCR10L8LxUMgPDwGx',$,'BD1-2F',$,$,(#8297),(#8299,#8307,#8385),$,$,.DOOR.,.SINGLE_SWING_LEFT.,$,$);
#8297=IFCPROPERTYSET('0athTP25rCawtn1Q27ErOs',$,'BBIM_Door',$,(#8298));
#8298=IFCPROPERTYSINGLEVALUE('Data',$,IFCTEXT('{"door_type": "SINGLE_SWING_LEFT", "overall_height": 2.0, "overall_width": 0.8999999761581421, "lining_properties": {"lining_depth": 0.05000000074505806, "lining_thickness": 0.05000000074505806, "lining_offset": 0.0, "lining_to_panel_offset_x": 0.02500000037252903, "lining_to_panel_offset_y": 0.02500000037252903, "transom_thickness": 0.0, "casing_thickness": 0.07500000298023224, "casing_depth": 0.004999999888241291, "threshold_thickness": 0.02500000037252903, "threshold_depth": 0.10000000149011612, "threshold_offset": 0.0}, "panel_properties": {"panel_depth": 0.03500000014901161, "panel_width_ratio": 1.0}}'),$);
#8299=IFCREPRESENTATIONMAP(#8300,#8304);
#8300=IFCAXIS2PLACEMENT3D(#8301,#8302,#8303);
#8301=IFCCARTESIANPOINT((0.,0.,0.));
#8302=IFCDIRECTION((0.,0.,1.));
#8303=IFCDIRECTION((1.,0.,0.));
#8304=IFCSHAPEREPRESENTATION(#18,'Profile','Curve3D',(#8305));
#8305=IFCINDEXEDPOLYCURVE(#8306,(IFCLINEINDEX((1,2,3,4,1))),$);
#8306=IFCCARTESIANPOINTLIST3D(((0.,0.,0.),(0.8999999761581421,0.,0.),(0.8999999761581421,0.,2.),(0.,0.,2.)));
#8307=IFCREPRESENTATIONMAP(#8308,#8312);
#8308=IFCAXIS2PLACEMENT3D(#8309,#8310,#8311);
#8309=IFCCARTESIANPOINT((0.,0.,0.));
#8310=IFCDIRECTION((0.,0.,1.));
#8311=IFCDIRECTION((1.,0.,0.));
#8312=IFCSHAPEREPRESENTATION(#11,'Body','SweptSolid',(#8313,#8322,#8331,#8340,#8349,#8358,#8367,#8376));
#8313=IFCEXTRUDEDAREASOLID(#8314,#8317,#8321,0.02500000037252903);
#8314=IFCARBITRARYCLOSEDPROFILEDEF(.AREA.,$,#8315);
#8315=IFCINDEXEDPOLYCURVE(#8316,(IFCLINEINDEX((1,2,3,4,5,6,7,8,1))),$);
#8316=IFCCARTESIANPOINTLIST2D(((0.,0.),(0.,2.),(0.8999999761581421,2.),(0.8999999761581421,0.),(0.8749999757856131,0.),(0.8749999757856131,1.974999999627471),(0.02500000037252903,1.974999999627471),(0.02500000037252903,0.)));
#8317=IFCAXIS2PLACEMENT3D(#8318,#8319,#8320);
#8318=IFCCARTESIANPOINT((0.,0.02500000037252903,0.));
#8319=IFCDIRECTION((0.,-1.,0.));
#8320=IFCDIRECTION((1.,0.,0.));
#8321=IFCDIRECTION((0.,0.,-1.));
#8322=IFCEXTRUDEDAREASOLID(#8323,#8326,#8330,0.02500000037252903);
#8323=IFCARBITRARYCLOSEDPROFILEDEF(.AREA.,$,#8324);
#8324=IFCINDEXEDPOLYCURVE(#8325,(IFCLINEINDEX((1,2,3,4,5,6,7,8,1))),$);
#8325=IFCCARTESIANPOINTLIST2D(((0.,0.),(0.,2.),(0.8999999761581421,2.),(0.8999999761581421,0.),(0.849999975413084,0.),(0.849999975413084,1.949999999254942),(0.05000000074505806,1.949999999254942),(0.05000000074505806,0.)));
#8326=IFCAXIS2PLACEMENT3D(#8327,#8328,#8329);
#8327=IFCCARTESIANPOINT((0.,0.,0.));
#8328=IFCDIRECTION((0.,-1.,0.));
#8329=IFCDIRECTION((1.,0.,0.));
#8330=IFCDIRECTION((0.,0.,-1.));
#8331=IFCEXTRUDEDAREASOLID(#8332,#8335,#8339,1.949999999254942);
#8332=IFCARBITRARYCLOSEDPROFILEDEF(.AREA.,$,#8333);
#8333=IFCINDEXEDPOLYCURVE(#8334,(IFCLINEINDEX((1,2,3,4,1))),$);
#8334=IFCCARTESIANPOINTLIST2D(((0.,0.),(0.849999975413084,0.),(0.849999975413084,0.03500000014901161),(0.,0.03500000014901161)));
#8335=IFCAXIS2PLACEMENT3D(#8336,#8337,#8338);
#8336=IFCCARTESIANPOINT((0.02500000037252903,0.02500000037252903,0.02500000037252903));
#8337=IFCDIRECTION((0.,0.,1.));
#8338=IFCDIRECTION((1.,0.,0.));
#8339=IFCDIRECTION((0.,0.,1.));
#8340=IFCEXTRUDEDAREASOLID(#8341,#8344,#8348,0.02);
#8341=IFCARBITRARYCLOSEDPROFILEDEF(.AREA.,$,#8342);
#8342=IFCINDEXEDPOLYCURVE(#8343,(IFCLINEINDEX((1,2,3,4,5,6,1))),$);
#8343=IFCCARTESIANPOINTLIST2D(((0.,0.),(0.,-0.04),(-0.11999999999999988,-0.04),(-0.11999999999999988,-0.02),(-0.020000000000000018,-0.02),(-0.020000000000000018,0.)));
#8344=IFCAXIS2PLACEMENT3D(#8345,#8346,#8347);
#8345=IFCCARTESIANPOINT((0.824999975785613,0.02500000037252903,1.015000000372529));
#8346=IFCDIRECTION((0.,0.,1.));
#8347=IFCDIRECTION((1.,0.,0.));
#8348=IFCDIRECTION((0.,0.,1.));
#8349=IFCEXTRUDEDAREASOLID(#8350,#8353,#8357,0.02);
#8350=IFCARBITRARYCLOSEDPROFILEDEF(.AREA.,$,#8351);
#8351=IFCINDEXEDPOLYCURVE(#8352,(IFCLINEINDEX((1,2,3,4,5,6,1))),$);
#8352=IFCCARTESIANPOINTLIST2D(((0.,0.),(0.,0.04000000000000001),(-0.11999999999999988,0.04000000000000001),(-0.11999999999999988,0.020000000000000004),(-0.020000000000000018,0.020000000000000004),(-0.020000000000000018,0.)));
#8353=IFCAXIS2PLACEMENT3D(#8354,#8355,#8356);
#8354=IFCCARTESIANPOINT((0.824999975785613,0.06000000052154064,1.015000000372529));
#8355=IFCDIRECTION((0.,0.,1.));
#8356=IFCDIRECTION((1.,0.,0.));
#8357=IFCDIRECTION((0.,0.,1.));
#8358=IFCEXTRUDEDAREASOLID(#8359,#8362,#8366,0.02500000037252903);
#8359=IFCARBITRARYCLOSEDPROFILEDEF(.AREA.,$,#8360);
#8360=IFCINDEXEDPOLYCURVE(#8361,(IFCLINEINDEX((1,2,3,4,1))),$);
#8361=IFCCARTESIANPOINTLIST2D(((0.,0.),(0.799999974668026,0.),(0.799999974668026,0.10000000149011612),(0.,0.10000000149011612)));
#8362=IFCAXIS2PLACEMENT3D(#8363,#8364,#8365);
#8363=IFCCARTESIANPOINT((0.05000000074505806,0.,0.));
#8364=IFCDIRECTION((0.,0.,1.));
#8365=IFCDIRECTION((1.,0.,0.));
#8366=IFCDIRECTION((0.,0.,1.));
#8367=IFCEXTRUDEDAREASOLID(#8368,#8371,#8375,0.004999999888241291);
#8368=IFCARBITRARYCLOSEDPROFILEDEF(.AREA.,$,#8369);
#8369=IFCINDEXEDPOLYCURVE(#8370,(IFCLINEINDEX((1,2,3,4,5,6,7,8,1))),$);
#8370=IFCCARTESIANPOINTLIST2D(((0.,0.),(0.,2.025000002235174),(0.9499999806284904,2.025000002235174),(0.9499999806284904,0.),(0.8749999776482582,0.),(0.8749999776482582,1.949999999254942),(0.07500000298023224,1.949999999254942),(0.07500000298023224,0.)));
#8371=IFCAXIS2PLACEMENT3D(#8372,#8373,#8374);
#8372=IFCCARTESIANPOINT((-0.02500000223517418,-0.004999999888241291,0.));
#8373=IFCDIRECTION((0.,-1.,0.));
#8374=IFCDIRECTION((1.,0.,0.));
#8375=IFCDIRECTION((0.,0.,-1.));
#8376=IFCEXTRUDEDAREASOLID(#8377,#8380,#8384,0.004999999888241291);
#8377=IFCARBITRARYCLOSEDPROFILEDEF(.AREA.,$,#8378);
#8378=IFCINDEXEDPOLYCURVE(#8379,(IFCLINEINDEX((1,2,3,4,5,6,7,8,1))),$);
#8379=IFCCARTESIANPOINTLIST2D(((0.,0.),(0.,2.025000002235174),(0.9499999806284904,2.025000002235174),(0.9499999806284904,0.),(0.8999999780207872,0.),(0.8999999780207872,1.974999999627471),(0.05000000260770321,1.974999999627471),(0.05000000260770321,0.)));
#8380=IFCAXIS2PLACEMENT3D(#8381,#8382,#8383);
#8381=IFCCARTESIANPOINT((-0.02500000223517418,0.05000000074505806,0.));
#8382=IFCDIRECTION((0.,-1.,0.));
#8383=IFCDIRECTION((1.,0.,0.));
#8384=IFCDIRECTION((0.,0.,-1.));
#8385=IFCREPRESENTATIONMAP(#8386,#8390);
#8386=IFCAXIS2PLACEMENT3D(#8387,#8388,#8389);
#8387=IFCCARTESIANPOINT((0.,0.,0.));
#8388=IFCDIRECTION((0.,0.,1.));
#8389=IFCDIRECTION((1.,0.,0.));
#8390=IFCSHAPEREPRESENTATION(#24,'Body','Curve2D',(#8391,#8393,#8395,#8402));
#8391=IFCINDEXEDPOLYCURVE(#8392,(IFCLINEINDEX((1,2,3,4,5,6,1))),$);
#8392=IFCCARTESIANPOINTLIST2D(((0.,0.),(0.,0.05000000074505806),(0.02500000037252903,0.05000000074505806),(0.02500000037252903,0.02500000037252903),(0.05000000074505806,0.02500000037252903),(0.05000000074505806,0.)));
#8393=IFCINDEXEDPOLYCURVE(#8394,(IFCLINEINDEX((1,2,3,4,5,6,1))),$);
#8394=IFCCARTESIANPOINTLIST2D(((0.8999999761581421,0.),(0.8999999761581421,0.05000000074505806),(0.8749999757856131,0.05000000074505806),(0.8749999757856131,0.02500000037252903),(0.849999975413084,0.02500000037252903),(0.849999975413084,0.)));
#8395=IFCTRIMMEDCURVE(#8396,(#8400),(#8401),.T.,.CARTESIAN.);
#8396=IFCELLIPSE(#8397,0.8149999752640724,0.849999975413084);
#8397=IFCAXIS2PLACEMENT2D(#8398,#8399);
#8398=IFCCARTESIANPOINT((0.06000000052154064,0.05000000074505806));
#8399=IFCDIRECTION((1.,0.));
#8400=IFCCARTESIANPOINT((0.8749999757856131,0.05000000074505806));
#8401=IFCCARTESIANPOINT((0.06000000052154064,0.8999999761581421));
#8402=IFCINDEXEDPOLYCURVE(#8403,(IFCLINEINDEX((1,2,3,4,1))),$);
#8403=IFCCARTESIANPOINTLIST2D(((0.02500000037252903,0.05000000074505806),(0.06000000052154064,0.05000000074505806),(0.06000000052154064,0.8999999761581421),(0.02500000037252903,0.8999999761581421)));
#8404=IFCDOOR('2WFqV$1KL5ehvnsPm_qe9s',$,'Door',$,$,#8468,#8413,$,2.,0.8999999761581421,$,$,$);
#8405=IFCRELDEFINESBYTYPE('2C7x5AYIjFIe6iWhJr68HH',$,$,$,(#9284,#8404),#8296);
#8406=IFCCARTESIANPOINT((0.,0.,0.));
#8407=IFCDIRECTION((1.,0.,0.));
#8408=IFCDIRECTION((0.,1.,0.));
#8409=IFCDIRECTION((0.,0.,1.));
#8410=IFCCARTESIANTRANSFORMATIONOPERATOR3D(#8407,#8408,#8406,1.,#8409);
#8411=IFCMAPPEDITEM(#8299,#8410);
#8412=IFCSHAPEREPRESENTATION(#18,'Profile','MappedRepresentation',(#8411));
#8413=IFCPRODUCTDEFINITIONSHAPE($,$,(#8412,#8420,#8427));
#8414=IFCCARTESIANPOINT((0.,0.,0.));
#8415=IFCDIRECTION((1.,0.,0.));
#8416=IFCDIRECTION((0.,1.,0.));
#8417=IFCDIRECTION((0.,0.,1.));
#8418=IFCCARTESIANTRANSFORMATIONOPERATOR3D(#8415,#8416,#8414,1.,#8417);
#8419=IFCMAPPEDITEM(#8307,#8418);
#8420=IFCSHAPEREPRESENTATION(#11,'Body','MappedRepresentation',(#8419));
#8421=IFCCARTESIANPOINT((0.,0.,0.));
#8422=IFCDIRECTION((1.,0.,0.));
#8423=IFCDIRECTION((0.,1.,0.));
#8424=IFCDIRECTION((0.,0.,1.));
#8425=IFCCARTESIANTRANSFORMATIONOPERATOR3D(#8422,#8423,#8421,1.,#8424);
#8426=IFCMAPPEDITEM(#8385,#8425);
#8427=IFCSHAPEREPRESENTATION(#24,'Body','MappedRepresentation',(#8426));
#8428=IFCOPENINGELEMENT('2dE$0uVlj6MuvwVdyqjBFk',$,'Opening',$,$,#8462,#8456,$,.OPENING.);
#8434=IFCCARTESIANPOINTLIST2D(((0.,0.),(0.8999999761581421,0.),(0.8999999761581421,2.),(0.,2.)));
#8435=IFCINDEXEDPOLYCURVE(#8434,(IFCLINEINDEX((1,2,3,4,1))),$);
#8436=IFCARBITRARYCLOSEDPROFILEDEF(.AREA.,$,#8435);
#8437=IFCCARTESIANPOINT((0.,-0.6000000238418579,0.));
#8438=IFCDIRECTION((0.,-1.,0.));
#8439=IFCDIRECTION((1.,0.,0.));
#8440=IFCAXIS2PLACEMENT3D(#8437,#8438,#8439);
#8441=IFCDIRECTION((0.,0.,-1.));
#8442=IFCEXTRUDEDAREASOLID(#8436,#8440,#8441,1.2);
#8443=IFCSHAPEREPRESENTATION(#11,'Body','SweptSolid',(#8442));
#8444=IFCCARTESIANPOINT((0.,0.,0.));
#8445=IFCDIRECTION((1.,0.,0.));
#8446=IFCDIRECTION((0.,0.,1.));
#8447=IFCAXIS2PLACEMENT3D(#8444,#8446,#8445);
#8448=IFCREPRESENTATIONMAP(#8447,#8443);
#8449=IFCCARTESIANPOINT((0.,0.,0.));
#8450=IFCDIRECTION((1.,0.,0.));
#8451=IFCDIRECTION((0.,1.,0.));
#8452=IFCDIRECTION((0.,0.,1.));
#8453=IFCCARTESIANTRANSFORMATIONOPERATOR3D(#8450,#8451,#8449,1.,#8452);
#8454=IFCMAPPEDITEM(#8448,#8453);
#8455=IFCSHAPEREPRESENTATION(#11,'Body','MappedRepresentation',(#8454));
#8456=IFCPRODUCTDEFINITIONSHAPE($,$,(#8455));
#8457=IFCRELVOIDSELEMENT('32NU9bQljB1R8V_RBNU1$f',$,$,$,#7673,#8428);
#8458=IFCCARTESIANPOINT((2.765023227135196,0.10000032351879623,-0.009999990463256836));
#8459=IFCDIRECTION((0.,0.,1.));
#8460=IFCDIRECTION((-0.9999999999999996,3.178651297730528E-08,0.));
#8461=IFCAXIS2PLACEMENT3D(#8458,#8459,#8460);
#8462=IFCLOCALPLACEMENT(#11349,#8461);
#8463=IFCRELFILLSELEMENT('0aHCXa_C5AmeQxlpRug0_N',$,$,$,#8428,#8404);
#8464=IFCCARTESIANPOINT((-1.3322676295501878E-15,0.,0.));
#8465=IFCDIRECTION((0.,0.,1.));
#8466=IFCDIRECTION((0.9999999999999999,1.3234889800848443E-23,0.));
#8467=IFCAXIS2PLACEMENT3D(#8464,#8465,#8466);
#8468=IFCLOCALPLACEMENT(#8462,#8467);
#8497=IFCDOORTYPE('3jNKg3gPb4_ftTGKfPTNQG',$,'TB-2F',$,$,(#8498),(#8500,#8508,#8586),$,$,.DOOR.,.SINGLE_SWING_LEFT.,$,$);
#8498=IFCPROPERTYSET('1Ol61cqAj66evpJnQE3HuH',$,'BBIM_Door',$,(#8499));
#8499=IFCPROPERTYSINGLEVALUE('Data',$,IFCTEXT('{"door_type": "SINGLE_SWING_LEFT", "overall_height": 2.0, "overall_width": 0.8999999761581421, "lining_properties": {"lining_depth": 0.05000000074505806, "lining_thickness": 0.05000000074505806, "lining_offset": 0.0, "lining_to_panel_offset_x": 0.02500000037252903, "lining_to_panel_offset_y": 0.02500000037252903, "transom_thickness": 0.0, "casing_thickness": 0.07500000298023224, "casing_depth": 0.004999999888241291, "threshold_thickness": 0.02500000037252903, "threshold_depth": 0.10000000149011612, "threshold_offset": 0.0}, "panel_properties": {"panel_depth": 0.03500000014901161, "panel_width_ratio": 1.0}}'),$);
#8500=IFCREPRESENTATIONMAP(#8501,#8505);
#8501=IFCAXIS2PLACEMENT3D(#8502,#8503,#8504);
#8502=IFCCARTESIANPOINT((0.,0.,0.));
#8503=IFCDIRECTION((0.,0.,1.));
#8504=IFCDIRECTION((1.,0.,0.));
#8505=IFCSHAPEREPRESENTATION(#18,'Profile','Curve3D',(#8506));
#8506=IFCINDEXEDPOLYCURVE(#8507,(IFCLINEINDEX((1,2,3,4,1))),$);
#8507=IFCCARTESIANPOINTLIST3D(((0.,0.,0.),(0.8999999761581421,0.,0.),(0.8999999761581421,0.,2.),(0.,0.,2.)));
#8508=IFCREPRESENTATIONMAP(#8509,#8513);
#8509=IFCAXIS2PLACEMENT3D(#8510,#8511,#8512);
#8510=IFCCARTESIANPOINT((0.,0.,0.));
#8511=IFCDIRECTION((0.,0.,1.));
#8512=IFCDIRECTION((1.,0.,0.));
#8513=IFCSHAPEREPRESENTATION(#11,'Body','SweptSolid',(#8514,#8523,#8532,#8541,#8550,#8559,#8568,#8577));
#8514=IFCEXTRUDEDAREASOLID(#8515,#8518,#8522,0.02500000037252903);
#8515=IFCARBITRARYCLOSEDPROFILEDEF(.AREA.,$,#8516);
#8516=IFCINDEXEDPOLYCURVE(#8517,(IFCLINEINDEX((1,2,3,4,5,6,7,8,1))),$);
#8517=IFCCARTESIANPOINTLIST2D(((0.,0.),(0.,2.),(0.8999999761581421,2.),(0.8999999761581421,0.),(0.8749999757856131,0.),(0.8749999757856131,1.974999999627471),(0.02500000037252903,1.974999999627471),(0.02500000037252903,0.)));
#8518=IFCAXIS2PLACEMENT3D(#8519,#8520,#8521);
#8519=IFCCARTESIANPOINT((0.,0.02500000037252903,0.));
#8520=IFCDIRECTION((0.,-1.,0.));
#8521=IFCDIRECTION((1.,0.,0.));
#8522=IFCDIRECTION((0.,0.,-1.));
#8523=IFCEXTRUDEDAREASOLID(#8524,#8527,#8531,0.02500000037252903);
#8524=IFCARBITRARYCLOSEDPROFILEDEF(.AREA.,$,#8525);
#8525=IFCINDEXEDPOLYCURVE(#8526,(IFCLINEINDEX((1,2,3,4,5,6,7,8,1))),$);
#8526=IFCCARTESIANPOINTLIST2D(((0.,0.),(0.,2.),(0.8999999761581421,2.),(0.8999999761581421,0.),(0.849999975413084,0.),(0.849999975413084,1.949999999254942),(0.05000000074505806,1.949999999254942),(0.05000000074505806,0.)));
#8527=IFCAXIS2PLACEMENT3D(#8528,#8529,#8530);
#8528=IFCCARTESIANPOINT((0.,0.,0.));
#8529=IFCDIRECTION((0.,-1.,0.));
#8530=IFCDIRECTION((1.,0.,0.));
#8531=IFCDIRECTION((0.,0.,-1.));
#8532=IFCEXTRUDEDAREASOLID(#8533,#8536,#8540,1.949999999254942);
#8533=IFCARBITRARYCLOSEDPROFILEDEF(.AREA.,$,#8534);
#8534=IFCINDEXEDPOLYCURVE(#8535,(IFCLINEINDEX((1,2,3,4,1))),$);
#8535=IFCCARTESIANPOINTLIST2D(((0.,0.),(0.849999975413084,0.),(0.849999975413084,0.03500000014901161),(0.,0.03500000014901161)));
#8536=IFCAXIS2PLACEMENT3D(#8537,#8538,#8539);
#8537=IFCCARTESIANPOINT((0.02500000037252903,0.02500000037252903,0.02500000037252903));
#8538=IFCDIRECTION((0.,0.,1.));
#8539=IFCDIRECTION((1.,0.,0.));
#8540=IFCDIRECTION((0.,0.,1.));
#8541=IFCEXTRUDEDAREASOLID(#8542,#8545,#8549,0.02);
#8542=IFCARBITRARYCLOSEDPROFILEDEF(.AREA.,$,#8543);
#8543=IFCINDEXEDPOLYCURVE(#8544,(IFCLINEINDEX((1,2,3,4,5,6,1))),$);
#8544=IFCCARTESIANPOINTLIST2D(((0.,0.),(0.,-0.04),(-0.11999999999999988,-0.04),(-0.11999999999999988,-0.02),(-0.020000000000000018,-0.02),(-0.020000000000000018,0.)));
#8545=IFCAXIS2PLACEMENT3D(#8546,#8547,#8548);
#8546=IFCCARTESIANPOINT((0.824999975785613,0.02500000037252903,1.015000000372529));
#8547=IFCDIRECTION((0.,0.,1.));
#8548=IFCDIRECTION((1.,0.,0.));
#8549=IFCDIRECTION((0.,0.,1.));
#8550=IFCEXTRUDEDAREASOLID(#8551,#8554,#8558,0.02);
#8551=IFCARBITRARYCLOSEDPROFILEDEF(.AREA.,$,#8552);
#8552=IFCINDEXEDPOLYCURVE(#8553,(IFCLINEINDEX((1,2,3,4,5,6,1))),$);
#8553=IFCCARTESIANPOINTLIST2D(((0.,0.),(0.,0.04000000000000001),(-0.11999999999999988,0.04000000000000001),(-0.11999999999999988,0.020000000000000004),(-0.020000000000000018,0.020000000000000004),(-0.020000000000000018,0.)));
#8554=IFCAXIS2PLACEMENT3D(#8555,#8556,#8557);
#8555=IFCCARTESIANPOINT((0.824999975785613,0.06000000052154064,1.015000000372529));
#8556=IFCDIRECTION((0.,0.,1.));
#8557=IFCDIRECTION((1.,0.,0.));
#8558=IFCDIRECTION((0.,0.,1.));
#8559=IFCEXTRUDEDAREASOLID(#8560,#8563,#8567,0.02500000037252903);
#8560=IFCARBITRARYCLOSEDPROFILEDEF(.AREA.,$,#8561);
#8561=IFCINDEXEDPOLYCURVE(#8562,(IFCLINEINDEX((1,2,3,4,1))),$);
#8562=IFCCARTESIANPOINTLIST2D(((0.,0.),(0.799999974668026,0.),(0.799999974668026,0.10000000149011612),(0.,0.10000000149011612)));
#8563=IFCAXIS2PLACEMENT3D(#8564,#8565,#8566);
#8564=IFCCARTESIANPOINT((0.05000000074505806,0.,0.));
#8565=IFCDIRECTION((0.,0.,1.));
#8566=IFCDIRECTION((1.,0.,0.));
#8567=IFCDIRECTION((0.,0.,1.));
#8568=IFCEXTRUDEDAREASOLID(#8569,#8572,#8576,0.004999999888241291);
#8569=IFCARBITRARYCLOSEDPROFILEDEF(.AREA.,$,#8570);
#8570=IFCINDEXEDPOLYCURVE(#8571,(IFCLINEINDEX((1,2,3,4,5,6,7,8,1))),$);
#8571=IFCCARTESIANPOINTLIST2D(((0.,0.),(0.,2.025000002235174),(0.9499999806284904,2.025000002235174),(0.9499999806284904,0.),(0.8749999776482582,0.),(0.8749999776482582,1.949999999254942),(0.07500000298023224,1.949999999254942),(0.07500000298023224,0.)));
#8572=IFCAXIS2PLACEMENT3D(#8573,#8574,#8575);
#8573=IFCCARTESIANPOINT((-0.02500000223517418,-0.004999999888241291,0.));
#8574=IFCDIRECTION((0.,-1.,0.));
#8575=IFCDIRECTION((1.,0.,0.));
#8576=IFCDIRECTION((0.,0.,-1.));
#8577=IFCEXTRUDEDAREASOLID(#8578,#8581,#8585,0.004999999888241291);
#8578=IFCARBITRARYCLOSEDPROFILEDEF(.AREA.,$,#8579);
#8579=IFCINDEXEDPOLYCURVE(#8580,(IFCLINEINDEX((1,2,3,4,5,6,7,8,1))),$);
#8580=IFCCARTESIANPOINTLIST2D(((0.,0.),(0.,2.025000002235174),(0.9499999806284904,2.025000002235174),(0.9499999806284904,0.),(0.8999999780207872,0.),(0.8999999780207872,1.974999999627471),(0.05000000260770321,1.974999999627471),(0.05000000260770321,0.)));
#8581=IFCAXIS2PLACEMENT3D(#8582,#8583,#8584);
#8582=IFCCARTESIANPOINT((-0.02500000223517418,0.05000000074505806,0.));
#8583=IFCDIRECTION((0.,-1.,0.));
#8584=IFCDIRECTION((1.,0.,0.));
#8585=IFCDIRECTION((0.,0.,-1.));
#8586=IFCREPRESENTATIONMAP(#8587,#8591);
#8587=IFCAXIS2PLACEMENT3D(#8588,#8589,#8590);
#8588=IFCCARTESIANPOINT((0.,0.,0.));
#8589=IFCDIRECTION((0.,0.,1.));
#8590=IFCDIRECTION((1.,0.,0.));
#8591=IFCSHAPEREPRESENTATION(#24,'Body','Curve2D',(#8592,#8594,#8596,#8603));
#8592=IFCINDEXEDPOLYCURVE(#8593,(IFCLINEINDEX((1,2,3,4,5,6,1))),$);
#8593=IFCCARTESIANPOINTLIST2D(((0.,0.),(0.,0.05000000074505806),(0.02500000037252903,0.05000000074505806),(0.02500000037252903,0.02500000037252903),(0.05000000074505806,0.02500000037252903),(0.05000000074505806,0.)));
#8594=IFCINDEXEDPOLYCURVE(#8595,(IFCLINEINDEX((1,2,3,4,5,6,1))),$);
#8595=IFCCARTESIANPOINTLIST2D(((0.8999999761581421,0.),(0.8999999761581421,0.05000000074505806),(0.8749999757856131,0.05000000074505806),(0.8749999757856131,0.02500000037252903),(0.849999975413084,0.02500000037252903),(0.849999975413084,0.)));
#8596=IFCTRIMMEDCURVE(#8597,(#8601),(#8602),.T.,.CARTESIAN.);
#8597=IFCELLIPSE(#8598,0.8149999752640724,0.849999975413084);
#8598=IFCAXIS2PLACEMENT2D(#8599,#8600);
#8599=IFCCARTESIANPOINT((0.06000000052154064,0.05000000074505806));
#8600=IFCDIRECTION((1.,0.));
#8601=IFCCARTESIANPOINT((0.8749999757856131,0.05000000074505806));
#8602=IFCCARTESIANPOINT((0.06000000052154064,0.8999999761581421));
#8603=IFCINDEXEDPOLYCURVE(#8604,(IFCLINEINDEX((1,2,3,4,1))),$);
#8604=IFCCARTESIANPOINTLIST2D(((0.02500000037252903,0.05000000074505806),(0.06000000052154064,0.05000000074505806),(0.06000000052154064,0.8999999761581421),(0.02500000037252903,0.8999999761581421)));
#8605=IFCDOOR('1P1NOwr1rAYPTzAtuQ7d6S',$,'Door',$,$,#11369,#8614,$,2.,0.8999999761581421,$,$,$);
#8606=IFCRELDEFINESBYTYPE('2RDmFTaNH8fOk7sCrczDCC',$,$,$,(#8742,#8605),#8497);
#8607=IFCCARTESIANPOINT((0.,0.,0.));
#8608=IFCDIRECTION((1.,0.,0.));
#8609=IFCDIRECTION((0.,1.,0.));
#8610=IFCDIRECTION((0.,0.,1.));
#8611=IFCCARTESIANTRANSFORMATIONOPERATOR3D(#8608,#8609,#8607,1.,#8610);
#8612=IFCMAPPEDITEM(#8500,#8611);
#8613=IFCSHAPEREPRESENTATION(#18,'Profile','MappedRepresentation',(#8612));
#8614=IFCPRODUCTDEFINITIONSHAPE($,$,(#8613,#8621,#8628));
#8615=IFCCARTESIANPOINT((0.,0.,0.));
#8616=IFCDIRECTION((1.,0.,0.));
#8617=IFCDIRECTION((0.,1.,0.));
#8618=IFCDIRECTION((0.,0.,1.));
#8619=IFCCARTESIANTRANSFORMATIONOPERATOR3D(#8616,#8617,#8615,1.,#8618);
#8620=IFCMAPPEDITEM(#8508,#8619);
#8621=IFCSHAPEREPRESENTATION(#11,'Body','MappedRepresentation',(#8620));
#8622=IFCCARTESIANPOINT((0.,0.,0.));
#8623=IFCDIRECTION((1.,0.,0.));
#8624=IFCDIRECTION((0.,1.,0.));
#8625=IFCDIRECTION((0.,0.,1.));
#8626=IFCCARTESIANTRANSFORMATIONOPERATOR3D(#8623,#8624,#8622,1.,#8625);
#8627=IFCMAPPEDITEM(#8586,#8626);
#8628=IFCSHAPEREPRESENTATION(#24,'Body','MappedRepresentation',(#8627));
#8634=IFCDOORTYPE('3knzA539TDsAlTPGCz2wPP',$,'BD2-2F',$,$,(#8635),(#8637,#8645,#8723),$,$,.DOOR.,.SINGLE_SWING_LEFT.,$,$);
#8635=IFCPROPERTYSET('2TE4Jc2hn5uOR04gFf9jv3',$,'BBIM_Door',$,(#8636));
#8636=IFCPROPERTYSINGLEVALUE('Data',$,IFCTEXT('{"door_type": "SINGLE_SWING_LEFT", "overall_height": 2.0, "overall_width": 0.8999999761581421, "lining_properties": {"lining_depth": 0.05000000074505806, "lining_thickness": 0.05000000074505806, "lining_offset": 0.0, "lining_to_panel_offset_x": 0.02500000037252903, "lining_to_panel_offset_y": 0.02500000037252903, "transom_thickness": 0.0, "casing_thickness": 0.07500000298023224, "casing_depth": 0.004999999888241291, "threshold_thickness": 0.02500000037252903, "threshold_depth": 0.10000000149011612, "threshold_offset": 0.0}, "panel_properties": {"panel_depth": 0.03500000014901161, "panel_width_ratio": 1.0}}'),$);
#8637=IFCREPRESENTATIONMAP(#8638,#8642);
#8638=IFCAXIS2PLACEMENT3D(#8639,#8640,#8641);
#8639=IFCCARTESIANPOINT((0.,0.,0.));
#8640=IFCDIRECTION((0.,0.,1.));
#8641=IFCDIRECTION((1.,0.,0.));
#8642=IFCSHAPEREPRESENTATION(#18,'Profile','Curve3D',(#8643));
#8643=IFCINDEXEDPOLYCURVE(#8644,(IFCLINEINDEX((1,2,3,4,1))),$);
#8644=IFCCARTESIANPOINTLIST3D(((0.,0.,0.),(0.8999999761581421,0.,0.),(0.8999999761581421,0.,2.),(0.,0.,2.)));
#8645=IFCREPRESENTATIONMAP(#8646,#8650);
#8646=IFCAXIS2PLACEMENT3D(#8647,#8648,#8649);
#8647=IFCCARTESIANPOINT((0.,0.,0.));
#8648=IFCDIRECTION((0.,0.,1.));
#8649=IFCDIRECTION((1.,0.,0.));
#8650=IFCSHAPEREPRESENTATION(#11,'Body','SweptSolid',(#8651,#8660,#8669,#8678,#8687,#8696,#8705,#8714));
#8651=IFCEXTRUDEDAREASOLID(#8652,#8655,#8659,0.02500000037252903);
#8652=IFCARBITRARYCLOSEDPROFILEDEF(.AREA.,$,#8653);
#8653=IFCINDEXEDPOLYCURVE(#8654,(IFCLINEINDEX((1,2,3,4,5,6,7,8,1))),$);
#8654=IFCCARTESIANPOINTLIST2D(((0.,0.),(0.,2.),(0.8999999761581421,2.),(0.8999999761581421,0.),(0.8749999757856131,0.),(0.8749999757856131,1.974999999627471),(0.02500000037252903,1.974999999627471),(0.02500000037252903,0.)));
#8655=IFCAXIS2PLACEMENT3D(#8656,#8657,#8658);
#8656=IFCCARTESIANPOINT((0.,0.02500000037252903,0.));
#8657=IFCDIRECTION((0.,-1.,0.));
#8658=IFCDIRECTION((1.,0.,0.));
#8659=IFCDIRECTION((0.,0.,-1.));
#8660=IFCEXTRUDEDAREASOLID(#8661,#8664,#8668,0.02500000037252903);
#8661=IFCARBITRARYCLOSEDPROFILEDEF(.AREA.,$,#8662);
#8662=IFCINDEXEDPOLYCURVE(#8663,(IFCLINEINDEX((1,2,3,4,5,6,7,8,1))),$);
#8663=IFCCARTESIANPOINTLIST2D(((0.,0.),(0.,2.),(0.8999999761581421,2.),(0.8999999761581421,0.),(0.849999975413084,0.),(0.849999975413084,1.949999999254942),(0.05000000074505806,1.949999999254942),(0.05000000074505806,0.)));
#8664=IFCAXIS2PLACEMENT3D(#8665,#8666,#8667);
#8665=IFCCARTESIANPOINT((0.,0.,0.));
#8666=IFCDIRECTION((0.,-1.,0.));
#8667=IFCDIRECTION((1.,0.,0.));
#8668=IFCDIRECTION((0.,0.,-1.));
#8669=IFCEXTRUDEDAREASOLID(#8670,#8673,#8677,1.949999999254942);
#8670=IFCARBITRARYCLOSEDPROFILEDEF(.AREA.,$,#8671);
#8671=IFCINDEXEDPOLYCURVE(#8672,(IFCLINEINDEX((1,2,3,4,1))),$);
#8672=IFCCARTESIANPOINTLIST2D(((0.,0.),(0.849999975413084,0.),(0.849999975413084,0.03500000014901161),(0.,0.03500000014901161)));
#8673=IFCAXIS2PLACEMENT3D(#8674,#8675,#8676);
#8674=IFCCARTESIANPOINT((0.02500000037252903,0.02500000037252903,0.02500000037252903));
#8675=IFCDIRECTION((0.,0.,1.));
#8676=IFCDIRECTION((1.,0.,0.));
#8677=IFCDIRECTION((0.,0.,1.));
#8678=IFCEXTRUDEDAREASOLID(#8679,#8682,#8686,0.02);
#8679=IFCARBITRARYCLOSEDPROFILEDEF(.AREA.,$,#8680);
#8680=IFCINDEXEDPOLYCURVE(#8681,(IFCLINEINDEX((1,2,3,4,5,6,1))),$);
#8681=IFCCARTESIANPOINTLIST2D(((0.,0.),(0.,-0.04),(-0.11999999999999988,-0.04),(-0.11999999999999988,-0.02),(-0.020000000000000018,-0.02),(-0.020000000000000018,0.)));
#8682=IFCAXIS2PLACEMENT3D(#8683,#8684,#8685);
#8683=IFCCARTESIANPOINT((0.824999975785613,0.02500000037252903,1.015000000372529));
#8684=IFCDIRECTION((0.,0.,1.));
#8685=IFCDIRECTION((1.,0.,0.));
#8686=IFCDIRECTION((0.,0.,1.));
#8687=IFCEXTRUDEDAREASOLID(#8688,#8691,#8695,0.02);
#8688=IFCARBITRARYCLOSEDPROFILEDEF(.AREA.,$,#8689);
#8689=IFCINDEXEDPOLYCURVE(#8690,(IFCLINEINDEX((1,2,3,4,5,6,1))),$);
#8690=IFCCARTESIANPOINTLIST2D(((0.,0.),(0.,0.04000000000000001),(-0.11999999999999988,0.04000000000000001),(-0.11999999999999988,0.020000000000000004),(-0.020000000000000018,0.020000000000000004),(-0.020000000000000018,0.)));
#8691=IFCAXIS2PLACEMENT3D(#8692,#8693,#8694);
#8692=IFCCARTESIANPOINT((0.824999975785613,0.06000000052154064,1.015000000372529));
#8693=IFCDIRECTION((0.,0.,1.));
#8694=IFCDIRECTION((1.,0.,0.));
#8695=IFCDIRECTION((0.,0.,1.));
#8696=IFCEXTRUDEDAREASOLID(#8697,#8700,#8704,0.02500000037252903);
#8697=IFCARBITRARYCLOSEDPROFILEDEF(.AREA.,$,#8698);
#8698=IFCINDEXEDPOLYCURVE(#8699,(IFCLINEINDEX((1,2,3,4,1))),$);
#8699=IFCCARTESIANPOINTLIST2D(((0.,0.),(0.799999974668026,0.),(0.799999974668026,0.10000000149011612),(0.,0.10000000149011612)));
#8700=IFCAXIS2PLACEMENT3D(#8701,#8702,#8703);
#8701=IFCCARTESIANPOINT((0.05000000074505806,0.,0.));
#8702=IFCDIRECTION((0.,0.,1.));
#8703=IFCDIRECTION((1.,0.,0.));
#8704=IFCDIRECTION((0.,0.,1.));
#8705=IFCEXTRUDEDAREASOLID(#8706,#8709,#8713,0.004999999888241291);
#8706=IFCARBITRARYCLOSEDPROFILEDEF(.AREA.,$,#8707);
#8707=IFCINDEXEDPOLYCURVE(#8708,(IFCLINEINDEX((1,2,3,4,5,6,7,8,1))),$);
#8708=IFCCARTESIANPOINTLIST2D(((0.,0.),(0.,2.025000002235174),(0.9499999806284904,2.025000002235174),(0.9499999806284904,0.),(0.8749999776482582,0.),(0.8749999776482582,1.949999999254942),(0.07500000298023224,1.949999999254942),(0.07500000298023224,0.)));
#8709=IFCAXIS2PLACEMENT3D(#8710,#8711,#8712);
#8710=IFCCARTESIANPOINT((-0.02500000223517418,-0.004999999888241291,0.));
#8711=IFCDIRECTION((0.,-1.,0.));
#8712=IFCDIRECTION((1.,0.,0.));
#8713=IFCDIRECTION((0.,0.,-1.));
#8714=IFCEXTRUDEDAREASOLID(#8715,#8718,#8722,0.004999999888241291);
#8715=IFCARBITRARYCLOSEDPROFILEDEF(.AREA.,$,#8716);
#8716=IFCINDEXEDPOLYCURVE(#8717,(IFCLINEINDEX((1,2,3,4,5,6,7,8,1))),$);
#8717=IFCCARTESIANPOINTLIST2D(((0.,0.),(0.,2.025000002235174),(0.9499999806284904,2.025000002235174),(0.9499999806284904,0.),(0.8999999780207872,0.),(0.8999999780207872,1.974999999627471),(0.05000000260770321,1.974999999627471),(0.05000000260770321,0.)));
#8718=IFCAXIS2PLACEMENT3D(#8719,#8720,#8721);
#8719=IFCCARTESIANPOINT((-0.02500000223517418,0.05000000074505806,0.));
#8720=IFCDIRECTION((0.,-1.,0.));
#8721=IFCDIRECTION((1.,0.,0.));
#8722=IFCDIRECTION((0.,0.,-1.));
#8723=IFCREPRESENTATIONMAP(#8724,#8728);
#8724=IFCAXIS2PLACEMENT3D(#8725,#8726,#8727);
#8725=IFCCARTESIANPOINT((0.,0.,0.));
#8726=IFCDIRECTION((0.,0.,1.));
#8727=IFCDIRECTION((1.,0.,0.));
#8728=IFCSHAPEREPRESENTATION(#24,'Body','Curve2D',(#8729,#8731,#8733,#8740));
#8729=IFCINDEXEDPOLYCURVE(#8730,(IFCLINEINDEX((1,2,3,4,5,6,1))),$);
#8730=IFCCARTESIANPOINTLIST2D(((0.,0.),(0.,0.05000000074505806),(0.02500000037252903,0.05000000074505806),(0.02500000037252903,0.02500000037252903),(0.05000000074505806,0.02500000037252903),(0.05000000074505806,0.)));
#8731=IFCINDEXEDPOLYCURVE(#8732,(IFCLINEINDEX((1,2,3,4,5,6,1))),$);
#8732=IFCCARTESIANPOINTLIST2D(((0.8999999761581421,0.),(0.8999999761581421,0.05000000074505806),(0.8749999757856131,0.05000000074505806),(0.8749999757856131,0.02500000037252903),(0.849999975413084,0.02500000037252903),(0.849999975413084,0.)));
#8733=IFCTRIMMEDCURVE(#8734,(#8738),(#8739),.T.,.CARTESIAN.);
#8734=IFCELLIPSE(#8735,0.8149999752640724,0.849999975413084);
#8735=IFCAXIS2PLACEMENT2D(#8736,#8737);
#8736=IFCCARTESIANPOINT((0.06000000052154064,0.05000000074505806));
#8737=IFCDIRECTION((1.,0.));
#8738=IFCCARTESIANPOINT((0.8749999757856131,0.05000000074505806));
#8739=IFCCARTESIANPOINT((0.06000000052154064,0.8999999761581421));
#8740=IFCINDEXEDPOLYCURVE(#8741,(IFCLINEINDEX((1,2,3,4,1))),$);
#8741=IFCCARTESIANPOINTLIST2D(((0.02500000037252903,0.05000000074505806),(0.06000000052154064,0.05000000074505806),(0.06000000052154064,0.8999999761581421),(0.02500000037252903,0.8999999761581421)));
#8742=IFCDOOR('0VRz48KUzEWhJ7xWHKHas3',$,'Door',$,$,#8805,#8750,$,2.,0.8999999761581421,$,$,$);
#8743=IFCCARTESIANPOINT((0.,0.,0.));
#8744=IFCDIRECTION((1.,0.,0.));
#8745=IFCDIRECTION((0.,1.,0.));
#8746=IFCDIRECTION((0.,0.,1.));
#8747=IFCCARTESIANTRANSFORMATIONOPERATOR3D(#8744,#8745,#8743,1.,#8746);
#8748=IFCMAPPEDITEM(#8500,#8747);
#8749=IFCSHAPEREPRESENTATION(#18,'Profile','MappedRepresentation',(#8748));
#8750=IFCPRODUCTDEFINITIONSHAPE($,$,(#8749,#8757,#8764));
#8751=IFCCARTESIANPOINT((0.,0.,0.));
#8752=IFCDIRECTION((1.,0.,0.));
#8753=IFCDIRECTION((0.,1.,0.));
#8754=IFCDIRECTION((0.,0.,1.));
#8755=IFCCARTESIANTRANSFORMATIONOPERATOR3D(#8752,#8753,#8751,1.,#8754);
#8756=IFCMAPPEDITEM(#8508,#8755);
#8757=IFCSHAPEREPRESENTATION(#11,'Body','MappedRepresentation',(#8756));
#8758=IFCCARTESIANPOINT((0.,0.,0.));
#8759=IFCDIRECTION((1.,0.,0.));
#8760=IFCDIRECTION((0.,1.,0.));
#8761=IFCDIRECTION((0.,0.,1.));
#8762=IFCCARTESIANTRANSFORMATIONOPERATOR3D(#8759,#8760,#8758,1.,#8761);
#8763=IFCMAPPEDITEM(#8586,#8762);
#8764=IFCSHAPEREPRESENTATION(#24,'Body','MappedRepresentation',(#8763));
#8765=IFCOPENINGELEMENT('1ydhO3imT4J8IPyAPJNTbp',$,'Opening',$,$,#8799,#8793,$,.OPENING.);
#8771=IFCCARTESIANPOINTLIST2D(((0.,0.),(0.8999999761581421,0.),(0.8999999761581421,2.),(0.,2.)));
#8772=IFCINDEXEDPOLYCURVE(#8771,(IFCLINEINDEX((1,2,3,4,1))),$);
#8773=IFCARBITRARYCLOSEDPROFILEDEF(.AREA.,$,#8772);
#8774=IFCCARTESIANPOINT((0.,-0.6000000238418579,0.));
#8775=IFCDIRECTION((0.,-1.,0.));
#8776=IFCDIRECTION((1.,0.,0.));
#8777=IFCAXIS2PLACEMENT3D(#8774,#8775,#8776);
#8778=IFCDIRECTION((0.,0.,-1.));
#8779=IFCEXTRUDEDAREASOLID(#8773,#8777,#8778,1.2);
#8780=IFCSHAPEREPRESENTATION(#11,'Body','SweptSolid',(#8779));
#8781=IFCCARTESIANPOINT((0.,0.,0.));
#8782=IFCDIRECTION((1.,0.,0.));
#8783=IFCDIRECTION((0.,0.,1.));
#8784=IFCAXIS2PLACEMENT3D(#8781,#8783,#8782);
#8785=IFCREPRESENTATIONMAP(#8784,#8780);
#8786=IFCCARTESIANPOINT((0.,0.,0.));
#8787=IFCDIRECTION((1.,0.,0.));
#8788=IFCDIRECTION((0.,1.,0.));
#8789=IFCDIRECTION((0.,0.,1.));
#8790=IFCCARTESIANTRANSFORMATIONOPERATOR3D(#8787,#8788,#8786,1.,#8789);
#8791=IFCMAPPEDITEM(#8785,#8790);
#8792=IFCSHAPEREPRESENTATION(#11,'Body','MappedRepresentation',(#8791));
#8793=IFCPRODUCTDEFINITIONSHAPE($,$,(#8792));
#8794=IFCRELVOIDSELEMENT('12fl7Hh1X2Ehj0rHykFYcl',$,$,$,#7867,#8765);
#8795=IFCCARTESIANPOINT((1.0229544341564178,0.09999999403953552,-0.009999990463256836));
#8796=IFCDIRECTION((0.,0.,1.));
#8797=IFCDIRECTION((-0.9999999999999887,1.5099580252808492E-07,0.));
#8798=IFCAXIS2PLACEMENT3D(#8795,#8796,#8797);
#8799=IFCLOCALPLACEMENT(#11364,#8798);
#8800=IFCRELFILLSELEMENT('3Vgx$zRRH7f98Zi3i9os7B',$,$,$,#8765,#8742);
#8801=IFCCARTESIANPOINT((-2.220446049250313E-16,0.,0.));
#8802=IFCDIRECTION((0.,0.,1.));
#8803=IFCDIRECTION((1.,0.,0.));
#8804=IFCAXIS2PLACEMENT3D(#8801,#8802,#8803);
#8805=IFCLOCALPLACEMENT(#8799,#8804);
#8806=IFCWINDOWTYPE('2Rcai7__93VeiRIHRxEPSd',$,'BD2-2F',$,$,(#8807),(#8809,#8817,#8865),$,$,.WINDOW.,.SINGLE_PANEL.,$,$);
#8807=IFCPROPERTYSET('3wgDJFLVD5geedvN2nqOMl',$,'BBIM_Window',$,(#8808));
#8808=IFCPROPERTYSINGLEVALUE('Data',$,IFCTEXT('{"window_type": "SINGLE_PANEL", "overall_height": 0.8999999761581421, "overall_width": 0.6069468259811401, "lining_properties": {"lining_depth": 0.05000000074505806, "lining_thickness": 0.05000000074505806, "lining_offset": 0.05000000074505806, "lining_to_panel_offset_x": 0.02500000037252903, "lining_to_panel_offset_y": 0.02500000037252903}, "panel_properties": {"frame_depth": [0.03500000014901161, 0.03500000014901161, 0.03500000014901161], "frame_thickness": [0.03500000014901161, 0.03500000014901161, 0.03500000014901161]}}'),$);
#8809=IFCREPRESENTATIONMAP(#8810,#10043);
#8810=IFCAXIS2PLACEMENT3D(#8811,#8812,#8813);
#8811=IFCCARTESIANPOINT((0.,0.,0.));
#8812=IFCDIRECTION((0.,0.,1.));
#8813=IFCDIRECTION((1.,0.,0.));
#8817=IFCREPRESENTATIONMAP(#8818,#10086);
#8818=IFCAXIS2PLACEMENT3D(#8819,#8820,#8821);
#8819=IFCCARTESIANPOINT((0.,0.,0.));
#8820=IFCDIRECTION((0.,0.,1.));
#8821=IFCDIRECTION((1.,0.,0.));
#8865=IFCREPRESENTATIONMAP(#8866,#10109);
#8866=IFCAXIS2PLACEMENT3D(#8867,#8868,#8869);
#8867=IFCCARTESIANPOINT((0.,0.,0.));
#8868=IFCDIRECTION((0.,0.,1.));
#8869=IFCDIRECTION((1.,0.,0.));
#8887=IFCWINDOW('0FqLzxflf9RvtPhsd2W9G2',$,'Window',$,$,#10234,#8896,$,0.8999999761581421,0.6069468259811401,$,$,$);
#8888=IFCRELDEFINESBYTYPE('0Y7Ua0WAbFy8Ry$J4IlvNI',$,$,$,(#9127,#9029,#8887,#9078),#8806);
#8889=IFCCARTESIANPOINT((0.,0.,0.));
#8890=IFCDIRECTION((1.,0.,0.));
#8891=IFCDIRECTION((0.,1.,0.));
#8892=IFCDIRECTION((0.,0.,1.));
#8893=IFCCARTESIANTRANSFORMATIONOPERATOR3D(#8890,#8891,#8889,1.,#8892);
#8894=IFCMAPPEDITEM(#8809,#8893);
#8895=IFCSHAPEREPRESENTATION(#18,'Profile','MappedRepresentation',(#8894));
#8896=IFCPRODUCTDEFINITIONSHAPE($,$,(#8895,#8903,#8910));
#8897=IFCCARTESIANPOINT((0.,0.,0.));
#8898=IFCDIRECTION((1.,0.,0.));
#8899=IFCDIRECTION((0.,1.,0.));
#8900=IFCDIRECTION((0.,0.,1.));
#8901=IFCCARTESIANTRANSFORMATIONOPERATOR3D(#8898,#8899,#8897,1.,#8900);
#8902=IFCMAPPEDITEM(#8817,#8901);
#8903=IFCSHAPEREPRESENTATION(#11,'Body','MappedRepresentation',(#8902));
#8904=IFCCARTESIANPOINT((0.,0.,0.));
#8905=IFCDIRECTION((1.,0.,0.));
#8906=IFCDIRECTION((0.,1.,0.));
#8907=IFCDIRECTION((0.,0.,1.));
#8908=IFCCARTESIANTRANSFORMATIONOPERATOR3D(#8905,#8906,#8904,1.,#8907);
#8909=IFCMAPPEDITEM(#8865,#8908);
#8910=IFCSHAPEREPRESENTATION(#24,'Body','MappedRepresentation',(#8909));
#8911=IFCOPENINGELEMENT('1P8lyEVxv2U9tZc6aEMFx5',$,'Opening',$,$,#10229,#8939,$,.OPENING.);
#8927=IFCCARTESIANPOINT((0.,0.,0.));
#8928=IFCDIRECTION((1.,0.,0.));
#8929=IFCDIRECTION((0.,0.,1.));
#8930=IFCAXIS2PLACEMENT3D(#8927,#8929,#8928);
#8931=IFCREPRESENTATIONMAP(#8930,#10189);
#8932=IFCCARTESIANPOINT((0.,0.,0.));
#8933=IFCDIRECTION((1.,0.,0.));
#8934=IFCDIRECTION((0.,1.,0.));
#8935=IFCDIRECTION((0.,0.,1.));
#8936=IFCCARTESIANTRANSFORMATIONOPERATOR3D(#8933,#8934,#8932,1.,#8935);
#8937=IFCMAPPEDITEM(#8931,#8936);
#8938=IFCSHAPEREPRESENTATION(#11,'Body','MappedRepresentation',(#8937));
#8939=IFCPRODUCTDEFINITIONSHAPE($,$,(#8938));
#8940=IFCRELVOIDSELEMENT('1NCuMhI3nC3fRZgfeExD2H',$,$,$,#6630,#8911);
#8946=IFCRELFILLSELEMENT('08ewqbq15ErvDfW0GY0rQL',$,$,$,#8911,#8887);
#8952=IFCDOOR('0s$EhCw7LCTg3pV3bIiluP',$,'Door',$,$,#10358,#8960,$,2.,0.8999999761581421,$,$,$);
#8953=IFCCARTESIANPOINT((0.,0.,0.));
#8954=IFCDIRECTION((1.,0.,0.));
#8955=IFCDIRECTION((0.,1.,0.));
#8956=IFCDIRECTION((0.,0.,1.));
#8957=IFCCARTESIANTRANSFORMATIONOPERATOR3D(#8954,#8955,#8953,1.,#8956);
#8958=IFCMAPPEDITEM(#2887,#8957);
#8959=IFCSHAPEREPRESENTATION(#18,'Profile','MappedRepresentation',(#8958));
#8960=IFCPRODUCTDEFINITIONSHAPE($,$,(#8959,#8967,#8974));
#8961=IFCCARTESIANPOINT((0.,0.,0.));
#8962=IFCDIRECTION((1.,0.,0.));
#8963=IFCDIRECTION((0.,1.,0.));
#8964=IFCDIRECTION((0.,0.,1.));
#8965=IFCCARTESIANTRANSFORMATIONOPERATOR3D(#8962,#8963,#8961,1.,#8964);
#8966=IFCMAPPEDITEM(#2895,#8965);
#8967=IFCSHAPEREPRESENTATION(#11,'Body','MappedRepresentation',(#8966));
#8968=IFCCARTESIANPOINT((0.,0.,0.));
#8969=IFCDIRECTION((1.,0.,0.));
#8970=IFCDIRECTION((0.,1.,0.));
#8971=IFCDIRECTION((0.,0.,1.));
#8972=IFCCARTESIANTRANSFORMATIONOPERATOR3D(#8969,#8970,#8968,1.,#8971);
#8973=IFCMAPPEDITEM(#2973,#8972);
#8974=IFCSHAPEREPRESENTATION(#24,'Body','MappedRepresentation',(#8973));
#9029=IFCWINDOW('3mAXuh$$LAShnVe9Ja14oz',$,'Window',$,$,#10219,#9037,$,0.8999999761581421,0.6069468259811401,$,.SINGLE_PANEL.,$);
#9030=IFCCARTESIANPOINT((0.,0.,0.));
#9031=IFCDIRECTION((1.,0.,0.));
#9032=IFCDIRECTION((0.,1.,0.));
#9033=IFCDIRECTION((0.,0.,1.));
#9034=IFCCARTESIANTRANSFORMATIONOPERATOR3D(#9031,#9032,#9030,1.,#9033);
#9035=IFCMAPPEDITEM(#8809,#9034);
#9036=IFCSHAPEREPRESENTATION(#18,'Profile','MappedRepresentation',(#9035));
#9037=IFCPRODUCTDEFINITIONSHAPE($,$,(#9036,#9044,#9051));
#9038=IFCCARTESIANPOINT((0.,0.,0.));
#9039=IFCDIRECTION((1.,0.,0.));
#9040=IFCDIRECTION((0.,1.,0.));
#9041=IFCDIRECTION((0.,0.,1.));
#9042=IFCCARTESIANTRANSFORMATIONOPERATOR3D(#9039,#9040,#9038,1.,#9041);
#9043=IFCMAPPEDITEM(#8817,#9042);
#9044=IFCSHAPEREPRESENTATION(#11,'Body','MappedRepresentation',(#9043));
#9045=IFCCARTESIANPOINT((0.,0.,0.));
#9046=IFCDIRECTION((1.,0.,0.));
#9047=IFCDIRECTION((0.,1.,0.));
#9048=IFCDIRECTION((0.,0.,1.));
#9049=IFCCARTESIANTRANSFORMATIONOPERATOR3D(#9046,#9047,#9045,1.,#9048);
#9050=IFCMAPPEDITEM(#8865,#9049);
#9051=IFCSHAPEREPRESENTATION(#24,'Body','MappedRepresentation',(#9050));
#9052=IFCOPENINGELEMENT('2knf9X4dv5tObLh8sQeaJH',$,'Opening',$,$,#10214,#9065,$,.OPENING.);
#9058=IFCCARTESIANPOINT((0.,0.,0.));
#9059=IFCDIRECTION((1.,0.,0.));
#9060=IFCDIRECTION((0.,1.,0.));
#9061=IFCDIRECTION((0.,0.,1.));
#9062=IFCCARTESIANTRANSFORMATIONOPERATOR3D(#9059,#9060,#9058,1.,#9061);
#9063=IFCMAPPEDITEM(#8931,#9062);
#9064=IFCSHAPEREPRESENTATION(#11,'Body','MappedRepresentation',(#9063));
#9065=IFCPRODUCTDEFINITIONSHAPE($,$,(#9064));
#9066=IFCRELVOIDSELEMENT('1HCOepIlf6GO4xnDzGjWNe',$,$,$,#6855,#9052);
#9072=IFCRELFILLSELEMENT('226tr5iHvA0gJqzFOEDQ3U',$,$,$,#9052,#9029);
#9078=IFCWINDOW('3c7czWr9L9_PTrABv08AA_',$,'Window',$,$,#10249,#9086,$,0.8999999761581421,0.6069468259811401,$,.SINGLE_PANEL.,$);
#9079=IFCCARTESIANPOINT((0.,0.,0.));
#9080=IFCDIRECTION((1.,0.,0.));
#9081=IFCDIRECTION((0.,1.,0.));
#9082=IFCDIRECTION((0.,0.,1.));
#9083=IFCCARTESIANTRANSFORMATIONOPERATOR3D(#9080,#9081,#9079,1.,#9082);
#9084=IFCMAPPEDITEM(#8809,#9083);
#9085=IFCSHAPEREPRESENTATION(#18,'Profile','MappedRepresentation',(#9084));
#9086=IFCPRODUCTDEFINITIONSHAPE($,$,(#9085,#9093,#9100));
#9087=IFCCARTESIANPOINT((0.,0.,0.));
#9088=IFCDIRECTION((1.,0.,0.));
#9089=IFCDIRECTION((0.,1.,0.));
#9090=IFCDIRECTION((0.,0.,1.));
#9091=IFCCARTESIANTRANSFORMATIONOPERATOR3D(#9088,#9089,#9087,1.,#9090);
#9092=IFCMAPPEDITEM(#8817,#9091);
#9093=IFCSHAPEREPRESENTATION(#11,'Body','MappedRepresentation',(#9092));
#9094=IFCCARTESIANPOINT((0.,0.,0.));
#9095=IFCDIRECTION((1.,0.,0.));
#9096=IFCDIRECTION((0.,1.,0.));
#9097=IFCDIRECTION((0.,0.,1.));
#9098=IFCCARTESIANTRANSFORMATIONOPERATOR3D(#9095,#9096,#9094,1.,#9097);
#9099=IFCMAPPEDITEM(#8865,#9098);
#9100=IFCSHAPEREPRESENTATION(#24,'Body','MappedRepresentation',(#9099));
#9101=IFCOPENINGELEMENT('1JNKNpK5n9UvpvrB6cVUk7',$,'Opening',$,$,#10244,#9114,$,.OPENING.);
#9107=IFCCARTESIANPOINT((0.,0.,0.));
#9108=IFCDIRECTION((1.,0.,0.));
#9109=IFCDIRECTION((0.,1.,0.));
#9110=IFCDIRECTION((0.,0.,1.));
#9111=IFCCARTESIANTRANSFORMATIONOPERATOR3D(#9108,#9109,#9107,1.,#9110);
#9112=IFCMAPPEDITEM(#8931,#9111);
#9113=IFCSHAPEREPRESENTATION(#11,'Body','MappedRepresentation',(#9112));
#9114=IFCPRODUCTDEFINITIONSHAPE($,$,(#9113));
#9115=IFCRELVOIDSELEMENT('1et81NA5H2YAEZ9LcPAGut',$,$,$,#6830,#9101);
#9121=IFCRELFILLSELEMENT('0086GXT2z7XB7lJTP6xPSx',$,$,$,#9101,#9078);
#9127=IFCWINDOW('0Apd2ts1DF0xxmCuZCdjfd',$,'Window',$,$,#10204,#9135,$,0.8999999761581421,0.6069468259811401,$,$,$);
#9128=IFCCARTESIANPOINT((0.,0.,0.));
#9129=IFCDIRECTION((1.,0.,0.));
#9130=IFCDIRECTION((0.,1.,0.));
#9131=IFCDIRECTION((0.,0.,1.));
#9132=IFCCARTESIANTRANSFORMATIONOPERATOR3D(#9129,#9130,#9128,1.,#9131);
#9133=IFCMAPPEDITEM(#8809,#9132);
#9134=IFCSHAPEREPRESENTATION(#18,'Profile','MappedRepresentation',(#9133));
#9135=IFCPRODUCTDEFINITIONSHAPE($,$,(#9134,#9142,#9149));
#9136=IFCCARTESIANPOINT((0.,0.,0.));
#9137=IFCDIRECTION((1.,0.,0.));
#9138=IFCDIRECTION((0.,1.,0.));
#9139=IFCDIRECTION((0.,0.,1.));
#9140=IFCCARTESIANTRANSFORMATIONOPERATOR3D(#9137,#9138,#9136,1.,#9139);
#9141=IFCMAPPEDITEM(#8817,#9140);
#9142=IFCSHAPEREPRESENTATION(#11,'Body','MappedRepresentation',(#9141));
#9143=IFCCARTESIANPOINT((0.,0.,0.));
#9144=IFCDIRECTION((1.,0.,0.));
#9145=IFCDIRECTION((0.,1.,0.));
#9146=IFCDIRECTION((0.,0.,1.));
#9147=IFCCARTESIANTRANSFORMATIONOPERATOR3D(#9144,#9145,#9143,1.,#9146);
#9148=IFCMAPPEDITEM(#8865,#9147);
#9149=IFCSHAPEREPRESENTATION(#24,'Body','MappedRepresentation',(#9148));
#9150=IFCOPENINGELEMENT('1ia6qzNyT7ZRZAjmopNeSN',$,'Opening',$,$,#10199,#9163,$,.OPENING.);
#9156=IFCCARTESIANPOINT((0.,0.,0.));
#9157=IFCDIRECTION((1.,0.,0.));
#9158=IFCDIRECTION((0.,1.,0.));
#9159=IFCDIRECTION((0.,0.,1.));
#9160=IFCCARTESIANTRANSFORMATIONOPERATOR3D(#9157,#9158,#9156,1.,#9159);
#9161=IFCMAPPEDITEM(#8931,#9160);
#9162=IFCSHAPEREPRESENTATION(#11,'Body','MappedRepresentation',(#9161));
#9163=IFCPRODUCTDEFINITIONSHAPE($,$,(#9162));
#9164=IFCRELVOIDSELEMENT('0yMgXtLwX2Iuhg8Pvqe$uJ',$,$,$,#6880,#9150);
#9170=IFCRELFILLSELEMENT('2WmDCToAr3W9aIDEskQ_zH',$,$,$,#9150,#9127);
#9176=IFCDOORTYPE('2fFR2dR7j2HvTgggNieoXW',$,'BALCONY - 2F',$,$,(#9177),(#9179,#9187,#9265),$,$,.DOOR.,.SINGLE_SWING_LEFT.,$,$);
#9177=IFCPROPERTYSET('3emNt5t05EV8PCd1Lt7JxX',$,'BBIM_Door',$,(#9178));
#9178=IFCPROPERTYSINGLEVALUE('Data',$,IFCTEXT('{"door_type": "SINGLE_SWING_LEFT", "overall_height": 2.0, "overall_width": 1.8320392370224, "lining_properties": {"lining_depth": 0.05000000074505806, "lining_thickness": 0.0010000000474974513, "lining_offset": 0.0, "lining_to_panel_offset_x": 0.02500000037252903, "lining_to_panel_offset_y": 0.02500000037252903, "transom_thickness": 0.0, "casing_thickness": 0.07500000298023224, "casing_depth": 0.004999999888241291, "threshold_thickness": 0.02500000037252903, "threshold_depth": 0.10000000149011612, "threshold_offset": 0.0}, "panel_properties": {"panel_depth": 0.03500000014901161, "panel_width_ratio": 1.0}}'),$);
#9179=IFCREPRESENTATIONMAP(#9180,#9645);
#9180=IFCAXIS2PLACEMENT3D(#9181,#9182,#9183);
#9181=IFCCARTESIANPOINT((0.,0.,0.));
#9182=IFCDIRECTION((0.,0.,1.));
#9183=IFCDIRECTION((1.,0.,0.));
#9187=IFCREPRESENTATIONMAP(#9188,#9709);
#9188=IFCAXIS2PLACEMENT3D(#9189,#9190,#9191);
#9189=IFCCARTESIANPOINT((0.,0.,0.));
#9190=IFCDIRECTION((0.,0.,1.));
#9191=IFCDIRECTION((1.,0.,0.));
#9265=IFCREPRESENTATIONMAP(#9266,#9727);
#9266=IFCAXIS2PLACEMENT3D(#9267,#9268,#9269);
#9267=IFCCARTESIANPOINT((0.,0.,0.));
#9268=IFCDIRECTION((0.,0.,1.));
#9269=IFCDIRECTION((1.,0.,0.));
#9284=IFCDOOR('3uUCG1PRzE78r0OGHR47Jy',$,'Door',$,$,#11374,#9292,$,2.,0.8999999761581421,$,$,$);
#9285=IFCCARTESIANPOINT((0.,0.,0.));
#9286=IFCDIRECTION((1.,0.,0.));
#9287=IFCDIRECTION((0.,1.,0.));
#9288=IFCDIRECTION((0.,0.,1.));
#9289=IFCCARTESIANTRANSFORMATIONOPERATOR3D(#9286,#9287,#9285,1.,#9288);
#9290=IFCMAPPEDITEM(#8299,#9289);
#9291=IFCSHAPEREPRESENTATION(#18,'Profile','MappedRepresentation',(#9290));
#9292=IFCPRODUCTDEFINITIONSHAPE($,$,(#9291,#9299,#9306));
#9293=IFCCARTESIANPOINT((0.,0.,0.));
#9294=IFCDIRECTION((1.,0.,0.));
#9295=IFCDIRECTION((0.,1.,0.));
#9296=IFCDIRECTION((0.,0.,1.));
#9297=IFCCARTESIANTRANSFORMATIONOPERATOR3D(#9294,#9295,#9293,1.,#9296);
#9298=IFCMAPPEDITEM(#8307,#9297);
#9299=IFCSHAPEREPRESENTATION(#11,'Body','MappedRepresentation',(#9298));
#9300=IFCCARTESIANPOINT((0.,0.,0.));
#9301=IFCDIRECTION((1.,0.,0.));
#9302=IFCDIRECTION((0.,1.,0.));
#9303=IFCDIRECTION((0.,0.,1.));
#9304=IFCCARTESIANTRANSFORMATIONOPERATOR3D(#9301,#9302,#9300,1.,#9303);
#9305=IFCMAPPEDITEM(#8385,#9304);
#9306=IFCSHAPEREPRESENTATION(#24,'Body','MappedRepresentation',(#9305));
#9340=IFCDOOR('3KvMA5fTX5LQ8_8IqYSbUR',$,'Door',$,$,#11379,#9349,$,2.,1.8320392370224,$,.SINGLE_SWING_LEFT.,$);
#9341=IFCRELDEFINESBYTYPE('3L$wm5SjX9RRf3CkavNIGl',$,$,$,(#9340),#9176);
#9342=IFCCARTESIANPOINT((0.,0.,0.));
#9343=IFCDIRECTION((1.,0.,0.));
#9344=IFCDIRECTION((0.,1.,0.));
#9345=IFCDIRECTION((0.,0.,1.));
#9346=IFCCARTESIANTRANSFORMATIONOPERATOR3D(#9343,#9344,#9342,1.,#9345);
#9347=IFCMAPPEDITEM(#9179,#9346);
#9348=IFCSHAPEREPRESENTATION(#18,'Profile','MappedRepresentation',(#9347));
#9349=IFCPRODUCTDEFINITIONSHAPE($,$,(#9348,#9356,#9363));
#9350=IFCCARTESIANPOINT((0.,0.,0.));
#9351=IFCDIRECTION((1.,0.,0.));
#9352=IFCDIRECTION((0.,1.,0.));
#9353=IFCDIRECTION((0.,0.,1.));
#9354=IFCCARTESIANTRANSFORMATIONOPERATOR3D(#9351,#9352,#9350,1.,#9353);
#9355=IFCMAPPEDITEM(#9187,#9354);
#9356=IFCSHAPEREPRESENTATION(#11,'Body','MappedRepresentation',(#9355));
#9357=IFCCARTESIANPOINT((0.,0.,0.));
#9358=IFCDIRECTION((1.,0.,0.));
#9359=IFCDIRECTION((0.,1.,0.));
#9360=IFCDIRECTION((0.,0.,1.));
#9361=IFCCARTESIANTRANSFORMATIONOPERATOR3D(#9358,#9359,#9357,1.,#9360);
#9362=IFCMAPPEDITEM(#9265,#9361);
#9363=IFCSHAPEREPRESENTATION(#24,'Body','MappedRepresentation',(#9362));
#9431=IFCWINDOWTYPE('1bwK9gqJ5ExfFZ5Hl1um_2',$,'BD2/2-2F',$,$,(#9432),(#9434,#9442,#9490),$,$,.WINDOW.,.SINGLE_PANEL.,$,$);
#9432=IFCPROPERTYSET('3HFo7wEinCigy8awhCMDi5',$,'BBIM_Window',$,(#9433));
#9433=IFCPROPERTYSINGLEVALUE('Data',$,IFCTEXT('{"window_type": "SINGLE_PANEL", "overall_height": 0.8999999761581421, "overall_width": 0.9534597992897034, "lining_properties": {"lining_depth": 0.05000000074505806, "lining_thickness": 0.7080078721046448, "lining_offset": 0.05000000074505806, "lining_to_panel_offset_x": 0.02500000037252903, "lining_to_panel_offset_y": -0.13014134764671326}, "panel_properties": {"frame_depth": [0.03500000014901161, 0.03500000014901161, 0.03500000014901161], "frame_thickness": [0.062070462852716446, 0.03500000014901161, 0.03500000014901161]}}'),$);
#9434=IFCREPRESENTATIONMAP(#9435,#10252);
#9435=IFCAXIS2PLACEMENT3D(#9436,#9437,#9438);
#9436=IFCCARTESIANPOINT((0.,0.,0.));
#9437=IFCDIRECTION((0.,0.,1.));
#9438=IFCDIRECTION((1.,0.,0.));
#9442=IFCREPRESENTATIONMAP(#9443,#10295);
#9443=IFCAXIS2PLACEMENT3D(#9444,#9445,#9446);
#9444=IFCCARTESIANPOINT((0.,0.,0.));
#9445=IFCDIRECTION((0.,0.,1.));
#9446=IFCDIRECTION((1.,0.,0.));
#9490=IFCREPRESENTATIONMAP(#9491,#10318);
#9491=IFCAXIS2PLACEMENT3D(#9492,#9493,#9494);
#9492=IFCCARTESIANPOINT((0.,0.,0.));
#9493=IFCDIRECTION((0.,0.,1.));
#9494=IFCDIRECTION((1.,0.,0.));
#9512=IFCWINDOW('1GzywfHojCl9dqYIp7xdk_',$,'Window',$,$,#10353,#9521,$,0.8999999761581421,0.9534597992897034,$,.SINGLE_PANEL.,$);
#9513=IFCRELDEFINESBYTYPE('2lollNtrP2WOQ1u50tSOel',$,$,$,(#9512),#9431);
#9514=IFCCARTESIANPOINT((0.,0.,0.));
#9515=IFCDIRECTION((1.,0.,0.));
#9516=IFCDIRECTION((0.,1.,0.));
#9517=IFCDIRECTION((0.,0.,1.));
#9518=IFCCARTESIANTRANSFORMATIONOPERATOR3D(#9515,#9516,#9514,1.,#9517);
#9519=IFCMAPPEDITEM(#9434,#9518);
#9520=IFCSHAPEREPRESENTATION(#18,'Profile','MappedRepresentation',(#9519));
#9521=IFCPRODUCTDEFINITIONSHAPE($,$,(#9520,#9528,#9535));
#9522=IFCCARTESIANPOINT((0.,0.,0.));
#9523=IFCDIRECTION((1.,0.,0.));
#9524=IFCDIRECTION((0.,1.,0.));
#9525=IFCDIRECTION((0.,0.,1.));
#9526=IFCCARTESIANTRANSFORMATIONOPERATOR3D(#9523,#9524,#9522,1.,#9525);
#9527=IFCMAPPEDITEM(#9442,#9526);
#9528=IFCSHAPEREPRESENTATION(#11,'Body','MappedRepresentation',(#9527));
#9529=IFCCARTESIANPOINT((0.,0.,0.));
#9530=IFCDIRECTION((1.,0.,0.));
#9531=IFCDIRECTION((0.,1.,0.));
#9532=IFCDIRECTION((0.,0.,1.));
#9533=IFCCARTESIANTRANSFORMATIONOPERATOR3D(#9530,#9531,#9529,1.,#9532);
#9534=IFCMAPPEDITEM(#9490,#9533);
#9535=IFCSHAPEREPRESENTATION(#24,'Body','MappedRepresentation',(#9534));
#9536=IFCOPENINGELEMENT('2jRMSGvnL6ux2CGNZPbVMz',$,'Opening',$,$,#10348,#9564,$,.OPENING.);
#9552=IFCCARTESIANPOINT((0.,0.,0.));
#9553=IFCDIRECTION((1.,0.,0.));
#9554=IFCDIRECTION((0.,0.,1.));
#9555=IFCAXIS2PLACEMENT3D(#9552,#9554,#9553);
#9556=IFCREPRESENTATIONMAP(#9555,#10338);
#9557=IFCCARTESIANPOINT((0.,0.,0.));
#9558=IFCDIRECTION((1.,0.,0.));
#9559=IFCDIRECTION((0.,1.,0.));
#9560=IFCDIRECTION((0.,0.,1.));
#9561=IFCCARTESIANTRANSFORMATIONOPERATOR3D(#9558,#9559,#9557,1.,#9560);
#9562=IFCMAPPEDITEM(#9556,#9561);
#9563=IFCSHAPEREPRESENTATION(#11,'Body','MappedRepresentation',(#9562));
#9564=IFCPRODUCTDEFINITIONSHAPE($,$,(#9563));
#9565=IFCRELVOIDSELEMENT('36DQCfJS92MAGF25lnPpn9',$,$,$,#6805,#9536);
#9571=IFCRELFILLSELEMENT('1SZu2UMK57MQpBLHVQusww',$,$,$,#9536,#9512);
#9577=IFCSLAB('0MAagVKdn8rgvSsSYBsRYd',$,'Slab',$,$,#11384,#9591,$,$);
#9578=IFCMATERIALLAYERSETUSAGE(#2331,.AXIS3.,.POSITIVE.,-0.10000000149011612,$);
#9579=IFCRELASSOCIATESMATERIAL('1ZmD17f0n2CObM01BEQQuV',$,$,$,(#9577),#9578);
#9585=IFCCARTESIANPOINTLIST2D(((0.,0.),(-2.9802322387695312E-08,-0.5883971452713013),(1.60845947265625,-0.5883966684341431),(1.6084593534469604,-1.5583969354629517),(4.008459568023682,-1.5583969354629517),(4.008460521697998,8.139999389648438),(-0.011539936065673828,8.139998435974121),(-0.011539861559867859,7.169999122619629),(-3.501539945602417,7.1700005531311035),(-3.436162233352661,0.006993532180786133),(0.,0.)));
#9586=IFCINDEXEDPOLYCURVE(#9585,$,$);
#9587=IFCDIRECTION((0.,0.,1.));
#9588=IFCARBITRARYCLOSEDPROFILEDEF(.AREA.,$,#9586);
#9589=IFCEXTRUDEDAREASOLID(#9588,#9598,#9587,0.1);
#9590=IFCSHAPEREPRESENTATION(#11,'Body','SweptSolid',(#9589));
#9591=IFCPRODUCTDEFINITIONSHAPE($,$,(#9590));
#9592=IFCPROPERTYSET('2z3A1NNxP9wxdzW3SAs3FL',$,'EPset_Parametric',$,(#9594));
#9593=IFCRELDEFINESBYPROPERTIES('1FeK7bGiL1kf1enZCFOgZ6',$,$,$,(#9577),#9592);
#9594=IFCPROPERTYSINGLEVALUE('Engine',$,IFCLABEL('Bonsai.DumbLayer3'),$);
#9595=IFCCARTESIANPOINT((-0.,-0.,-0.10000000149011612));
#9596=IFCDIRECTION((0.,0.,1.));
#9597=IFCDIRECTION((1.,0.,0.));
#9598=IFCAXIS2PLACEMENT3D(#9595,#9596,#9597);
#9621=IFCROOF('2HCwFbB5r49fRQm3aYbfYF',$,'Roof',$,$,#11389,#9630,$,$);
#9622=IFCRELDEFINESBYTYPE('116vlWjSXBPxR4QrEWK6Rl',$,$,$,(#9621),#5854);
#9623=IFCCARTESIANPOINT((0.,0.,0.));
#9624=IFCDIRECTION((1.,0.,0.));
#9625=IFCDIRECTION((0.,1.,0.));
#9626=IFCDIRECTION((0.,0.,1.));
#9627=IFCCARTESIANTRANSFORMATIONOPERATOR3D(#9624,#9625,#9623,1.,#9626);
#9628=IFCMAPPEDITEM(#5884,#9627);
#9629=IFCSHAPEREPRESENTATION(#11,'Body','MappedRepresentation',(#9628));
#9630=IFCPRODUCTDEFINITIONSHAPE($,$,(#9629,#9637));
#9631=IFCCARTESIANPOINT((0.,0.,0.));
#9632=IFCDIRECTION((1.,0.,0.));
#9633=IFCDIRECTION((0.,1.,0.));
#9634=IFCDIRECTION((0.,0.,1.));
#9635=IFCCARTESIANTRANSFORMATIONOPERATOR3D(#9632,#9633,#9631,1.,#9634);
#9636=IFCMAPPEDITEM(#5912,#9635);
#9637=IFCSHAPEREPRESENTATION(#13,'Box','MappedRepresentation',(#9636));
#9643=IFCCARTESIANPOINTLIST3D(((0.,0.,0.),(1.8320392370224,0.,0.),(1.8320392370224,0.,2.),(0.,0.,2.)));
#9644=IFCINDEXEDPOLYCURVE(#9643,(IFCLINEINDEX((1,2,3,4,1))),$);
#9645=IFCSHAPEREPRESENTATION(#18,'Profile','Curve3D',(#9644));
#9646=IFCCARTESIANPOINTLIST2D(((0.,0.),(0.,2.),(1.8320392370224,2.),(1.8320392370224,0.),(1.8310392369749025,0.),(1.8310392369749025,1.9989999999525025),(0.0010000000474974513,1.9989999999525025),(0.0010000000474974513,0.)));
#9647=IFCINDEXEDPOLYCURVE(#9646,(IFCLINEINDEX((1,2,3,4,5,6,7,8,1))),$);
#9648=IFCARBITRARYCLOSEDPROFILEDEF(.AREA.,$,#9647);
#9649=IFCCARTESIANPOINT((0.,0.,0.));
#9650=IFCDIRECTION((0.,-1.,0.));
#9651=IFCDIRECTION((1.,0.,0.));
#9652=IFCAXIS2PLACEMENT3D(#9649,#9650,#9651);
#9653=IFCDIRECTION((0.,0.,-1.));
#9654=IFCEXTRUDEDAREASOLID(#9648,#9652,#9653,0.05000000074505806);
#9655=IFCCARTESIANPOINTLIST2D(((0.,0.),(1.830039236927405,0.),(1.830039236927405,0.10000000149011612),(0.,0.10000000149011612)));
#9656=IFCINDEXEDPOLYCURVE(#9655,(IFCLINEINDEX((1,2,3,4,1))),$);
#9657=IFCARBITRARYCLOSEDPROFILEDEF(.AREA.,$,#9656);
#9658=IFCCARTESIANPOINT((0.0010000000474974513,0.,0.));
#9659=IFCDIRECTION((0.,0.,1.));
#9660=IFCDIRECTION((1.,0.,0.));
#9661=IFCAXIS2PLACEMENT3D(#9658,#9659,#9660);
#9662=IFCDIRECTION((0.,0.,1.));
#9663=IFCEXTRUDEDAREASOLID(#9657,#9661,#9662,0.02500000037252903);
#9664=IFCCARTESIANPOINTLIST2D(((0.,0.),(0.,2.074000002932735),(1.9800392428878695,2.074000002932735),(1.9800392428878695,0.),(1.9050392399076372,0.),(1.9050392399076372,1.9989999999525025),(0.07500000298023224,1.9989999999525025),(0.07500000298023224,0.)));
#9665=IFCINDEXEDPOLYCURVE(#9664,(IFCLINEINDEX((1,2,3,4,5,6,7,8,1))),$);
#9666=IFCARBITRARYCLOSEDPROFILEDEF(.AREA.,$,#9665);
#9667=IFCCARTESIANPOINT((-0.07400000293273479,-0.004999999888241291,0.));
#9668=IFCDIRECTION((0.,-1.,0.));
#9669=IFCDIRECTION((1.,0.,0.));
#9670=IFCAXIS2PLACEMENT3D(#9667,#9668,#9669);
#9671=IFCDIRECTION((0.,0.,-1.));
#9672=IFCEXTRUDEDAREASOLID(#9666,#9670,#9671,0.004999999888241291);
#9673=IFCCARTESIANPOINTLIST2D(((0.,0.),(0.,2.074000002932735),(1.9800392428878695,2.074000002932735),(1.9800392428878695,0.),(1.9050392399076372,0.),(1.9050392399076372,1.9989999999525025),(0.07500000298023224,1.9989999999525025),(0.07500000298023224,0.)));
#9674=IFCINDEXEDPOLYCURVE(#9673,(IFCLINEINDEX((1,2,3,4,5,6,7,8,1))),$);
#9675=IFCARBITRARYCLOSEDPROFILEDEF(.AREA.,$,#9674);
#9676=IFCCARTESIANPOINT((-0.07400000293273479,0.05000000074505806,0.));
#9677=IFCDIRECTION((0.,-1.,0.));
#9678=IFCDIRECTION((1.,0.,0.));
#9679=IFCAXIS2PLACEMENT3D(#9676,#9677,#9678);
#9680=IFCDIRECTION((0.,0.,-1.));
#9681=IFCEXTRUDEDAREASOLID(#9675,#9679,#9680,0.004999999888241291);
#9682=IFCCARTESIANPOINTLIST2D(((0.,0.),(1.7820392362773418,0.),(1.7820392362773418,0.03500000014901161),(0.,0.03500000014901161)));
#9683=IFCINDEXEDPOLYCURVE(#9682,(IFCLINEINDEX((1,2,3,4,1))),$);
#9684=IFCARBITRARYCLOSEDPROFILEDEF(.AREA.,$,#9683);
#9685=IFCCARTESIANPOINT((0.02500000037252903,0.02500000037252903,0.02500000037252903));
#9686=IFCDIRECTION((0.,0.,1.));
#9687=IFCDIRECTION((1.,0.,0.));
#9688=IFCAXIS2PLACEMENT3D(#9685,#9686,#9687);
#9689=IFCDIRECTION((0.,0.,1.));
#9690=IFCEXTRUDEDAREASOLID(#9684,#9688,#9689,1.949999999254942);
#9691=IFCCARTESIANPOINTLIST2D(((0.,0.),(0.,-0.04),(-0.11999999999999988,-0.04),(-0.11999999999999988,-0.02),(-0.020000000000000018,-0.02),(-0.020000000000000018,0.)));
#9692=IFCINDEXEDPOLYCURVE(#9691,(IFCLINEINDEX((1,2,3,4,5,6,1))),$);
#9693=IFCARBITRARYCLOSEDPROFILEDEF(.AREA.,$,#9692);
#9694=IFCCARTESIANPOINT((1.7570392366498708,0.02500000037252903,1.015000000372529));
#9695=IFCDIRECTION((0.,0.,1.));
#9696=IFCDIRECTION((1.,0.,0.));
#9697=IFCAXIS2PLACEMENT3D(#9694,#9695,#9696);
#9698=IFCDIRECTION((0.,0.,1.));
#9699=IFCEXTRUDEDAREASOLID(#9693,#9697,#9698,0.02);
#9700=IFCEXTRUDEDAREASOLID(#9701,#9704,#9708,0.02);
#9701=IFCARBITRARYCLOSEDPROFILEDEF(.AREA.,$,#9702);
#9702=IFCINDEXEDPOLYCURVE(#9703,(IFCLINEINDEX((1,2,3,4,5,6,1))),$);
#9703=IFCCARTESIANPOINTLIST2D(((0.,0.),(0.,0.04000000000000001),(-0.11999999999999988,0.04000000000000001),(-0.11999999999999988,0.020000000000000004),(-0.020000000000000018,0.020000000000000004),(-0.020000000000000018,0.)));
#9704=IFCAXIS2PLACEMENT3D(#9705,#9706,#9707);
#9705=IFCCARTESIANPOINT((1.7570392366498708,0.06000000052154064,1.015000000372529));
#9706=IFCDIRECTION((0.,0.,1.));
#9707=IFCDIRECTION((1.,0.,0.));
#9708=IFCDIRECTION((0.,0.,1.));
#9709=IFCSHAPEREPRESENTATION(#11,'Body','SweptSolid',(#9654,#9690,#9699,#9700,#9663,#9672,#9681));
#9710=IFCSHAPEREPRESENTATION(#11,'Body','SweptSolid',(#9654,#9663,#9672,#9681));
#9711=IFCSHAPEASPECT((#9710),'Lining',$,.T.,#9349);
#9712=IFCSHAPEREPRESENTATION(#11,'Body','SweptSolid',(#9690,#9699,#9700));
#9713=IFCSHAPEASPECT((#9712),'Framing',$,.T.,#9349);
#9714=IFCCARTESIANPOINTLIST2D(((0.,0.),(0.0010000000474974513,0.),(0.0010000000474974513,0.05000000074505806),(0.,0.05000000074505806)));
#9715=IFCINDEXEDPOLYCURVE(#9714,(IFCLINEINDEX((1,2,3,4,1))),$);
#9716=IFCINDEXEDPOLYCURVE(#9717,(IFCLINEINDEX((1,2,3,4,1))),$);
#9717=IFCCARTESIANPOINTLIST2D(((1.8320392370224,0.),(1.8310392369749025,0.),(1.8310392369749025,0.05000000074505806),(1.8320392370224,0.05000000074505806)));
#9718=IFCDIRECTION((1.,0.));
#9719=IFCCARTESIANPOINT((0.06000000052154064,0.05000000074505806));
#9720=IFCAXIS2PLACEMENT2D(#9719,#9718);
#9721=IFCELLIPSE(#9720,1.7470392361283302,1.7820392362773418);
#9722=IFCCARTESIANPOINT((1.8070392366498709,0.05000000074505806));
#9723=IFCCARTESIANPOINT((0.06000000052154064,1.8320392370224));
#9724=IFCTRIMMEDCURVE(#9721,(#9722),(#9723),.T.,.CARTESIAN.);
#9725=IFCCARTESIANPOINTLIST2D(((0.02500000037252903,0.05000000074505806),(0.06000000052154064,0.05000000074505806),(0.06000000052154064,1.8320392370224),(0.02500000037252903,1.8320392370224)));
#9726=IFCINDEXEDPOLYCURVE(#9725,(IFCLINEINDEX((1,2,3,4,1))),$);
#9727=IFCSHAPEREPRESENTATION(#24,'Body','Curve2D',(#9715,#9716,#9724,#9726));
#9728=IFCCARTESIANPOINTLIST3D(((0.,0.,0.),(0.6000000238418579,0.,0.),(0.6000000238418579,0.,0.8999999761581421),(0.,0.,0.8999999761581421)));
#9729=IFCINDEXEDPOLYCURVE(#9728,(IFCLINEINDEX((1,2,3,4,1))),$);
#9730=IFCSHAPEREPRESENTATION(#18,'Profile','Curve3D',(#9729));
#9731=IFCCARTESIANPOINTLIST2D(((0.,0.),(0.6000000238418579,0.),(0.6000000238418579,0.8999999761581421),(0.,0.8999999761581421)));
#9732=IFCINDEXEDPOLYCURVE(#9731,(IFCLINEINDEX((1,2,3,4,1))),$);
#9733=IFCCARTESIANPOINTLIST2D(((0.02500000037252903,0.02500000037252903),(0.5750000234693289,0.02500000037252903),(0.5750000234693289,0.8749999757856131),(0.02500000037252903,0.8749999757856131)));
#9734=IFCINDEXEDPOLYCURVE(#9733,(IFCLINEINDEX((1,2,3,4,1))),$);
#9735=IFCARBITRARYPROFILEDEFWITHVOIDS(.AREA.,$,#9732,(#9734));
#9736=IFCCARTESIANPOINT((0.,0.09000000171363354,0.));
#9737=IFCDIRECTION((0.,-1.,0.));
#9738=IFCDIRECTION((1.,0.,0.));
#9739=IFCAXIS2PLACEMENT3D(#9736,#9737,#9738);
#9740=IFCDIRECTION((0.,0.,-1.));
#9741=IFCEXTRUDEDAREASOLID(#9735,#9739,#9740,0.009999999776482582);
#9742=IFCCARTESIANPOINTLIST2D(((0.,0.),(0.6000000238418579,0.),(0.6000000238418579,0.8999999761581421),(0.,0.8999999761581421)));
#9743=IFCINDEXEDPOLYCURVE(#9742,(IFCLINEINDEX((1,2,3,4,1))),$);
#9744=IFCCARTESIANPOINTLIST2D(((0.05000000074505806,0.05000000074505806),(0.5500000230967999,0.05000000074505806),(0.5500000230967999,0.849999975413084),(0.05000000074505806,0.849999975413084)));
#9745=IFCINDEXEDPOLYCURVE(#9744,(IFCLINEINDEX((1,2,3,4,1))),$);
#9746=IFCARBITRARYPROFILEDEFWITHVOIDS(.AREA.,$,#9743,(#9745));
#9747=IFCCARTESIANPOINT((0.,0.05000000074505806,0.));
#9748=IFCDIRECTION((0.,-1.,0.));
#9749=IFCDIRECTION((1.,0.,0.));
#9750=IFCAXIS2PLACEMENT3D(#9747,#9748,#9749);
#9751=IFCDIRECTION((0.,0.,-1.));
#9752=IFCEXTRUDEDAREASOLID(#9746,#9750,#9751,0.04000000096857548);
#9753=IFCCARTESIANPOINTLIST2D(((0.,0.),(0.5500000230967999,0.),(0.5500000230967999,0.849999975413084),(0.,0.849999975413084)));
#9754=IFCINDEXEDPOLYCURVE(#9753,(IFCLINEINDEX((1,2,3,4,1))),$);
#9755=IFCCARTESIANPOINTLIST2D(((0.03500000014901161,0.03500000014901161),(0.5150000229477882,0.03500000014901161),(0.5150000229477882,0.8149999752640724),(0.03500000014901161,0.8149999752640724)));
#9756=IFCINDEXEDPOLYCURVE(#9755,(IFCLINEINDEX((1,2,3,4,1))),$);
#9757=IFCARBITRARYPROFILEDEFWITHVOIDS(.AREA.,$,#9754,(#9756));
#9758=IFCCARTESIANPOINT((0.02500000037252903,0.09000000171363354,0.02500000037252903));
#9759=IFCDIRECTION((0.,-1.,0.));
#9760=IFCDIRECTION((1.,0.,0.));
#9761=IFCAXIS2PLACEMENT3D(#9758,#9759,#9760);
#9762=IFCDIRECTION((0.,0.,-1.));
#9763=IFCEXTRUDEDAREASOLID(#9757,#9761,#9762,0.03500000014901161);
#9764=IFCINDEXEDPOLYCURVE(#9765,(IFCLINEINDEX((1,2,3,4,1))),$);
#9765=IFCCARTESIANPOINTLIST2D(((0.03500000014901161,0.03500000014901161),(0.5150000229477882,0.03500000014901161),(0.5150000229477882,0.8149999752640724),(0.03500000014901161,0.8149999752640724)));
#9766=IFCARBITRARYCLOSEDPROFILEDEF(.AREA.,$,#9764);
#9767=IFCCARTESIANPOINT((0.02500000037252903,0.10250000178813934,0.02500000037252903));
#9768=IFCDIRECTION((0.,-1.,0.));
#9769=IFCDIRECTION((1.,0.,0.));
#9770=IFCAXIS2PLACEMENT3D(#9767,#9768,#9769);
#9771=IFCDIRECTION((0.,0.,-1.));
#9772=IFCEXTRUDEDAREASOLID(#9766,#9770,#9771,0.01);
#9773=IFCSHAPEREPRESENTATION(#11,'Body','SweptSolid',(#9741,#9752,#9763,#9772));
#9774=IFCSHAPEREPRESENTATION(#11,'Body','SweptSolid',(#9741,#9752));
#9775=IFCSHAPEASPECT((#9774),'Lining',$,.T.,#4859);
#9776=IFCSHAPEREPRESENTATION(#11,'Body','SweptSolid',(#9763));
#9777=IFCSHAPEASPECT((#9776),'Framing',$,.T.,#4859);
#9778=IFCSHAPEREPRESENTATION(#11,'Body','SweptSolid',(#9772));
#9779=IFCSHAPEASPECT((#9778),'Glazing',$,.T.,#4859);
#9780=IFCCARTESIANPOINTLIST2D(((0.05000000074505806,0.05000000074505806),(0.5500000230967999,0.05000000074505806)));
#9781=IFCINDEXEDPOLYCURVE(#9780,$,$);
#9782=IFCCARTESIANPOINTLIST2D(((0.,0.10000000149011612),(0.02500000037252903,0.10000000149011612),(0.02500000037252903,0.09000000171363354),(0.05000000074505806,0.09000000171363354),(0.05000000074505806,0.05000000074505806),(0.,0.05000000074505806)));
#9783=IFCINDEXEDPOLYCURVE(#9782,(IFCLINEINDEX((1,2,3,4,5,6,1))),$);
#9784=IFCCARTESIANPOINTLIST2D(((0.6000000238418579,0.10000000149011612),(0.5750000234693289,0.10000000149011612),(0.5750000234693289,0.09000000171363354),(0.5500000230967999,0.09000000171363354),(0.5500000230967999,0.05000000074505806),(0.6000000238418579,0.05000000074505806)));
#9785=IFCINDEXEDPOLYCURVE(#9784,(IFCLINEINDEX((1,2,3,4,5,6,1))),$);
#9786=IFCCARTESIANPOINTLIST2D(((0.02500000037252903,0.09000000171363354),(0.06000000052154064,0.09000000171363354),(0.06000000052154064,0.12500000186264515),(0.02500000037252903,0.12500000186264515)));
#9787=IFCINDEXEDPOLYCURVE(#9786,(IFCLINEINDEX((1,2,3,4,1))),$);
#9788=IFCINDEXEDPOLYCURVE(#9789,(IFCLINEINDEX((1,2,3,4,1))),$);
#9789=IFCCARTESIANPOINTLIST2D(((0.5750000234693289,0.09000000171363354),(0.5400000233203173,0.09000000171363354),(0.5400000233203173,0.12500000186264515),(0.5750000234693289,0.12500000186264515)));
#9790=IFCCARTESIANPOINTLIST2D(((0.06000000052154064,0.09000000171363354),(0.5400000233203173,0.09000000171363354)));
#9791=IFCINDEXEDPOLYCURVE(#9790,$,$);
#9792=IFCINDEXEDPOLYCURVE(#9793,$,$);
#9793=IFCCARTESIANPOINTLIST2D(((0.06000000052154064,0.12500000186264515),(0.5400000233203173,0.12500000186264515)));
#9794=IFCINDEXEDPOLYCURVE(#9795,$,$);
#9795=IFCCARTESIANPOINTLIST2D(((0.06000000052154064,0.10750000178813934),(0.5400000233203173,0.10750000178813934)));
#9796=IFCSHAPEREPRESENTATION(#24,'Body','Curve2D',(#9781,#9783,#9785,#9787,#9788,#9791,#9792,#9794));
#9807=IFCCARTESIANPOINTLIST2D(((0.,0.),(0.6000000238418579,0.),(0.6000000238418579,0.8999999761581421),(0.,0.8999999761581421)));
#9808=IFCINDEXEDPOLYCURVE(#9807,(IFCLINEINDEX((1,2,3,4,1))),$);
#9809=IFCARBITRARYCLOSEDPROFILEDEF(.AREA.,$,#9808);
#9810=IFCCARTESIANPOINT((0.,-0.6000000238418579,0.));
#9811=IFCDIRECTION((0.,-1.,0.));
#9812=IFCDIRECTION((1.,0.,0.));
#9813=IFCAXIS2PLACEMENT3D(#9810,#9811,#9812);
#9814=IFCDIRECTION((0.,0.,-1.));
#9815=IFCEXTRUDEDAREASOLID(#9809,#9813,#9814,1.2);
#9816=IFCSHAPEREPRESENTATION(#11,'Body','SweptSolid',(#9815));
#9822=IFCCARTESIANPOINT((1.1146499339773754,-0.049999743700027466,1.));
#9823=IFCDIRECTION((0.,0.,1.));
#9824=IFCDIRECTION((0.9999999999999716,-2.3841857910155572E-07,0.));
#9825=IFCAXIS2PLACEMENT3D(#9822,#9823,#9824);
#9826=IFCLOCALPLACEMENT(#931,#9825);
#9827=IFCCARTESIANPOINT((-4.440892098500626E-16,0.,0.));
#9828=IFCDIRECTION((0.,0.,1.));
#9829=IFCDIRECTION((1.,0.,0.));
#9830=IFCAXIS2PLACEMENT3D(#9827,#9828,#9829);
#9831=IFCLOCALPLACEMENT(#9826,#9830);
#9835=IFCCARTESIANPOINTLIST2D(((0.,0.),(0.6000000238418579,0.),(0.6000000238418579,0.8999999761581421),(0.,0.8999999761581421)));
#9836=IFCINDEXEDPOLYCURVE(#9835,(IFCLINEINDEX((1,2,3,4,1))),$);
#9837=IFCCARTESIANPOINTLIST2D(((0.02500000037252903,0.02500000037252903),(0.5750000234693289,0.02500000037252903),(0.5750000234693289,0.8749999757856131),(0.02500000037252903,0.8749999757856131)));
#9838=IFCINDEXEDPOLYCURVE(#9837,(IFCLINEINDEX((1,2,3,4,1))),$);
#9839=IFCARBITRARYPROFILEDEFWITHVOIDS(.AREA.,$,#9836,(#9838));
#9840=IFCCARTESIANPOINT((0.,0.09000000171363354,0.));
#9841=IFCDIRECTION((0.,-1.,0.));
#9842=IFCDIRECTION((1.,0.,0.));
#9843=IFCAXIS2PLACEMENT3D(#9840,#9841,#9842);
#9844=IFCDIRECTION((0.,0.,-1.));
#9845=IFCEXTRUDEDAREASOLID(#9839,#9843,#9844,0.009999999776482582);
#9846=IFCCARTESIANPOINTLIST2D(((0.,0.),(0.6000000238418579,0.),(0.6000000238418579,0.8999999761581421),(0.,0.8999999761581421)));
#9847=IFCINDEXEDPOLYCURVE(#9846,(IFCLINEINDEX((1,2,3,4,1))),$);
#9848=IFCCARTESIANPOINTLIST2D(((0.05000000074505806,0.05000000074505806),(0.5500000230967999,0.05000000074505806),(0.5500000230967999,0.849999975413084),(0.05000000074505806,0.849999975413084)));
#9849=IFCINDEXEDPOLYCURVE(#9848,(IFCLINEINDEX((1,2,3,4,1))),$);
#9850=IFCARBITRARYPROFILEDEFWITHVOIDS(.AREA.,$,#9847,(#9849));
#9851=IFCCARTESIANPOINT((0.,0.05000000074505806,0.));
#9852=IFCDIRECTION((0.,-1.,0.));
#9853=IFCDIRECTION((1.,0.,0.));
#9854=IFCAXIS2PLACEMENT3D(#9851,#9852,#9853);
#9855=IFCDIRECTION((0.,0.,-1.));
#9856=IFCEXTRUDEDAREASOLID(#9850,#9854,#9855,0.04000000096857548);
#9857=IFCCARTESIANPOINTLIST2D(((0.,0.),(0.5500000230967999,0.),(0.5500000230967999,0.849999975413084),(0.,0.849999975413084)));
#9858=IFCINDEXEDPOLYCURVE(#9857,(IFCLINEINDEX((1,2,3,4,1))),$);
#9859=IFCCARTESIANPOINTLIST2D(((0.03500000014901161,0.03500000014901161),(0.5150000229477882,0.03500000014901161),(0.5150000229477882,0.8149999752640724),(0.03500000014901161,0.8149999752640724)));
#9860=IFCINDEXEDPOLYCURVE(#9859,(IFCLINEINDEX((1,2,3,4,1))),$);
#9861=IFCARBITRARYPROFILEDEFWITHVOIDS(.AREA.,$,#9858,(#9860));
#9862=IFCCARTESIANPOINT((0.02500000037252903,0.09000000171363354,0.02500000037252903));
#9863=IFCDIRECTION((0.,-1.,0.));
#9864=IFCDIRECTION((1.,0.,0.));
#9865=IFCAXIS2PLACEMENT3D(#9862,#9863,#9864);
#9866=IFCDIRECTION((0.,0.,-1.));
#9867=IFCEXTRUDEDAREASOLID(#9861,#9865,#9866,0.03500000014901161);
#9868=IFCINDEXEDPOLYCURVE(#9869,(IFCLINEINDEX((1,2,3,4,1))),$);
#9869=IFCCARTESIANPOINTLIST2D(((0.03500000014901161,0.03500000014901161),(0.5150000229477882,0.03500000014901161),(0.5150000229477882,0.8149999752640724),(0.03500000014901161,0.8149999752640724)));
#9870=IFCARBITRARYCLOSEDPROFILEDEF(.AREA.,$,#9868);
#9871=IFCCARTESIANPOINT((0.02500000037252903,0.10250000178813934,0.02500000037252903));
#9872=IFCDIRECTION((0.,-1.,0.));
#9873=IFCDIRECTION((1.,0.,0.));
#9874=IFCAXIS2PLACEMENT3D(#9871,#9872,#9873);
#9875=IFCDIRECTION((0.,0.,-1.));
#9876=IFCEXTRUDEDAREASOLID(#9870,#9874,#9875,0.01);
#9878=IFCSHAPEREPRESENTATION(#11,'Body','SweptSolid',(#9845,#9856));
#9879=IFCSHAPEASPECT((#9878),'Lining',$,.T.,#9037);
#9880=IFCSHAPEREPRESENTATION(#11,'Body','SweptSolid',(#9867));
#9881=IFCSHAPEASPECT((#9880),'Framing',$,.T.,#9037);
#9882=IFCSHAPEREPRESENTATION(#11,'Body','SweptSolid',(#9876));
#9883=IFCSHAPEASPECT((#9882),'Glazing',$,.T.,#9037);
#10041=IFCCARTESIANPOINTLIST3D(((0.,0.,0.),(0.6069468259811401,0.,0.),(0.6069468259811401,0.,0.8999999761581421),(0.,0.,0.8999999761581421)));
#10042=IFCINDEXEDPOLYCURVE(#10041,(IFCLINEINDEX((1,2,3,4,1))),$);
#10043=IFCSHAPEREPRESENTATION(#18,'Profile','Curve3D',(#10042));
#10044=IFCCARTESIANPOINTLIST2D(((0.,0.),(0.6069468259811401,0.),(0.6069468259811401,0.8999999761581421),(0.,0.8999999761581421)));
#10045=IFCINDEXEDPOLYCURVE(#10044,(IFCLINEINDEX((1,2,3,4,1))),$);
#10046=IFCCARTESIANPOINTLIST2D(((0.02500000037252903,0.02500000037252903),(0.5819468256086111,0.02500000037252903),(0.5819468256086111,0.8749999757856131),(0.02500000037252903,0.8749999757856131)));
#10047=IFCINDEXEDPOLYCURVE(#10046,(IFCLINEINDEX((1,2,3,4,1))),$);
#10048=IFCARBITRARYPROFILEDEFWITHVOIDS(.AREA.,$,#10045,(#10047));
#10049=IFCCARTESIANPOINT((0.,0.09000000171363354,0.));
#10050=IFCDIRECTION((0.,-1.,0.));
#10051=IFCDIRECTION((1.,0.,0.));
#10052=IFCAXIS2PLACEMENT3D(#10049,#10050,#10051);
#10053=IFCDIRECTION((0.,0.,-1.));
#10054=IFCEXTRUDEDAREASOLID(#10048,#10052,#10053,0.009999999776482582);
#10055=IFCCARTESIANPOINTLIST2D(((0.,0.),(0.6069468259811401,0.),(0.6069468259811401,0.8999999761581421),(0.,0.8999999761581421)));
#10056=IFCINDEXEDPOLYCURVE(#10055,(IFCLINEINDEX((1,2,3,4,1))),$);
#10057=IFCCARTESIANPOINTLIST2D(((0.05000000074505806,0.05000000074505806),(0.5569468252360821,0.05000000074505806),(0.5569468252360821,0.849999975413084),(0.05000000074505806,0.849999975413084)));
#10058=IFCINDEXEDPOLYCURVE(#10057,(IFCLINEINDEX((1,2,3,4,1))),$);
#10059=IFCARBITRARYPROFILEDEFWITHVOIDS(.AREA.,$,#10056,(#10058));
#10060=IFCCARTESIANPOINT((0.,0.05000000074505806,0.));
#10061=IFCDIRECTION((0.,-1.,0.));
#10062=IFCDIRECTION((1.,0.,0.));
#10063=IFCAXIS2PLACEMENT3D(#10060,#10061,#10062);
#10064=IFCDIRECTION((0.,0.,-1.));
#10065=IFCEXTRUDEDAREASOLID(#10059,#10063,#10064,0.04000000096857548);
#10066=IFCCARTESIANPOINTLIST2D(((0.,0.),(0.5569468252360821,0.),(0.5569468252360821,0.849999975413084),(0.,0.849999975413084)));
#10067=IFCINDEXEDPOLYCURVE(#10066,(IFCLINEINDEX((1,2,3,4,1))),$);
#10068=IFCCARTESIANPOINTLIST2D(((0.03500000014901161,0.03500000014901161),(0.5219468250870705,0.03500000014901161),(0.5219468250870705,0.8149999752640724),(0.03500000014901161,0.8149999752640724)));
#10069=IFCINDEXEDPOLYCURVE(#10068,(IFCLINEINDEX((1,2,3,4,1))),$);
#10070=IFCARBITRARYPROFILEDEFWITHVOIDS(.AREA.,$,#10067,(#10069));
#10071=IFCCARTESIANPOINT((0.02500000037252903,0.09000000171363354,0.02500000037252903));
#10072=IFCDIRECTION((0.,-1.,0.));
#10073=IFCDIRECTION((1.,0.,0.));
#10074=IFCAXIS2PLACEMENT3D(#10071,#10072,#10073);
#10075=IFCDIRECTION((0.,0.,-1.));
#10076=IFCEXTRUDEDAREASOLID(#10070,#10074,#10075,0.03500000014901161);
#10077=IFCINDEXEDPOLYCURVE(#10078,(IFCLINEINDEX((1,2,3,4,1))),$);
#10078=IFCCARTESIANPOINTLIST2D(((0.03500000014901161,0.03500000014901161),(0.5219468250870705,0.03500000014901161),(0.5219468250870705,0.8149999752640724),(0.03500000014901161,0.8149999752640724)));
#10079=IFCARBITRARYCLOSEDPROFILEDEF(.AREA.,$,#10077);
#10080=IFCCARTESIANPOINT((0.02500000037252903,0.10250000178813934,0.02500000037252903));
#10081=IFCDIRECTION((0.,-1.,0.));
#10082=IFCDIRECTION((1.,0.,0.));
#10083=IFCAXIS2PLACEMENT3D(#10080,#10081,#10082);
#10084=IFCDIRECTION((0.,0.,-1.));
#10085=IFCEXTRUDEDAREASOLID(#10079,#10083,#10084,0.01);
#10086=IFCSHAPEREPRESENTATION(#11,'Body','SweptSolid',(#10054,#10065,#10076,#10085));
#10087=IFCSHAPEREPRESENTATION(#11,'Body','SweptSolid',(#10054,#10065));
#10088=IFCSHAPEASPECT((#10087),'Lining',$,.T.,#9086);
#10089=IFCSHAPEREPRESENTATION(#11,'Body','SweptSolid',(#10076));
#10090=IFCSHAPEASPECT((#10089),'Framing',$,.T.,#9086);
#10091=IFCSHAPEREPRESENTATION(#11,'Body','SweptSolid',(#10085));
#10092=IFCSHAPEASPECT((#10091),'Glazing',$,.T.,#9086);
#10093=IFCCARTESIANPOINTLIST2D(((0.05000000074505806,0.05000000074505806),(0.5569468252360821,0.05000000074505806)));
#10094=IFCINDEXEDPOLYCURVE(#10093,$,$);
#10095=IFCCARTESIANPOINTLIST2D(((0.,0.10000000149011612),(0.02500000037252903,0.10000000149011612),(0.02500000037252903,0.09000000171363354),(0.05000000074505806,0.09000000171363354),(0.05000000074505806,0.05000000074505806),(0.,0.05000000074505806)));
#10096=IFCINDEXEDPOLYCURVE(#10095,(IFCLINEINDEX((1,2,3,4,5,6,1))),$);
#10097=IFCCARTESIANPOINTLIST2D(((0.6069468259811401,0.10000000149011612),(0.5819468256086111,0.10000000149011612),(0.5819468256086111,0.09000000171363354),(0.5569468252360821,0.09000000171363354),(0.5569468252360821,0.05000000074505806),(0.6069468259811401,0.05000000074505806)));
#10098=IFCINDEXEDPOLYCURVE(#10097,(IFCLINEINDEX((1,2,3,4,5,6,1))),$);
#10099=IFCCARTESIANPOINTLIST2D(((0.02500000037252903,0.09000000171363354),(0.06000000052154064,0.09000000171363354),(0.06000000052154064,0.12500000186264515),(0.02500000037252903,0.12500000186264515)));
#10100=IFCINDEXEDPOLYCURVE(#10099,(IFCLINEINDEX((1,2,3,4,1))),$);
#10101=IFCINDEXEDPOLYCURVE(#10102,(IFCLINEINDEX((1,2,3,4,1))),$);
#10102=IFCCARTESIANPOINTLIST2D(((0.5819468256086111,0.09000000171363354),(0.5469468254595995,0.09000000171363354),(0.5469468254595995,0.12500000186264515),(0.5819468256086111,0.12500000186264515)));
#10103=IFCCARTESIANPOINTLIST2D(((0.06000000052154064,0.09000000171363354),(0.5469468254595995,0.09000000171363354)));
#10104=IFCINDEXEDPOLYCURVE(#10103,$,$);
#10105=IFCINDEXEDPOLYCURVE(#10106,$,$);
#10106=IFCCARTESIANPOINTLIST2D(((0.06000000052154064,0.12500000186264515),(0.5469468254595995,0.12500000186264515)));
#10107=IFCINDEXEDPOLYCURVE(#10108,$,$);
#10108=IFCCARTESIANPOINTLIST2D(((0.06000000052154064,0.10750000178813934),(0.5469468254595995,0.10750000178813934)));
#10109=IFCSHAPEREPRESENTATION(#24,'Body','Curve2D',(#10094,#10096,#10098,#10100,#10101,#10104,#10105,#10107));
#10180=IFCCARTESIANPOINTLIST2D(((0.,0.),(0.6069468259811401,0.),(0.6069468259811401,0.8999999761581421),(0.,0.8999999761581421)));
#10181=IFCINDEXEDPOLYCURVE(#10180,(IFCLINEINDEX((1,2,3,4,1))),$);
#10182=IFCARBITRARYCLOSEDPROFILEDEF(.AREA.,$,#10181);
#10183=IFCCARTESIANPOINT((0.,-0.6000000238418579,0.));
#10184=IFCDIRECTION((0.,-1.,0.));
#10185=IFCDIRECTION((1.,0.,0.));
#10186=IFCAXIS2PLACEMENT3D(#10183,#10184,#10185);
#10187=IFCDIRECTION((0.,0.,-1.));
#10188=IFCEXTRUDEDAREASOLID(#10182,#10186,#10187,1.2);
#10189=IFCSHAPEREPRESENTATION(#11,'Body','SweptSolid',(#10188));
#10195=IFCCARTESIANPOINT((0.5674325823783868,2.48032661076536E-08,1.));
#10196=IFCDIRECTION((0.,0.,1.));
#10197=IFCDIRECTION((0.9999999999999716,2.3841857199613038E-07,0.));
#10198=IFCAXIS2PLACEMENT3D(#10195,#10196,#10197);
#10199=IFCLOCALPLACEMENT(#11289,#10198);
#10200=IFCCARTESIANPOINT((1.1102230246251565E-16,0.,0.));
#10201=IFCDIRECTION((0.,0.,1.));
#10202=IFCDIRECTION((1.,2.6469779601696886E-23,0.));
#10203=IFCAXIS2PLACEMENT3D(#10200,#10201,#10202);
#10204=IFCLOCALPLACEMENT(#10199,#10203);
#10210=IFCCARTESIANPOINT((0.5731301307678218,2.5052313556983563E-08,1.));
#10211=IFCDIRECTION((0.,0.,1.));
#10212=IFCDIRECTION((0.9999999999999716,2.3841857199613038E-07,0.));
#10213=IFCAXIS2PLACEMENT3D(#10210,#10211,#10212);
#10214=IFCLOCALPLACEMENT(#11284,#10213);
#10215=IFCCARTESIANPOINT((0.,0.,0.));
#10216=IFCDIRECTION((0.,0.,1.));
#10217=IFCDIRECTION((1.,2.6469779601696886E-23,0.));
#10218=IFCAXIS2PLACEMENT3D(#10215,#10216,#10217);
#10219=IFCLOCALPLACEMENT(#10214,#10218);
#10225=IFCCARTESIANPOINT((1.4455153138253054,0.09999990463256836,1.));
#10226=IFCDIRECTION((0.,0.,1.));
#10227=IFCDIRECTION((-0.9999999999999887,1.5099580252808492E-07,0.));
#10228=IFCAXIS2PLACEMENT3D(#10225,#10226,#10227);
#10229=IFCLOCALPLACEMENT(#11299,#10228);
#10230=IFCCARTESIANPOINT((0.,0.,0.));
#10231=IFCDIRECTION((0.,0.,1.));
#10232=IFCDIRECTION((1.,0.,0.));
#10233=IFCAXIS2PLACEMENT3D(#10230,#10231,#10232);
#10234=IFCLOCALPLACEMENT(#10229,#10233);
#10240=IFCCARTESIANPOINT((1.8100842715012742,3.4017966132893207E-07,1.));
#10241=IFCDIRECTION((0.,0.,1.));
#10242=IFCDIRECTION((0.9999999999999715,2.384185719961227E-07,0.));
#10243=IFCAXIS2PLACEMENT3D(#10240,#10241,#10242);
#10244=IFCLOCALPLACEMENT(#11319,#10243);
#10245=IFCCARTESIANPOINT((8.881784197001252E-16,0.,0.));
#10246=IFCDIRECTION((0.,0.,1.));
#10247=IFCDIRECTION((1.,-5.293955920339377E-23,0.));
#10248=IFCAXIS2PLACEMENT3D(#10245,#10246,#10247);
#10249=IFCLOCALPLACEMENT(#10244,#10248);
#10250=IFCCARTESIANPOINTLIST3D(((0.,0.,0.),(0.9534597992897034,0.,0.),(0.9534597992897034,0.,0.8999999761581421),(0.,0.,0.8999999761581421)));
#10251=IFCINDEXEDPOLYCURVE(#10250,(IFCLINEINDEX((1,2,3,4,1))),$);
#10252=IFCSHAPEREPRESENTATION(#18,'Profile','Curve3D',(#10251));
#10253=IFCCARTESIANPOINTLIST2D(((0.,0.),(0.9534597992897034,0.),(0.9534597992897034,0.8999999761581421),(0.,0.8999999761581421)));
#10254=IFCINDEXEDPOLYCURVE(#10253,(IFCLINEINDEX((1,2,3,4,1))),$);
#10255=IFCCARTESIANPOINTLIST2D(((0.02500000037252903,0.02500000037252903),(0.9284597989171743,0.02500000037252903),(0.9284597989171743,0.8749999757856131),(0.02500000037252903,0.8749999757856131)));
#10256=IFCINDEXEDPOLYCURVE(#10255,(IFCLINEINDEX((1,2,3,4,1))),$);
#10257=IFCARBITRARYPROFILEDEFWITHVOIDS(.AREA.,$,#10254,(#10256));
#10258=IFCCARTESIANPOINT((0.,-0.06514134630560875,0.));
#10259=IFCDIRECTION((0.,-1.,0.));
#10260=IFCDIRECTION((1.,0.,0.));
#10261=IFCAXIS2PLACEMENT3D(#10258,#10259,#10260);
#10262=IFCDIRECTION((0.,0.,-1.));
#10263=IFCEXTRUDEDAREASOLID(#10257,#10261,#10262,0.16514134779572487);
#10264=IFCCARTESIANPOINTLIST2D(((0.,0.),(0.9534597992897034,0.),(0.9534597992897034,0.8999999761581421),(0.,0.8999999761581421)));
#10265=IFCINDEXEDPOLYCURVE(#10264,(IFCLINEINDEX((1,2,3,4,1))),$);
#10266=IFCCARTESIANPOINTLIST2D(((0.7080078721046448,0.7080078721046448),(0.2454519271850586,0.7080078721046448),(0.2454519271850586,0.19199210405349731),(0.7080078721046448,0.19199210405349731)));
#10267=IFCINDEXEDPOLYCURVE(#10266,(IFCLINEINDEX((1,2,3,4,1))),$);
#10268=IFCARBITRARYPROFILEDEFWITHVOIDS(.AREA.,$,#10265,(#10267));
#10269=IFCCARTESIANPOINT((0.,0.05000000074505806,0.));
#10270=IFCDIRECTION((0.,-1.,0.));
#10271=IFCDIRECTION((1.,0.,0.));
#10272=IFCAXIS2PLACEMENT3D(#10269,#10270,#10271);
#10273=IFCDIRECTION((0.,0.,-1.));
#10274=IFCEXTRUDEDAREASOLID(#10268,#10272,#10273,-0.11514134705066681);
#10275=IFCCARTESIANPOINTLIST2D(((0.,0.),(0.9034597985446453,0.),(0.9034597985446453,0.849999975413084),(0.,0.849999975413084)));
#10276=IFCINDEXEDPOLYCURVE(#10275,(IFCLINEINDEX((1,2,3,4,1))),$);
#10277=IFCCARTESIANPOINTLIST2D(((0.062070462852716446,0.062070462852716446),(0.8413893356919289,0.062070462852716446),(0.8413893356919289,0.7879295125603676),(0.062070462852716446,0.7879295125603676)));
#10278=IFCINDEXEDPOLYCURVE(#10277,(IFCLINEINDEX((1,2,3,4,1))),$);
#10279=IFCARBITRARYPROFILEDEFWITHVOIDS(.AREA.,$,#10276,(#10278));
#10280=IFCCARTESIANPOINT((0.02500000037252903,-0.06514134630560875,0.02500000037252903));
#10281=IFCDIRECTION((0.,-1.,0.));
#10282=IFCDIRECTION((1.,0.,0.));
#10283=IFCAXIS2PLACEMENT3D(#10280,#10281,#10282);
#10284=IFCDIRECTION((0.,0.,-1.));
#10285=IFCEXTRUDEDAREASOLID(#10279,#10283,#10284,0.03500000014901161);
#10286=IFCINDEXEDPOLYCURVE(#10287,(IFCLINEINDEX((1,2,3,4,1))),$);
#10287=IFCCARTESIANPOINTLIST2D(((0.062070462852716446,0.062070462852716446),(0.8413893356919289,0.062070462852716446),(0.8413893356919289,0.7879295125603676),(0.062070462852716446,0.7879295125603676)));
#10288=IFCARBITRARYCLOSEDPROFILEDEF(.AREA.,$,#10286);
#10289=IFCCARTESIANPOINT((0.02500000037252903,-0.05264134623110295,0.02500000037252903));
#10290=IFCDIRECTION((0.,-1.,0.));
#10291=IFCDIRECTION((1.,0.,0.));
#10292=IFCAXIS2PLACEMENT3D(#10289,#10290,#10291);
#10293=IFCDIRECTION((0.,0.,-1.));
#10294=IFCEXTRUDEDAREASOLID(#10288,#10292,#10293,0.01);
#10295=IFCSHAPEREPRESENTATION(#11,'Body','SweptSolid',(#10263,#10274,#10285,#10294));
#10296=IFCSHAPEREPRESENTATION(#11,'Body','SweptSolid',(#10263,#10274));
#10297=IFCSHAPEASPECT((#10296),'Lining',$,.T.,#9521);
#10298=IFCSHAPEREPRESENTATION(#11,'Body','SweptSolid',(#10285));
#10299=IFCSHAPEASPECT((#10298),'Framing',$,.T.,#9521);
#10300=IFCSHAPEREPRESENTATION(#11,'Body','SweptSolid',(#10294));
#10301=IFCSHAPEASPECT((#10300),'Glazing',$,.T.,#9521);
#10302=IFCCARTESIANPOINTLIST2D(((0.7080078721046448,0.05000000074505806),(0.2454519271850586,0.05000000074505806)));
#10303=IFCINDEXEDPOLYCURVE(#10302,$,$);
#10304=IFCCARTESIANPOINTLIST2D(((0.,0.10000000149011612),(0.02500000037252903,0.10000000149011612),(0.02500000037252903,-0.06514134630560875),(0.7080078721046448,-0.06514134630560875),(0.7080078721046448,0.05000000074505806),(0.,0.05000000074505806)));
#10305=IFCINDEXEDPOLYCURVE(#10304,(IFCLINEINDEX((1,2,3,4,5,6,1))),$);
#10306=IFCCARTESIANPOINTLIST2D(((0.9534597992897034,0.10000000149011612),(0.9284597989171743,0.10000000149011612),(0.9284597989171743,-0.06514134630560875),(0.2454519271850586,-0.06514134630560875),(0.2454519271850586,0.05000000074505806),(0.9534597992897034,0.05000000074505806)));
#10307=IFCINDEXEDPOLYCURVE(#10306,(IFCLINEINDEX((1,2,3,4,5,6,1))),$);
#10308=IFCCARTESIANPOINTLIST2D(((0.02500000037252903,-0.06514134630560875),(0.08707046322524548,-0.06514134630560875),(0.08707046322524548,-0.030141346156597137),(0.02500000037252903,-0.030141346156597137)));
#10309=IFCINDEXEDPOLYCURVE(#10308,(IFCLINEINDEX((1,2,3,4,1))),$);
#10310=IFCINDEXEDPOLYCURVE(#10311,(IFCLINEINDEX((1,2,3,4,1))),$);
#10311=IFCCARTESIANPOINTLIST2D(((0.9284597989171743,-0.06514134630560875),(0.8663893360644579,-0.06514134630560875),(0.8663893360644579,-0.030141346156597137),(0.9284597989171743,-0.030141346156597137)));
#10312=IFCCARTESIANPOINTLIST2D(((0.08707046322524548,-0.06514134630560875),(0.8663893360644579,-0.06514134630560875)));
#10313=IFCINDEXEDPOLYCURVE(#10312,$,$);
#10314=IFCINDEXEDPOLYCURVE(#10315,$,$);
#10315=IFCCARTESIANPOINTLIST2D(((0.08707046322524548,-0.030141346156597137),(0.8663893360644579,-0.030141346156597137)));
#10316=IFCINDEXEDPOLYCURVE(#10317,$,$);
#10317=IFCCARTESIANPOINTLIST2D(((0.08707046322524548,-0.04764134623110294),(0.8663893360644579,-0.04764134623110294)));
#10318=IFCSHAPEREPRESENTATION(#24,'Body','Curve2D',(#10303,#10305,#10307,#10309,#10310,#10313,#10314,#10316));
#10329=IFCCARTESIANPOINTLIST2D(((0.,0.),(0.9534597992897034,0.),(0.9534597992897034,0.8999999761581421),(0.,0.8999999761581421)));
#10330=IFCINDEXEDPOLYCURVE(#10329,(IFCLINEINDEX((1,2,3,4,1))),$);
#10331=IFCARBITRARYCLOSEDPROFILEDEF(.AREA.,$,#10330);
#10332=IFCCARTESIANPOINT((0.,-0.6000000238418579,0.));
#10333=IFCDIRECTION((0.,-1.,0.));
#10334=IFCDIRECTION((1.,0.,0.));
#10335=IFCAXIS2PLACEMENT3D(#10332,#10333,#10334);
#10336=IFCDIRECTION((0.,0.,-1.));
#10337=IFCEXTRUDEDAREASOLID(#10331,#10335,#10336,1.2);
#10338=IFCSHAPEREPRESENTATION(#11,'Body','SweptSolid',(#10337));
#10344=IFCCARTESIANPOINT((0.4540343135594977,1.7680748420900727E-07,1.0099999904632568));
#10345=IFCDIRECTION((0.,0.,1.));
#10346=IFCDIRECTION((1.,0.,0.));
#10347=IFCAXIS2PLACEMENT3D(#10344,#10345,#10346);
#10348=IFCLOCALPLACEMENT(#11279,#10347);
#10349=IFCCARTESIANPOINT((0.,8.881784197001252E-16,0.));
#10350=IFCDIRECTION((0.,0.,1.));
#10351=IFCDIRECTION((1.,0.,0.));
#10352=IFCAXIS2PLACEMENT3D(#10349,#10350,#10351);
#10353=IFCLOCALPLACEMENT(#10348,#10352);
#10354=IFCCARTESIANPOINT((0.48510491847991943,-2.5749993324279785,0.));
#10355=IFCDIRECTION((0.,0.,1.));
#10356=IFCDIRECTION((1.,0.,0.));
#10357=IFCAXIS2PLACEMENT3D(#10354,#10355,#10356);
#10358=IFCLOCALPLACEMENT(#79,#10357);
#10369=IFCCOVERINGTYPE('2Cmnt3_jPBhBAuBeA4ta0N',$,'FL-1-GF',$,$,(#10373),$,$,$,.FLOORING.);
#10370=IFCMATERIALLAYERSET((#10522,#10547),$,$);
#10371=IFCRELASSOCIATESMATERIAL('1msYObCcfEzfLSSCinbLDL',$,$,$,(#10369),#10370);
#10373=IFCPROPERTYSET('2eNXsmyvTDkP9NwomJMEKp',$,'EPset_Parametric',$,(#10374));
#10374=IFCPROPERTYSINGLEVALUE('LayerSetDirection',$,IFCLABEL('AXIS3'),$);
#10375=IFCCOVERING('0NvKjRze94tvCQF3FudhtG',$,'Covering',$,$,#11394,#10390,$,$);
#10376=IFCRELDEFINESBYTYPE('2pK9yC19L6JeKqLQ$fE3F6',$,$,$,(#10375,#10394,#10502,#10412,#10448,#10466),#10369);
#10377=IFCMATERIALLAYERSETUSAGE(#10370,.AXIS3.,.POSITIVE.,0.,$);
#10378=IFCRELASSOCIATESMATERIAL('3kZXjIKj5AhfwlzXFniOyj',$,$,$,(#10375),#10377);
#10384=IFCCARTESIANPOINTLIST2D(((0.,0.),(1.,0.),(1.,1.),(0.,1.),(0.,0.)));
#10385=IFCINDEXEDPOLYCURVE(#10384,$,$);
#10386=IFCDIRECTION((0.,0.,1.));
#10387=IFCARBITRARYCLOSEDPROFILEDEF(.AREA.,$,#10385);
#10388=IFCEXTRUDEDAREASOLID(#10387,#10526,#10386,0.09999999962747097);
#10389=IFCSHAPEREPRESENTATION(#11,'Body','SweptSolid',(#10388));
#10390=IFCPRODUCTDEFINITIONSHAPE($,$,(#10389));
#10391=IFCPROPERTYSET('0Ov4mYWMX5ShOkq_E4ZXZe',$,'EPset_Parametric',$,(#10393));
#10392=IFCRELDEFINESBYPROPERTIES('2CGFoBUW55uBuODY35BXo2',$,$,$,(#10375),#10391);
#10393=IFCPROPERTYSINGLEVALUE('Engine',$,IFCLABEL('Bonsai.DumbLayer3'),$);
#10394=IFCCOVERING('3M7N1yLj5BiB0PEfWSRK0B',$,'Covering',$,$,#11399,#10408,$,$);
#10395=IFCMATERIALLAYERSETUSAGE(#10370,.AXIS3.,.POSITIVE.,0.,$);
#10396=IFCRELASSOCIATESMATERIAL('3UeqUkhsfDXApHr1N5jcQ_',$,$,$,(#10394),#10395);
#10402=IFCCARTESIANPOINTLIST2D(((0.,0.),(1.,0.),(1.,1.),(0.,1.),(0.,0.)));
#10403=IFCINDEXEDPOLYCURVE(#10402,$,$);
#10404=IFCDIRECTION((0.,0.,1.));
#10405=IFCARBITRARYCLOSEDPROFILEDEF(.AREA.,$,#10403);
#10406=IFCEXTRUDEDAREASOLID(#10405,#10534,#10404,0.09999999962747097);
#10407=IFCSHAPEREPRESENTATION(#11,'Body','SweptSolid',(#10406));
#10408=IFCPRODUCTDEFINITIONSHAPE($,$,(#10407));
#10409=IFCPROPERTYSET('3N0gh3$i59LA$KHoY_xlDy',$,'EPset_Parametric',$,(#10411));
#10410=IFCRELDEFINESBYPROPERTIES('27waKxXnr8bwrf0mJKRdop',$,$,$,(#10394),#10409);
#10411=IFCPROPERTYSINGLEVALUE('Engine',$,IFCLABEL('Bonsai.DumbLayer3'),$);
#10412=IFCCOVERING('0jgQWsV9bA2hEdIwNFPB1a',$,'Covering',$,$,#11404,#10426,$,$);
#10413=IFCMATERIALLAYERSETUSAGE(#10370,.AXIS3.,.POSITIVE.,0.,$);
#10414=IFCRELASSOCIATESMATERIAL('3vxnpIQ6bDSuAhNAu$aciH',$,$,$,(#10412),#10413);
#10420=IFCCARTESIANPOINTLIST2D(((0.,0.),(1.,0.),(1.,1.),(0.,1.),(0.,0.)));
#10421=IFCINDEXEDPOLYCURVE(#10420,$,$);
#10422=IFCDIRECTION((0.,0.,1.));
#10423=IFCARBITRARYCLOSEDPROFILEDEF(.AREA.,$,#10421);
#10424=IFCEXTRUDEDAREASOLID(#10423,#10530,#10422,0.09999999962747097);
#10425=IFCSHAPEREPRESENTATION(#11,'Body','SweptSolid',(#10424));
#10426=IFCPRODUCTDEFINITIONSHAPE($,$,(#10425));
#10427=IFCPROPERTYSET('1trVkyhLzCdxXcAek0w2Mf',$,'EPset_Parametric',$,(#10429));
#10428=IFCRELDEFINESBYPROPERTIES('2mhLkRHFvClh4Vu_5GWcAY',$,$,$,(#10412),#10427);
#10429=IFCPROPERTYSINGLEVALUE('Engine',$,IFCLABEL('Bonsai.DumbLayer3'),$);
#10448=IFCCOVERING('2m8T8hDUb4N9AvKBEkyZFx',$,'Covering',$,$,#11409,#10462,$,$);
#10449=IFCMATERIALLAYERSETUSAGE(#10370,.AXIS3.,.POSITIVE.,0.,$);
#10450=IFCRELASSOCIATESMATERIAL('0tWpJu1AnAMfDgYLSkJcI1',$,$,$,(#10448),#10449);
#10456=IFCCARTESIANPOINTLIST2D(((0.,0.),(1.,0.),(1.,1.),(0.,1.),(0.,0.)));
#10457=IFCINDEXEDPOLYCURVE(#10456,$,$);
#10458=IFCDIRECTION((0.,0.,1.));
#10459=IFCARBITRARYCLOSEDPROFILEDEF(.AREA.,$,#10457);
#10460=IFCEXTRUDEDAREASOLID(#10459,#10538,#10458,0.09999999962747097);
#10461=IFCSHAPEREPRESENTATION(#11,'Body','SweptSolid',(#10460));
#10462=IFCPRODUCTDEFINITIONSHAPE($,$,(#10461));
#10463=IFCPROPERTYSET('23dAVqA4PClAXt5ueFbw3$',$,'EPset_Parametric',$,(#10465));
#10464=IFCRELDEFINESBYPROPERTIES('35BiKRRDj3Swpuho4vvOTT',$,$,$,(#10448),#10463);
#10465=IFCPROPERTYSINGLEVALUE('Engine',$,IFCLABEL('Bonsai.DumbLayer3'),$);
#10466=IFCCOVERING('27Pnu8lDvE_vbPCsVYvGhU',$,'Covering',$,$,#11414,#10480,$,$);
#10467=IFCMATERIALLAYERSETUSAGE(#10370,.AXIS3.,.POSITIVE.,0.,$);
#10468=IFCRELASSOCIATESMATERIAL('3KnMe4KJn6mg7UsQtpdPmE',$,$,$,(#10466),#10467);
#10474=IFCCARTESIANPOINTLIST2D(((0.,0.),(1.,0.),(1.,1.),(0.,1.),(0.,0.)));
#10475=IFCINDEXEDPOLYCURVE(#10474,$,$);
#10476=IFCDIRECTION((0.,0.,1.));
#10477=IFCARBITRARYCLOSEDPROFILEDEF(.AREA.,$,#10475);
#10478=IFCEXTRUDEDAREASOLID(#10477,#10542,#10476,0.09999999962747097);
#10479=IFCSHAPEREPRESENTATION(#11,'Body','SweptSolid',(#10478));
#10480=IFCPRODUCTDEFINITIONSHAPE($,$,(#10479));
#10481=IFCPROPERTYSET('37sOV2jbL2rwriKxOk$zsc',$,'EPset_Parametric',$,(#10483));
#10482=IFCRELDEFINESBYPROPERTIES('1hveZqYur8qvVGNuIXcpcG',$,$,$,(#10466),#10481);
#10483=IFCPROPERTYSINGLEVALUE('Engine',$,IFCLABEL('Bonsai.DumbLayer3'),$);
#10502=IFCCOVERING('0DGtL3Bun0EQsmLfdOx3Kg',$,'Covering',$,$,#12196,#10516,$,$);
#10503=IFCMATERIALLAYERSETUSAGE(#10370,.AXIS3.,.POSITIVE.,0.,$);
#10504=IFCRELASSOCIATESMATERIAL('1TZYZe3DrBZfQU3fvVJLXX',$,$,$,(#10502),#10503);
#10510=IFCCARTESIANPOINTLIST2D(((0.,0.),(1.,0.),(1.,1.),(0.,1.),(0.,0.)));
#10511=IFCINDEXEDPOLYCURVE(#10510,$,$);
#10512=IFCDIRECTION((0.,0.,1.));
#10513=IFCARBITRARYCLOSEDPROFILEDEF(.AREA.,$,#10511);
#10514=IFCEXTRUDEDAREASOLID(#10513,#10546,#10512,0.09999999962747097);
#10515=IFCSHAPEREPRESENTATION(#11,'Body','SweptSolid',(#10514));
#10516=IFCPRODUCTDEFINITIONSHAPE($,$,(#10515));
#10517=IFCPROPERTYSET('2P2IKQ_xbAqvI61syENkso',$,'EPset_Parametric',$,(#10519));
#10518=IFCRELDEFINESBYPROPERTIES('068R1iP$18OvGN1AAE6iyt',$,$,$,(#10502),#10517);
#10519=IFCPROPERTYSINGLEVALUE('Engine',$,IFCLABEL('Bonsai.DumbLayer3'),$);
#10520=IFCMATERIAL('Screed',$,'Cement');
#10521=IFCMATERIAL('Paraquet',$,'Wood');
#10522=IFCMATERIALLAYER(#10521,0.029999999329447746,$,$,$,$,$);
#10523=IFCCARTESIANPOINT((0.,0.,0.));
#10524=IFCDIRECTION((0.,0.,1.));
#10525=IFCDIRECTION((1.,0.,0.));
#10526=IFCAXIS2PLACEMENT3D(#10523,#10524,#10525);
#10527=IFCCARTESIANPOINT((0.,0.,0.));
#10528=IFCDIRECTION((0.,0.,1.));
#10529=IFCDIRECTION((1.,0.,0.));
#10530=IFCAXIS2PLACEMENT3D(#10527,#10528,#10529);
#10531=IFCCARTESIANPOINT((0.,0.,0.));
#10532=IFCDIRECTION((0.,0.,1.));
#10533=IFCDIRECTION((1.,0.,0.));
#10534=IFCAXIS2PLACEMENT3D(#10531,#10532,#10533);
#10535=IFCCARTESIANPOINT((0.,0.,0.));
#10536=IFCDIRECTION((0.,0.,1.));
#10537=IFCDIRECTION((1.,0.,0.));
#10538=IFCAXIS2PLACEMENT3D(#10535,#10536,#10537);
#10539=IFCCARTESIANPOINT((0.,0.,0.));
#10540=IFCDIRECTION((0.,0.,1.));
#10541=IFCDIRECTION((1.,0.,0.));
#10542=IFCAXIS2PLACEMENT3D(#10539,#10540,#10541);
#10543=IFCCARTESIANPOINT((0.,0.,0.));
#10544=IFCDIRECTION((0.,0.,1.));
#10545=IFCDIRECTION((1.,0.,0.));
#10546=IFCAXIS2PLACEMENT3D(#10543,#10544,#10545);
#10547=IFCMATERIALLAYER(#10520,0.07000000029802322,$,$,$,$,$);
#10548=IFCSTAIRFLIGHTTYPE('2CxBJzz0f7LBGYXdVtfhCe',$,'STAIR-1',$,$,(#10549,#10551),(#10593,#10769),$,$,.STRAIGHT.);
#10549=IFCPROPERTYSET('0fnhWPWhDFRP6cd3em1YEW',$,'BBIM_Stair',$,(#10550));
#10550=IFCPROPERTYSINGLEVALUE('Data',$,IFCTEXT('{"stair_type": "GENERIC", "width": 0.800000011920929, "height": 1.7999999523162842, "number_of_treads": 7, "tread_run": 0.209157794713974, "nosing_length": 0.0, "nosing_depth": 0.0, "custom_first_last_tread_run": [null, null], "custom_tread_lock": true}'),$);
#10551=IFCPROPERTYSET('3gIxlJbMD4FRktk6AqnF3j',$,'Pset_StairFlightCommon',$,(#10552,#10553,#10554,#10555,#10556));
#10552=IFCPROPERTYSINGLEVALUE('NumberOfRiser',$,IFCCOUNTMEASURE(8.),$);
#10553=IFCPROPERTYSINGLEVALUE('NumberOfTreads',$,IFCCOUNTMEASURE(7.),$);
#10554=IFCPROPERTYSINGLEVALUE('RiserHeight',$,IFCPOSITIVELENGTHMEASURE(0.22499999403953552),$);
#10555=IFCPROPERTYSINGLEVALUE('TreadLength',$,IFCPOSITIVELENGTHMEASURE(0.25),$);
#10556=IFCPROPERTYSINGLEVALUE('NosingLength',$,IFCLENGTHMEASURE(0.),$);
#10589=IFCCARTESIANPOINT((0.,0.,0.));
#10590=IFCDIRECTION((1.,0.,0.));
#10591=IFCDIRECTION((0.,0.,1.));
#10592=IFCAXIS2PLACEMENT3D(#10589,#10591,#10590);
#10593=IFCREPRESENTATIONMAP(#10592,#10760);
#10594=IFCSTAIRFLIGHT('0Y14edLfD33QV$uN20qmn8',$,'StairFlight',$,$,#10992,#10603,$,8,7,0.22499999403953552,0.25,.STRAIGHT.);
#10595=IFCRELDEFINESBYTYPE('290eNGkKD0gxN5IFh$p$Xs',$,$,$,(#10594),#10548);
#10603=IFCPRODUCTDEFINITIONSHAPE($,$,(#10610,#10776));
#10604=IFCCARTESIANPOINT((0.,0.,0.));
#10605=IFCDIRECTION((1.,0.,0.));
#10606=IFCDIRECTION((0.,1.,0.));
#10607=IFCDIRECTION((0.,0.,1.));
#10608=IFCCARTESIANTRANSFORMATIONOPERATOR3D(#10605,#10606,#10604,1.,#10607);
#10609=IFCMAPPEDITEM(#10593,#10608);
#10610=IFCSHAPEREPRESENTATION(#11,'Body','MappedRepresentation',(#10609));
#10732=IFCSLABTYPE('0LeuUTtnj5xhM7rljwvSK6',$,'SLAB LANDING',$,$,(#10736),$,$,$,.LANDING.);
#10733=IFCMATERIALLAYERSET((#10735),$,$);
#10734=IFCRELASSOCIATESMATERIAL('3zyCNJdGn5EByNQ1_J2HW2',$,$,$,(#10732),#10733);
#10735=IFCMATERIALLAYER(#82,1.7999999523162842,$,$,$,$,$);
#10736=IFCPROPERTYSET('38sF7sJkL3Ye0jOnVWCr6J',$,'EPset_Parametric',$,(#10737));
#10737=IFCPROPERTYSINGLEVALUE('LayerSetDirection',$,IFCLABEL('AXIS3'),$);
#10738=IFCINDEXEDPOLYGONALFACE((2,1,18,17,16,15,14,13,12,11,10,9,8,7,6,5,4,3));
#10739=IFCINDEXEDPOLYGONALFACE((19,20,21,22,23,24,25,26,27,28,29,30,31,32,33,34,35,36));
#10740=IFCINDEXEDPOLYGONALFACE((5,6,23,22));
#10741=IFCINDEXEDPOLYGONALFACE((13,14,31,30));
#10742=IFCINDEXEDPOLYGONALFACE((6,7,24,23));
#10743=IFCINDEXEDPOLYGONALFACE((14,15,32,31));
#10744=IFCINDEXEDPOLYGONALFACE((7,8,25,24));
#10745=IFCINDEXEDPOLYGONALFACE((15,16,33,32));
#10746=IFCINDEXEDPOLYGONALFACE((8,9,26,25));
#10747=IFCINDEXEDPOLYGONALFACE((1,2,19,36));
#10748=IFCINDEXEDPOLYGONALFACE((16,17,34,33));
#10749=IFCINDEXEDPOLYGONALFACE((9,10,27,26));
#10750=IFCINDEXEDPOLYGONALFACE((2,3,20,19));
#10751=IFCINDEXEDPOLYGONALFACE((17,18,35,34));
#10752=IFCINDEXEDPOLYGONALFACE((10,11,28,27));
#10753=IFCINDEXEDPOLYGONALFACE((3,4,21,20));
#10754=IFCINDEXEDPOLYGONALFACE((18,1,36,35));
#10755=IFCINDEXEDPOLYGONALFACE((11,12,29,28));
#10756=IFCINDEXEDPOLYGONALFACE((4,5,22,21));
#10757=IFCINDEXEDPOLYGONALFACE((12,13,30,29));
#10758=IFCCARTESIANPOINTLIST3D(((0.,0.,0.),(0.,0.,0.22499999403953552),(0.209157794713974,0.,0.22499999403953552),(0.209157794713974,0.,0.44999998807907104),(0.418315589427948,0.,0.44999998807907104),(0.418315589427948,0.,0.6749999523162842),(0.6274733543395996,0.,0.6749999523162842),(0.6274733543395996,0.,0.8999999761581421),(0.836631178855896,0.,0.8999999761581421),(0.836631178855896,0.,1.125),(1.0457890033721924,0.,1.125),(1.0457890033721924,0.,1.350000023841858),(1.2549468278884888,0.,1.350000023841858),(1.2549468278884888,0.,1.5750000476837158),(1.4641046524047852,0.,1.5750000476837158),(1.4641046524047852,0.,1.8000000715255737),(1.6732624769210815,0.,1.8000000715255737),(1.6732624769210815,0.,0.),(0.,0.800000011920929,0.22499999403953552),(0.209157794713974,0.800000011920929,0.22499999403953552),(0.209157794713974,0.800000011920929,0.44999998807907104),(0.418315589427948,0.800000011920929,0.44999998807907104),(0.418315589427948,0.800000011920929,0.6749999523162842),(0.6274733543395996,0.800000011920929,0.6749999523162842),(0.6274733543395996,0.800000011920929,0.8999999761581421),(0.836631178855896,0.800000011920929,0.8999999761581421),(0.836631178855896,0.800000011920929,1.125),(1.0457890033721924,0.800000011920929,1.125),(1.0457890033721924,0.800000011920929,1.350000023841858),(1.2549468278884888,0.800000011920929,1.350000023841858),(1.2549468278884888,0.800000011920929,1.5750000476837158),(1.4641046524047852,0.800000011920929,1.5750000476837158),(1.4641046524047852,0.800000011920929,1.8000000715255737),(1.6732624769210815,0.800000011920929,1.8000000715255737),(1.6732624769210815,0.800000011920929,0.),(0.,0.800000011920929,0.)));
#10759=IFCPOLYGONALFACESET(#10758,.T.,(#10738,#10739,#10740,#10741,#10742,#10743,#10744,#10745,#10746,#10747,#10748,#10749,#10750,#10751,#10752,#10753,#10754,#10755,#10756,#10757),$);
#10760=IFCSHAPEREPRESENTATION(#11,'Body','Tessellation',(#10759));
#10762=IFCCARTESIANPOINT((0.,0.,0.));
#10763=IFCBOUNDINGBOX(#10762,1.6732624769210815,0.800000011920929,1.8000000715255737);
#10764=IFCSHAPEREPRESENTATION(#13,'Box','BoundingBox',(#10763));
#10765=IFCCARTESIANPOINT((0.,0.,0.));
#10766=IFCDIRECTION((1.,0.,0.));
#10767=IFCDIRECTION((0.,0.,1.));
#10768=IFCAXIS2PLACEMENT3D(#10765,#10767,#10766);
#10769=IFCREPRESENTATIONMAP(#10768,#10764);
#10770=IFCCARTESIANPOINT((0.,0.,0.));
#10771=IFCDIRECTION((1.,0.,0.));
#10772=IFCDIRECTION((0.,1.,0.));
#10773=IFCDIRECTION((0.,0.,1.));
#10774=IFCCARTESIANTRANSFORMATIONOPERATOR3D(#10771,#10772,#10770,1.,#10773);
#10775=IFCMAPPEDITEM(#10769,#10774);
#10776=IFCSHAPEREPRESENTATION(#13,'Box','MappedRepresentation',(#10775));
#10965=IFCSLAB('2BC1Ll5QH0YwE0SzPW_Pgu',$,'Slab',$,$,#10997,#10980,$,$);
#10966=IFCRELDEFINESBYTYPE('1I7v$OVxzDdwCOTha9YGlW',$,$,$,(#11563,#11541,#10965,#11698),#10732);
#10967=IFCMATERIALLAYERSETUSAGE(#10733,.AXIS3.,.POSITIVE.,-0.10000000149011612,$);
#10968=IFCRELASSOCIATESMATERIAL('1D_y74xwH6vPPvQP8Md_wK',$,$,$,(#10965),#10967);
#10974=IFCCARTESIANPOINTLIST2D(((0.,0.),(0.,-0.7999999523162842),(0.8644614219665527,-0.7999997138977051),(0.864466667175293,-0.014124274253845215),(0.,0.)));
#10975=IFCINDEXEDPOLYCURVE(#10974,$,$);
#10976=IFCDIRECTION((0.,0.,1.));
#10977=IFCARBITRARYCLOSEDPROFILEDEF(.AREA.,$,#10975);
#10978=IFCEXTRUDEDAREASOLID(#10977,#10987,#10976,1.7999999523162842);
#10979=IFCSHAPEREPRESENTATION(#11,'Body','SweptSolid',(#10978));
#10980=IFCPRODUCTDEFINITIONSHAPE($,$,(#10979));
#10981=IFCPROPERTYSET('3JaSjMKbD4QgbeMXD$exbb',$,'EPset_Parametric',$,(#10983));
#10982=IFCRELDEFINESBYPROPERTIES('15E2N9pqv7MwGpo4z5FJ2_',$,$,$,(#10965),#10981);
#10983=IFCPROPERTYSINGLEVALUE('Engine',$,IFCLABEL('Bonsai.DumbLayer3'),$);
#10984=IFCCARTESIANPOINT((-0.,-0.,-0.10000000149011612));
#10985=IFCDIRECTION((0.,0.,1.));
#10986=IFCDIRECTION((1.,0.,0.));
#10987=IFCAXIS2PLACEMENT3D(#10984,#10985,#10986);
#10988=IFCCARTESIANPOINT((1.5624959468841553,0.3848991394042969,0.10000000149011612));
#10989=IFCDIRECTION((0.,0.,1.));
#10990=IFCDIRECTION((1.,0.,0.));
#10991=IFCAXIS2PLACEMENT3D(#10988,#10989,#10990);
#10992=IFCLOCALPLACEMENT(#79,#10991);
#10993=IFCCARTESIANPOINT((3.2357583045959473,1.184899091720581,0.20000004768371582));
#10994=IFCDIRECTION((0.,0.,1.));
#10995=IFCDIRECTION((1.,0.,0.));
#10996=IFCAXIS2PLACEMENT3D(#10993,#10994,#10995);
#10997=IFCLOCALPLACEMENT(#79,#10996);
#10998=IFCRAILINGTYPE('1IH6r_xhr1R9u7j_HzvGGW',$,'BAL-1',$,$,(#10999,#11001),(#11030,#11074),$,$,.USERDEFINED.);
#10999=IFCPROPERTYSET('2R0sYAnYj9l88AOIlijxhM',$,'BBIM_Railing',$,(#11000));
#11000=IFCPROPERTYSINGLEVALUE('Data',$,IFCTEXT('{"railing_type": "FRAMELESS_PANEL", "height": 1.0, "thickness": 0.05000000074505806, "spacing": 0.05000000074505806, "path_data": {"edges": [[0, 1], [1, 2]], "verts": [[-1.0, 0.0, 0.0], [0.0, 0.0, 0.0], [1.0, 0.0, 0.0]]}}'),$);
#11001=IFCPROPERTYSET('1wYx1C$mj4vgubh$L19_O1',$,'Pset_RailingCommon',$,(#11002));
#11002=IFCPROPERTYSINGLEVALUE('Height',$,IFCPOSITIVELENGTHMEASURE(1.),$);
#11026=IFCCARTESIANPOINT((0.,0.,0.));
#11027=IFCDIRECTION((1.,0.,0.));
#11028=IFCDIRECTION((0.,0.,1.));
#11029=IFCAXIS2PLACEMENT3D(#11026,#11028,#11027);
#11030=IFCREPRESENTATIONMAP(#11029,#11065);
#11031=IFCINDEXEDPOLYGONALFACE((1,2,3));
#11032=IFCINDEXEDPOLYGONALFACE((4,5,6));
#11033=IFCINDEXEDPOLYGONALFACE((7,8,9));
#11034=IFCINDEXEDPOLYGONALFACE((10,11,5));
#11035=IFCINDEXEDPOLYGONALFACE((12,13,2));
#11036=IFCINDEXEDPOLYGONALFACE((14,15,16));
#11037=IFCINDEXEDPOLYGONALFACE((3,16,1));
#11038=IFCINDEXEDPOLYGONALFACE((6,9,4));
#11039=IFCINDEXEDPOLYGONALFACE((12,17,13));
#11040=IFCINDEXEDPOLYGONALFACE((18,15,14));
#11041=IFCINDEXEDPOLYGONALFACE((12,18,17));
#11042=IFCINDEXEDPOLYGONALFACE((18,14,17));
#11043=IFCINDEXEDPOLYGONALFACE((10,19,11));
#11044=IFCINDEXEDPOLYGONALFACE((20,8,7));
#11045=IFCINDEXEDPOLYGONALFACE((10,20,19));
#11046=IFCINDEXEDPOLYGONALFACE((20,7,19));
#11047=IFCINDEXEDPOLYGONALFACE((9,6,7));
#11048=IFCINDEXEDPOLYGONALFACE((4,20,10));
#11049=IFCINDEXEDPOLYGONALFACE((9,8,20));
#11050=IFCINDEXEDPOLYGONALFACE((4,9,20));
#11051=IFCINDEXEDPOLYGONALFACE((5,4,10));
#11052=IFCINDEXEDPOLYGONALFACE((3,17,14));
#11053=IFCINDEXEDPOLYGONALFACE((2,13,17));
#11054=IFCINDEXEDPOLYGONALFACE((3,2,17));
#11055=IFCINDEXEDPOLYGONALFACE((6,19,7));
#11056=IFCINDEXEDPOLYGONALFACE((5,11,19));
#11057=IFCINDEXEDPOLYGONALFACE((6,5,19));
#11058=IFCINDEXEDPOLYGONALFACE((2,1,12));
#11059=IFCINDEXEDPOLYGONALFACE((16,3,14));
#11060=IFCINDEXEDPOLYGONALFACE((16,15,18));
#11061=IFCINDEXEDPOLYGONALFACE((1,18,12));
#11062=IFCINDEXEDPOLYGONALFACE((1,16,18));
#11063=IFCCARTESIANPOINTLIST3D(((-0.9750000238418579,-0.02500000037252903,1.),(-0.02500000037252903,-0.02500000037252903,1.),(-0.02500000037252903,0.02500000037252903,1.),(0.02500000037252903,-0.02500000037252903,1.),(0.9750000238418579,-0.02500000037252903,1.),(0.9750000238418579,0.02500000037252903,1.),(0.9750000238418579,0.02500000037252903,0.),(0.02500000037252903,0.02500000037252903,0.),(0.02500000037252903,0.02500000037252903,1.),(0.02500000037252903,-0.02500000037252903,0.),(0.9750000238418579,-0.02500000037252903,0.),(-0.9750000238418579,-0.02500000037252903,0.),(-0.02500000037252903,-0.02500000037252903,0.),(-0.02500000037252903,0.02500000037252903,0.),(-0.9750000238418579,0.02500000037252903,0.),(-0.9750000238418579,0.02500000037252903,1.),(-0.02500000037252903,0.,0.),(-0.9750000238418579,0.,0.),(0.9750000238418579,0.,0.),(0.02500000037252903,0.,0.)));
#11064=IFCPOLYGONALFACESET(#11063,.T.,(#11031,#11032,#11033,#11034,#11035,#11036,#11037,#11038,#11039,#11040,#11041,#11042,#11043,#11044,#11045,#11046,#11047,#11048,#11049,#11050,#11051,#11052,#11053,#11054,#11055,#11056,#11057,#11058,#11059,#11060,#11061,#11062),$);
#11065=IFCSHAPEREPRESENTATION(#11,'Body','Tessellation',(#11064));
#11067=IFCCARTESIANPOINT((-0.9750000238418579,-0.02500000037252903,0.));
#11068=IFCBOUNDINGBOX(#11067,1.9500000476837158,0.05000000074505806,1.);
#11069=IFCSHAPEREPRESENTATION(#13,'Box','BoundingBox',(#11068));
#11070=IFCCARTESIANPOINT((0.,0.,0.));
#11071=IFCDIRECTION((1.,0.,0.));
#11072=IFCDIRECTION((0.,0.,1.));
#11073=IFCAXIS2PLACEMENT3D(#11070,#11072,#11071);
#11074=IFCREPRESENTATIONMAP(#11073,#11069);
#11076=IFCMATERIALPROFILESET($,$,(#11078),$);
#11078=IFCMATERIALPROFILE($,$,#82,#2746,$,$);
#11079=IFCRAILING('3GF4FfNvr2CO59EV__GmoP',$,'Railing',$,$,#11419,#11088,$,$);
#11080=IFCRELDEFINESBYTYPE('3liwBmTuX0Tf7LtUrkjodO',$,$,$,(#11079,#11106),#10998);
#11081=IFCCARTESIANPOINT((0.,0.,0.));
#11082=IFCDIRECTION((1.,0.,0.));
#11083=IFCDIRECTION((0.,1.,0.));
#11084=IFCDIRECTION((0.,0.,1.));
#11085=IFCCARTESIANTRANSFORMATIONOPERATOR3D(#11082,#11083,#11081,1.,#11084);
#11086=IFCMAPPEDITEM(#11030,#11085);
#11087=IFCSHAPEREPRESENTATION(#11,'Body','MappedRepresentation',(#11086));
#11088=IFCPRODUCTDEFINITIONSHAPE($,$,(#11087,#11095));
#11089=IFCCARTESIANPOINT((0.,0.,0.));
#11090=IFCDIRECTION((1.,0.,0.));
#11091=IFCDIRECTION((0.,1.,0.));
#11092=IFCDIRECTION((0.,0.,1.));
#11093=IFCCARTESIANTRANSFORMATIONOPERATOR3D(#11090,#11091,#11089,1.,#11092);
#11094=IFCMAPPEDITEM(#11074,#11093);
#11095=IFCSHAPEREPRESENTATION(#13,'Box','MappedRepresentation',(#11094));
#11106=IFCRAILING('1VvHdVLADF8h7qufUNFJbM',$,'Railing',$,$,#12201,#11119,$,$);
#11112=IFCCARTESIANPOINT((0.,0.,0.));
#11113=IFCDIRECTION((1.,0.,0.));
#11114=IFCDIRECTION((0.,1.,0.));
#11115=IFCDIRECTION((0.,0.,1.));
#11116=IFCCARTESIANTRANSFORMATIONOPERATOR3D(#11113,#11114,#11112,1.,#11115);
#11117=IFCMAPPEDITEM(#11030,#11116);
#11118=IFCSHAPEREPRESENTATION(#11,'Body','MappedRepresentation',(#11117));
#11119=IFCPRODUCTDEFINITIONSHAPE($,$,(#11118,#11126));
#11120=IFCCARTESIANPOINT((0.,0.,0.));
#11121=IFCDIRECTION((1.,0.,0.));
#11122=IFCDIRECTION((0.,1.,0.));
#11123=IFCDIRECTION((0.,0.,1.));
#11124=IFCCARTESIANTRANSFORMATIONOPERATOR3D(#11121,#11122,#11120,1.,#11123);
#11125=IFCMAPPEDITEM(#11074,#11124);
#11126=IFCSHAPEREPRESENTATION(#13,'Box','MappedRepresentation',(#11125));
#11127=IFCRAILINGTYPE('11A5_6zwv7He46rmbtVPpN',$,'BAL-2',$,$,(#11128,#11130),(#11132,#11480),$,$,.USERDEFINED.);
#11128=IFCPROPERTYSET('14j7J2vxX4yhEJ3XcL7Wp6',$,'BBIM_Railing',$,(#11129));
#11129=IFCPROPERTYSINGLEVALUE('Data',$,IFCTEXT('{"railing_type": "FRAMELESS_PANEL", "height": 1.0, "thickness": 0.05000000074505806, "spacing": 0.05000000074505806, "path_data": {"edges": [[0, 1], [1, 2]], "verts": [[-0.0959010124206543, 0.0, 0.0], [0.0, 0.0, 0.0], [1.0, 0.0, 0.0]]}}'),$);
#11130=IFCPROPERTYSET('0lcT4hhor7jQuiGwxXrMAo',$,'Pset_RailingCommon',$,(#11131));
#11131=IFCPROPERTYSINGLEVALUE('Height',$,IFCPOSITIVELENGTHMEASURE(1.),$);
#11132=IFCREPRESENTATIONMAP(#11133,#11471);
#11133=IFCAXIS2PLACEMENT3D(#11134,#11135,#11136);
#11134=IFCCARTESIANPOINT((0.,0.,0.));
#11135=IFCDIRECTION((0.,0.,1.));
#11136=IFCDIRECTION((1.,0.,0.));
#11180=IFCRAILINGTYPE('22KTC2I0LCEf_6QX2WgcNs',$,'BAL-3',$,$,(#11181,#11183),(#11185,#11533),$,$,.USERDEFINED.);
#11181=IFCPROPERTYSET('0lCQ2iUFv0svXX6PXv0_KB',$,'BBIM_Railing',$,(#11182));
#11182=IFCPROPERTYSINGLEVALUE('Data',$,IFCTEXT('{"railing_type": "FRAMELESS_PANEL", "height": 1.0, "thickness": 0.05000000074505806, "spacing": 0.05000000074505806, "path_data": {"edges": [[0, 1], [1, 2]], "verts": [[-0.7791907787322998, 9.651877519445407e-09, 0.0], [0.0, 0.0, 0.0], [0.7791907787322998, -9.651877519445407e-09, 0.0]]}}'),$);
#11183=IFCPROPERTYSET('33gHPtH$n3$PsK_7nRNRE3',$,'Pset_RailingCommon',$,(#11184));
#11184=IFCPROPERTYSINGLEVALUE('Height',$,IFCPOSITIVELENGTHMEASURE(1.),$);
#11185=IFCREPRESENTATIONMAP(#11186,#11524);
#11186=IFCAXIS2PLACEMENT3D(#11187,#11188,#11189);
#11187=IFCCARTESIANPOINT((0.,0.,0.));
#11188=IFCDIRECTION((0.,0.,1.));
#11189=IFCDIRECTION((1.,0.,0.));
#11255=IFCCARTESIANPOINT((0.,0.,3.));
#11256=IFCDIRECTION((0.,0.,1.));
#11257=IFCDIRECTION((1.,0.,0.));
#11258=IFCAXIS2PLACEMENT3D(#11255,#11256,#11257);
#11259=IFCLOCALPLACEMENT(#56,#11258);
#11260=IFCCARTESIANPOINT((4.20859432220459,0.0250244140625,-0.009999990463256836));
#11261=IFCDIRECTION((0.,0.,1.));
#11262=IFCDIRECTION((7.549790126404312E-08,0.9999999999999972,0.));
#11263=IFCAXIS2PLACEMENT3D(#11260,#11261,#11262);
#11264=IFCLOCALPLACEMENT(#11259,#11263);
#11265=IFCCARTESIANPOINT((4.20859432220459,2.5250244140625,-0.009999990463256836));
#11266=IFCDIRECTION((0.,0.,1.));
#11267=IFCDIRECTION((7.549790126404312E-08,0.9999999999999972,0.));
#11268=IFCAXIS2PLACEMENT3D(#11265,#11266,#11267);
#11269=IFCLOCALPLACEMENT(#11259,#11268);
#11270=IFCCARTESIANPOINT((4.20859432220459,4.953857421875,-0.009999990463256836));
#11271=IFCDIRECTION((0.,0.,1.));
#11272=IFCDIRECTION((7.549790126404312E-08,0.9999999999999972,0.));
#11273=IFCAXIS2PLACEMENT3D(#11270,#11271,#11272);
#11274=IFCLOCALPLACEMENT(#11259,#11273);
#11275=IFCCARTESIANPOINT((0.18859441578388214,5.546418190002441,-0.009999990463256836));
#11276=IFCDIRECTION((0.,0.,1.));
#11277=IFCDIRECTION((-0.9999999999999243,3.8941436741876494E-07,0.));
#11278=IFCAXIS2PLACEMENT3D(#11275,#11276,#11277);
#11279=IFCLOCALPLACEMENT(#11259,#11278);
#11280=IFCCARTESIANPOINT((-3.301405429840088,2.466418981552124,-0.009999990463256836));
#11281=IFCDIRECTION((0.,0.,1.));
#11282=IFCDIRECTION((-4.371138828673789E-08,-0.9999999999999991,0.));
#11283=IFCAXIS2PLACEMENT3D(#11280,#11281,#11282);
#11284=IFCLOCALPLACEMENT(#11259,#11283);
#11285=IFCCARTESIANPOINT((-3.301405429840088,0.05641913414001465,-0.009999990463256836));
#11286=IFCDIRECTION((0.,0.,1.));
#11287=IFCDIRECTION((-4.371138828673789E-08,-0.9999999999999991,0.));
#11288=IFCAXIS2PLACEMENT3D(#11285,#11286,#11287);
#11289=IFCLOCALPLACEMENT(#11259,#11288);
#11290=IFCCARTESIANPOINT((1.8085937500000235,-2.211977575214228,-0.009999990463256836));
#11291=IFCDIRECTION((0.,0.,1.));
#11292=IFCDIRECTION((-1.629206849429444E-07,-0.9999999999999868,0.));
#11293=IFCAXIS2PLACEMENT3D(#11290,#11291,#11292);
#11294=IFCLOCALPLACEMENT(#11259,#11293);
#11295=IFCCARTESIANPOINT((1.808593591966931,-3.1819777488708496,-0.009999990463256836));
#11296=IFCDIRECTION((0.,0.,1.));
#11297=IFCDIRECTION((1.,0.,0.));
#11298=IFCAXIS2PLACEMENT3D(#11295,#11296,#11297);
#11299=IFCLOCALPLACEMENT(#11259,#11298);
#11300=IFCCARTESIANPOINT((4.208593845367414,-3.181977748870849,-0.009999990463256836));
#11301=IFCDIRECTION((0.,0.,1.));
#11302=IFCDIRECTION((7.549790126404312E-08,0.9999999999999972,0.));
#11303=IFCAXIS2PLACEMENT3D(#11300,#11301,#11302);
#11304=IFCLOCALPLACEMENT(#11259,#11303);
#11305=IFCCARTESIANPOINT((4.208594440174668,6.516418457031268,-0.009999990463256836));
#11306=IFCDIRECTION((0.,0.,1.));
#11307=IFCDIRECTION((-0.9999999999999887,-1.5099580252808492E-07,0.));
#11308=IFCAXIS2PLACEMENT3D(#11305,#11306,#11307);
#11309=IFCLOCALPLACEMENT(#11259,#11308);
#11310=IFCCARTESIANPOINT((0.188594341278086,6.516417850028128,-0.009999990463256836));
#11311=IFCDIRECTION((0.,0.,1.));
#11312=IFCDIRECTION((7.549790126404312E-08,-0.9999999999999972,0.));
#11313=IFCAXIS2PLACEMENT3D(#11310,#11311,#11312);
#11314=IFCLOCALPLACEMENT(#11259,#11313);
#11315=IFCCARTESIANPOINT((-3.3014056682587336,5.546419549058617,-0.009999990463256836));
#11316=IFCDIRECTION((0.,0.,1.));
#11317=IFCDIRECTION((7.549790126404312E-08,-0.9999999999999972,0.));
#11318=IFCAXIS2PLACEMENT3D(#11315,#11316,#11317);
#11319=IFCLOCALPLACEMENT(#11259,#11318);
#11320=IFCCARTESIANPOINT((-3.301405503275218,-1.623580813407898,-0.009999990463256836));
#11321=IFCDIRECTION((0.,0.,1.));
#11322=IFCDIRECTION((1.,0.,0.));
#11323=IFCAXIS2PLACEMENT3D(#11320,#11321,#11322);
#11324=IFCLOCALPLACEMENT(#11259,#11323);
#11325=IFCCARTESIANPOINT((0.20013427734373437,-1.6235808134078982,-0.009999990463256836));
#11326=IFCDIRECTION((0.,0.,1.));
#11327=IFCDIRECTION((-4.371138828673789E-08,-0.9999999999999991,0.));
#11328=IFCAXIS2PLACEMENT3D(#11325,#11326,#11327);
#11329=IFCLOCALPLACEMENT(#11259,#11328);
#11330=IFCCARTESIANPOINT((0.20013425162407827,-2.2119779587008557,-0.009999990463256836));
#11331=IFCDIRECTION((0.,0.,1.));
#11332=IFCDIRECTION((0.9999999999999716,2.3841857910155572E-07,0.));
#11333=IFCAXIS2PLACEMENT3D(#11330,#11331,#11332);
#11334=IFCLOCALPLACEMENT(#11259,#11333);
#11335=IFCCARTESIANPOINT((4.208593845367432,-3.1819777488708496,0.));
#11336=IFCDIRECTION((0.,0.,1.));
#11337=IFCDIRECTION((1.,0.,0.));
#11338=IFCAXIS2PLACEMENT3D(#11335,#11336,#11337);
#11339=IFCLOCALPLACEMENT(#11259,#11338);
#11340=IFCCARTESIANPOINT((1.8085936307907104,-3.1819777488708496,0.));
#11341=IFCDIRECTION((0.,0.,1.));
#11342=IFCDIRECTION((1.,0.,0.));
#11343=IFCAXIS2PLACEMENT3D(#11340,#11341,#11342);
#11344=IFCLOCALPLACEMENT(#11259,#11343);
#11345=IFCCARTESIANPOINT((0.24351146817207336,5.448293209075928,-0.009999990463256836));
#11346=IFCDIRECTION((0.,0.,1.));
#11347=IFCDIRECTION((-4.371138828673789E-08,-0.9999999999999991,0.));
#11348=IFCAXIS2PLACEMENT3D(#11345,#11346,#11347);
#11349=IFCLOCALPLACEMENT(#11259,#11348);
#11350=IFCCARTESIANPOINT((-3.2236766815185547,2.5353755950927734,-0.009999990463256836));
#11351=IFCDIRECTION((0.,0.,1.));
#11352=IFCDIRECTION((0.9999959140949585,-0.0028586348819626805,0.));
#11353=IFCAXIS2PLACEMENT3D(#11350,#11351,#11352);
#11354=IFCLOCALPLACEMENT(#11259,#11353);
#11355=IFCCARTESIANPOINT((0.3352993428707123,4.875753402709961,-0.009999990463256836));
#11356=IFCDIRECTION((0.,0.,1.));
#11357=IFCDIRECTION((0.9999999999999716,2.3841857910155572E-07,0.));
#11358=IFCAXIS2PLACEMENT3D(#11355,#11356,#11357);
#11359=IFCLOCALPLACEMENT(#11259,#11358);
#11360=IFCCARTESIANPOINT((0.3435118496417999,0.3820328414440155,-0.009999990463256836));
#11361=IFCDIRECTION((0.,0.,1.));
#11362=IFCDIRECTION((1.,0.,0.));
#11363=IFCAXIS2PLACEMENT3D(#11360,#11361,#11362);
#11364=IFCLOCALPLACEMENT(#11259,#11363);
#11365=IFCCARTESIANPOINT((0.5546689033508301,4.865009784698486,0.));
#11366=IFCDIRECTION((0.,0.,1.));
#11367=IFCDIRECTION((1.,0.,0.));
#11368=IFCAXIS2PLACEMENT3D(#11365,#11366,#11367);
#11369=IFCLOCALPLACEMENT(#11259,#11368);
#11370=IFCCARTESIANPOINT((0.5258662700653076,-2.2119054794311523,0.));
#11371=IFCDIRECTION((0.,0.,1.));
#11372=IFCDIRECTION((1.,0.,0.));
#11373=IFCAXIS2PLACEMENT3D(#11370,#11371,#11372);
#11374=IFCLOCALPLACEMENT(#11259,#11373);
#11375=IFCCARTESIANPOINT((-1.841086506843567,-1.6235960721969604,0.));
#11376=IFCDIRECTION((0.,0.,1.));
#11377=IFCDIRECTION((1.,0.,0.));
#11378=IFCAXIS2PLACEMENT3D(#11375,#11376,#11377);
#11379=IFCLOCALPLACEMENT(#11259,#11378);
#11380=IFCCARTESIANPOINT((0.20013427734375,-1.623580813407898,2.989999771118164));
#11381=IFCDIRECTION((0.,0.,1.));
#11382=IFCDIRECTION((1.,0.,0.));
#11383=IFCAXIS2PLACEMENT3D(#11380,#11381,#11382);
#11384=IFCLOCALPLACEMENT(#11259,#11383);
#11385=IFCCARTESIANPOINT((0.45290064811706543,1.6404143571853638,2.9689788818359375));
#11386=IFCDIRECTION((0.,0.,1.));
#11387=IFCDIRECTION((1.,0.,0.));
#11388=IFCAXIS2PLACEMENT3D(#11385,#11386,#11387);
#11389=IFCLOCALPLACEMENT(#11259,#11388);
#11390=IFCCARTESIANPOINT((0.,0.,0.));
#11391=IFCDIRECTION((0.,0.,1.));
#11392=IFCDIRECTION((1.,0.,0.));
#11393=IFCAXIS2PLACEMENT3D(#11390,#11391,#11392);
#11394=IFCLOCALPLACEMENT(#11259,#11393);
#11395=IFCCARTESIANPOINT((0.,0.,0.));
#11396=IFCDIRECTION((0.,0.,1.));
#11397=IFCDIRECTION((1.,0.,0.));
#11398=IFCAXIS2PLACEMENT3D(#11395,#11396,#11397);
#11399=IFCLOCALPLACEMENT(#11259,#11398);
#11400=IFCCARTESIANPOINT((0.,0.,0.));
#11401=IFCDIRECTION((0.,0.,1.));
#11402=IFCDIRECTION((1.,0.,0.));
#11403=IFCAXIS2PLACEMENT3D(#11400,#11401,#11402);
#11404=IFCLOCALPLACEMENT(#11259,#11403);
#11405=IFCCARTESIANPOINT((2.696988105773926,2.39327335357666,0.));
#11406=IFCDIRECTION((0.,0.,1.));
#11407=IFCDIRECTION((1.,0.,0.));
#11408=IFCAXIS2PLACEMENT3D(#11405,#11406,#11407);
#11409=IFCLOCALPLACEMENT(#11259,#11408);
#11410=IFCCARTESIANPOINT((2.696988105773926,2.39327335357666,0.));
#11411=IFCDIRECTION((0.,0.,1.));
#11412=IFCDIRECTION((1.,0.,0.));
#11413=IFCAXIS2PLACEMENT3D(#11410,#11411,#11412);
#11414=IFCLOCALPLACEMENT(#11259,#11413);
#11415=IFCCARTESIANPOINT((0.8335936069488525,-3.156977653503418,0.));
#11416=IFCDIRECTION((0.,0.,1.));
#11417=IFCDIRECTION((1.,0.,0.));
#11418=IFCAXIS2PLACEMENT3D(#11415,#11416,#11417);
#11419=IFCLOCALPLACEMENT(#11259,#11418);
#11430=IFCRAILING('0VOL6_2PPDFQpx0lJe39Tn',$,'Railing',$,'FRAMELESS_PANEL',#11456,#11439,$,.USERDEFINED.);
#11431=IFCRELDEFINESBYTYPE('2xT$LBOAXBTQGCF1JNfOla',$,$,$,(#11430),#11127);
#11432=IFCCARTESIANPOINT((0.,0.,0.));
#11433=IFCDIRECTION((1.,0.,0.));
#11434=IFCDIRECTION((0.,1.,0.));
#11435=IFCDIRECTION((0.,0.,1.));
#11436=IFCCARTESIANTRANSFORMATIONOPERATOR3D(#11433,#11434,#11432,1.,#11435);
#11437=IFCMAPPEDITEM(#11132,#11436);
#11438=IFCSHAPEREPRESENTATION(#11,'Body','MappedRepresentation',(#11437));
#11439=IFCPRODUCTDEFINITIONSHAPE($,$,(#11438,#11487));
#11452=IFCCARTESIANPOINT((-3.195505142211914,-3.156977653503418,0.));
#11453=IFCDIRECTION((0.,0.,1.));
#11454=IFCDIRECTION((1.,0.,0.));
#11455=IFCAXIS2PLACEMENT3D(#11452,#11453,#11454);
#11456=IFCLOCALPLACEMENT(#11259,#11455);
#11457=IFCINDEXEDPOLYGONALFACE((16,19,18,17));
#11458=IFCINDEXEDPOLYGONALFACE((20,23,22,21));
#11459=IFCINDEXEDPOLYGONALFACE((5,11,10,4,8,9));
#11460=IFCINDEXEDPOLYGONALFACE((7,15,14,6,12,13));
#11461=IFCINDEXEDPOLYGONALFACE((7,13,23,20,15));
#11462=IFCINDEXEDPOLYGONALFACE((11,16,17,10));
#11463=IFCINDEXEDPOLYGONALFACE((8,18,19,9));
#11464=IFCINDEXEDPOLYGONALFACE((5,9,19,16,11));
#11465=IFCINDEXEDPOLYGONALFACE((12,22,23,13));
#11466=IFCINDEXEDPOLYGONALFACE((6,14,21,22,12));
#11467=IFCINDEXEDPOLYGONALFACE((15,20,21,14));
#11468=IFCINDEXEDPOLYGONALFACE((4,10,17,18,8));
#11469=IFCCARTESIANPOINTLIST3D(((-0.0959010124206543,0.,0.),(0.,0.,0.),(1.,0.,0.),(-0.07090101391077042,0.,0.),(-0.02500000037252903,0.,0.),(0.02500000037252903,0.,0.),(0.9750000238418579,0.,0.),(-0.07090101391077042,0.02500000037252903,0.),(-0.02500000037252903,0.02500000037252903,0.),(-0.07090101391077042,-0.02500000037252903,0.),(-0.02500000037252903,-0.02500000037252903,0.),(0.02500000037252903,0.02500000037252903,0.),(0.9750000238418579,0.02500000037252903,0.),(0.02500000037252903,-0.02500000037252903,0.),(0.9750000238418579,-0.02500000037252903,0.),(-0.02500000037252903,-0.02500000037252903,1.),(-0.07090101391077042,-0.02500000037252903,1.),(-0.07090101391077042,0.02500000037252903,1.),(-0.02500000037252903,0.02500000037252903,1.),(0.9750000238418579,-0.02500000037252903,1.),(0.02500000037252903,-0.02500000037252903,1.),(0.02500000037252903,0.02500000037252903,1.),(0.9750000238418579,0.02500000037252903,1.)));
#11470=IFCPOLYGONALFACESET(#11469,.F.,(#11457,#11458,#11459,#11460,#11461,#11462,#11463,#11464,#11465,#11466,#11467,#11468),$);
#11471=IFCSHAPEREPRESENTATION(#11,'Body','Tessellation',(#11470));
#11473=IFCCARTESIANPOINT((-0.0959010124206543,-0.02500000037252903,0.));
#11474=IFCBOUNDINGBOX(#11473,1.0959010124206543,0.05000000074505806,1.);
#11475=IFCSHAPEREPRESENTATION(#13,'Box','BoundingBox',(#11474));
#11476=IFCCARTESIANPOINT((0.,0.,0.));
#11477=IFCDIRECTION((1.,0.,0.));
#11478=IFCDIRECTION((0.,0.,1.));
#11479=IFCAXIS2PLACEMENT3D(#11476,#11478,#11477);
#11480=IFCREPRESENTATIONMAP(#11479,#11475);
#11481=IFCCARTESIANPOINT((0.,0.,0.));
#11482=IFCDIRECTION((1.,0.,0.));
#11483=IFCDIRECTION((0.,1.,0.));
#11484=IFCDIRECTION((0.,0.,1.));
#11485=IFCCARTESIANTRANSFORMATIONOPERATOR3D(#11482,#11483,#11481,1.,#11484);
#11486=IFCMAPPEDITEM(#11480,#11485);
#11487=IFCSHAPEREPRESENTATION(#13,'Box','MappedRepresentation',(#11486));
#11488=IFCRAILING('0CY_LwXkb6WehPmRZSJtlL',$,'Railing',$,'FRAMELESS_PANEL',#12206,#11497,$,.USERDEFINED.);
#11489=IFCRELDEFINESBYTYPE('0CxhqJGen1jPnNTRUANHhV',$,$,$,(#11488),#11180);
#11490=IFCCARTESIANPOINT((0.,0.,0.));
#11491=IFCDIRECTION((1.,0.,0.));
#11492=IFCDIRECTION((0.,1.,0.));
#11493=IFCDIRECTION((0.,0.,1.));
#11494=IFCCARTESIANTRANSFORMATIONOPERATOR3D(#11491,#11492,#11490,1.,#11493);
#11495=IFCMAPPEDITEM(#11185,#11494);
#11496=IFCSHAPEREPRESENTATION(#11,'Body','MappedRepresentation',(#11495));
#11497=IFCPRODUCTDEFINITIONSHAPE($,$,(#11496,#11540));
#11510=IFCINDEXEDPOLYGONALFACE((16,19,18,17));
#11511=IFCINDEXEDPOLYGONALFACE((20,23,22,21));
#11512=IFCINDEXEDPOLYGONALFACE((5,11,10,4,8,9));
#11513=IFCINDEXEDPOLYGONALFACE((7,15,14,6,12,13));
#11514=IFCINDEXEDPOLYGONALFACE((15,20,21,14));
#11515=IFCINDEXEDPOLYGONALFACE((6,14,21,22,12));
#11516=IFCINDEXEDPOLYGONALFACE((9,19,16,11,5));
#11517=IFCINDEXEDPOLYGONALFACE((7,13,23,20,15));
#11518=IFCINDEXEDPOLYGONALFACE((11,16,17,10));
#11519=IFCINDEXEDPOLYGONALFACE((8,18,19,9));
#11520=IFCINDEXEDPOLYGONALFACE((12,22,23,13));
#11521=IFCINDEXEDPOLYGONALFACE((10,17,18,8,4));
#11522=IFCCARTESIANPOINTLIST3D(((-0.7791907787322998,9.651877519445407E-09,0.),(0.,0.,0.),(0.7791907787322998,-9.651877519445407E-09,0.),(-0.7541908025741577,9.342200790740662E-09,0.),(-0.02500000223517418,3.0967634012668555E-10,0.),(0.02500000037252903,-3.0967634012668555E-10,0.),(0.7541908025741577,-9.342200790740662E-09,0.),(-0.7541908025741577,0.025000009685754776,0.),(-0.02500000223517418,0.02500000037252903,0.),(-0.7541908025741577,-0.024999991059303284,0.),(-0.02500000223517418,-0.02500000037252903,0.),(0.02500000037252903,0.02500000037252903,0.),(0.7541908025741577,0.024999991059303284,0.),(0.02500000037252903,-0.02500000037252903,0.),(0.7541908025741577,-0.025000009685754776,0.),(-0.02500000223517418,-0.02500000037252903,1.),(-0.7541908025741577,-0.024999991059303284,1.),(-0.7541908025741577,0.025000009685754776,1.),(-0.02500000223517418,0.02500000037252903,1.),(0.7541908025741577,-0.025000009685754776,1.),(0.02500000037252903,-0.02500000037252903,1.),(0.02500000037252903,0.02500000037252903,1.),(0.7541908025741577,0.024999991059303284,1.)));
#11523=IFCPOLYGONALFACESET(#11522,.F.,(#11510,#11511,#11512,#11513,#11514,#11515,#11516,#11517,#11518,#11519,#11520,#11521),$);
#11524=IFCSHAPEREPRESENTATION(#11,'Body','Tessellation',(#11523));
#11526=IFCCARTESIANPOINT((-0.7791907787322998,-0.025000009685754776,0.));
#11527=IFCBOUNDINGBOX(#11526,1.5583815574645996,0.05000001937150955,1.);
#11528=IFCSHAPEREPRESENTATION(#13,'Box','BoundingBox',(#11527));
#11529=IFCCARTESIANPOINT((0.,0.,0.));
#11530=IFCDIRECTION((1.,0.,0.));
#11531=IFCDIRECTION((0.,0.,1.));
#11532=IFCAXIS2PLACEMENT3D(#11529,#11531,#11530);
#11533=IFCREPRESENTATIONMAP(#11532,#11528);
#11534=IFCCARTESIANPOINT((0.,0.,0.));
#11535=IFCDIRECTION((1.,0.,0.));
#11536=IFCDIRECTION((0.,1.,0.));
#11537=IFCDIRECTION((0.,0.,1.));
#11538=IFCCARTESIANTRANSFORMATIONOPERATOR3D(#11535,#11536,#11534,1.,#11537);
#11539=IFCMAPPEDITEM(#11533,#11538);
#11540=IFCSHAPEREPRESENTATION(#13,'Box','MappedRepresentation',(#11539));
#11541=IFCSLAB('205FZX4cP3l8KzX0e7vthx',$,'Slab',$,$,#11548,#11555,$,$);
#11542=IFCMATERIALLAYERSETUSAGE(#10733,.AXIS3.,.POSITIVE.,-1.7999999523162842,$);
#11543=IFCRELASSOCIATESMATERIAL('3Rh611xdb1cwP$$KPZMBRJ',$,$,$,(#11541),#11542);
#11544=IFCCARTESIANPOINT((3.2357583045959473,1.184899091720581,0.));
#11545=IFCDIRECTION((0.,0.,1.));
#11546=IFCDIRECTION((1.,0.,0.));
#11547=IFCAXIS2PLACEMENT3D(#11544,#11545,#11546);
#11548=IFCLOCALPLACEMENT(#11259,#11547);
#11549=IFCCARTESIANPOINTLIST2D(((0.,0.),(0.,1.215125322341919),(0.8704428672790527,1.215125560760498),(0.864466667175293,-0.014124274253845215),(0.,0.)));
#11550=IFCINDEXEDPOLYCURVE(#11549,$,$);
#11551=IFCDIRECTION((0.,0.,1.));
#11552=IFCARBITRARYCLOSEDPROFILEDEF(.AREA.,$,#11550);
#11553=IFCEXTRUDEDAREASOLID(#11552,#11562,#11551,1.7999999523162842);
#11554=IFCSHAPEREPRESENTATION(#11,'Body','SweptSolid',(#11553));
#11555=IFCPRODUCTDEFINITIONSHAPE($,$,(#11554));
#11556=IFCPROPERTYSET('0$slI2mi95zBNykVUJ9mpC',$,'EPset_Parametric',$,(#11558));
#11557=IFCRELDEFINESBYPROPERTIES('27nu_XWyf2i8ehv2Egy4qE',$,$,$,(#11541),#11556);
#11558=IFCPROPERTYSINGLEVALUE('Engine',$,IFCLABEL('Bonsai.DumbLayer3'),$);
#11559=IFCCARTESIANPOINT((-0.,-0.,-1.7999999523162842));
#11560=IFCDIRECTION((0.,0.,1.));
#11561=IFCDIRECTION((1.,0.,0.));
#11562=IFCAXIS2PLACEMENT3D(#11559,#11560,#11561);
#11563=IFCSLAB('29SWHnnJD1Be4BNBjY1LJZ',$,'Slab',$,$,#12211,#11577,$,$);
#11564=IFCMATERIALLAYERSETUSAGE(#10733,.AXIS3.,.POSITIVE.,-1.7999999523162842,$);
#11565=IFCRELASSOCIATESMATERIAL('0vZ671kWr1ePt$qFV05WU1',$,$,$,(#11563),#11564);
#11571=IFCCARTESIANPOINTLIST2D(((0.,0.),(0.,1.022559404373169),(0.8781332969665527,1.022559642791748),(0.864466667175293,-0.014124274253845215),(0.,0.)));
#11572=IFCINDEXEDPOLYCURVE(#11571,$,$);
#11573=IFCDIRECTION((0.,0.,1.));
#11574=IFCARBITRARYCLOSEDPROFILEDEF(.AREA.,$,#11572);
#11575=IFCEXTRUDEDAREASOLID(#11574,#11584,#11573,1.7999999523162842);
#11576=IFCSHAPEREPRESENTATION(#11,'Body','SweptSolid',(#11575));
#11577=IFCPRODUCTDEFINITIONSHAPE($,$,(#11576));
#11578=IFCPROPERTYSET('1VB2Po_Bj3kO635sj4vugs',$,'EPset_Parametric',$,(#11580));
#11579=IFCRELDEFINESBYPROPERTIES('2oOQo01rXFdvcpyRHQr2d8',$,$,$,(#11563),#11578);
#11580=IFCPROPERTYSINGLEVALUE('Engine',$,IFCLABEL('Bonsai.DumbLayer3'),$);
#11581=IFCCARTESIANPOINT((-0.,-0.,-1.7999999523162842));
#11582=IFCDIRECTION((0.,0.,1.));
#11583=IFCDIRECTION((1.,0.,0.));
#11584=IFCAXIS2PLACEMENT3D(#11581,#11582,#11583);
#11606=IFCSTAIRFLIGHTTYPE('3_VcWQ2P934PllOV1HJO4g',$,'STAIR-2',$,$,(#11607,#11609),(#11615,#12184),$,$,.STRAIGHT.);
#11607=IFCPROPERTYSET('0YofugSZDDQQOtTgzSgU8H',$,'BBIM_Stair',$,(#11608));
#11608=IFCPROPERTYSINGLEVALUE('Data',$,IFCTEXT('{"stair_type": "GENERIC", "width": 0.800000011920929, "height": 1.2000000476837158, "number_of_treads": 7, "tread_run": 0.209157794713974, "nosing_length": 0.0, "nosing_depth": 0.0, "custom_first_last_tread_run": [0.209157794713974, 0.209157794713974], "custom_tread_lock": false}'),$);
#11609=IFCPROPERTYSET('11NlMDEs999BIUzFSB3eK_',$,'Pset_StairFlightCommon',$,(#11610,#11611,#11612,#11613,#11614));
#11610=IFCPROPERTYSINGLEVALUE('NumberOfRiser',$,IFCCOUNTMEASURE(8.),$);
#11611=IFCPROPERTYSINGLEVALUE('NumberOfTreads',$,IFCCOUNTMEASURE(7.),$);
#11612=IFCPROPERTYSINGLEVALUE('RiserHeight',$,IFCPOSITIVELENGTHMEASURE(0.15000000596046448),$);
#11613=IFCPROPERTYSINGLEVALUE('TreadLength',$,IFCPOSITIVELENGTHMEASURE(0.25),$);
#11614=IFCPROPERTYSINGLEVALUE('NosingLength',$,IFCLENGTHMEASURE(0.),$);
#11615=IFCREPRESENTATIONMAP(#11616,#12175);
#11616=IFCAXIS2PLACEMENT3D(#11617,#11618,#11619);
#11617=IFCCARTESIANPOINT((0.,0.,0.));
#11618=IFCDIRECTION((0.,0.,1.));
#11619=IFCDIRECTION((1.,0.,0.));
#11675=IFCSTAIRFLIGHT('1SGTeac390uO1EtLc2QbmV',$,'StairFlight',$,$,#12216,#11684,$,8,7,0.15000000596046448,0.25,.STRAIGHT.);
#11676=IFCRELDEFINESBYTYPE('3yhXHpw1z4JuwkF9vp3YR7',$,$,$,(#11675),#11606);
#11677=IFCCARTESIANPOINT((0.,0.,0.));
#11678=IFCDIRECTION((1.,0.,0.));
#11679=IFCDIRECTION((0.,1.,0.));
#11680=IFCDIRECTION((0.,0.,1.));
#11681=IFCCARTESIANTRANSFORMATIONOPERATOR3D(#11678,#11679,#11677,1.,#11680);
#11682=IFCMAPPEDITEM(#11615,#11681);
#11683=IFCSHAPEREPRESENTATION(#11,'Body','MappedRepresentation',(#11682));
#11684=IFCPRODUCTDEFINITIONSHAPE($,$,(#11683,#12191));
#11697=IFCRELASSOCIATESMATERIAL('2PXMPHayv3IRNCBWc3tCUA',$,$,$,(#11675),#82);
#11698=IFCSLAB('0j8eKhcGX4AwIFFWyWpO2E',$,'Slab',$,$,#12221,#11712,$,$);
#11699=IFCMATERIALLAYERSETUSAGE(#10733,.AXIS3.,.POSITIVE.,-1.7999999523162842,$);
#11700=IFCRELASSOCIATESMATERIAL('3Ny7y5JR5FBu1Mtrvc7AmA',$,$,$,(#11698),#11699);
#11706=IFCCARTESIANPOINTLIST2D(((0.,0.),(1.6732624769210815,4.76837158203125E-07),(1.6732629537582397,-0.8000273704528809),(2.384185791015625E-07,-0.8000000715255737),(0.,0.)));
#11707=IFCINDEXEDPOLYCURVE(#11706,$,$);
#11708=IFCDIRECTION((0.,0.,1.));
#11709=IFCARBITRARYCLOSEDPROFILEDEF(.AREA.,$,#11707);
#11710=IFCEXTRUDEDAREASOLID(#11709,#11719,#11708,1.7999999523162842);
#11711=IFCSHAPEREPRESENTATION(#11,'Body','SweptSolid',(#11710));
#11712=IFCPRODUCTDEFINITIONSHAPE($,$,(#11711));
#11713=IFCPROPERTYSET('2Qs9m5m5H86O3im5dampOV',$,'EPset_Parametric',$,(#11715));
#11714=IFCRELDEFINESBYPROPERTIES('3h64WuHdrF3evWlNGyDs1X',$,$,$,(#11698),#11713);
#11715=IFCPROPERTYSINGLEVALUE('Engine',$,IFCLABEL('Bonsai.DumbLayer3'),$);
#11716=IFCCARTESIANPOINT((-0.,-0.,-1.7999999523162842));
#11717=IFCDIRECTION((0.,0.,1.));
#11718=IFCDIRECTION((1.,0.,0.));
#11719=IFCAXIS2PLACEMENT3D(#11716,#11717,#11718);
#11741=IFCRAILINGTYPE('0QYfkxNZH9xffZarh0ltat',$,'STAIR LANDING',$,$,(#11742,#11744),(#11746,#11824),$,$,.USERDEFINED.);
#11742=IFCPROPERTYSET('0RxU74oZv6L92fKdGxu05f',$,'BBIM_Railing',$,(#11743));
#11743=IFCPROPERTYSINGLEVALUE('Data',$,IFCTEXT('{"railing_type": "FRAMELESS_PANEL", "height": 1.0, "thickness": 0.05000000074505806, "spacing": 0.05000000074505806, "path_data": {"edges": [[0, 1], [1, 2]], "verts": [[-0.7791907787322998, 9.651877519445407e-09, 0.0], [0.0, 0.0, 0.0], [0.11027026176452637, -9.651877519445407e-09, 0.0]]}}'),$);
#11744=IFCPROPERTYSET('2TEICOa9v4X9UfPBTD31Yk',$,'Pset_RailingCommon',$,(#11745));
#11745=IFCPROPERTYSINGLEVALUE('Height',$,IFCPOSITIVELENGTHMEASURE(1.),$);
#11746=IFCREPRESENTATIONMAP(#11747,#11815);
#11747=IFCAXIS2PLACEMENT3D(#11748,#11749,#11750);
#11748=IFCCARTESIANPOINT((0.,0.,0.));
#11749=IFCDIRECTION((0.,0.,1.));
#11750=IFCDIRECTION((1.,0.,0.));
#11774=IFCRAILING('29T9DSWa96qQPj$SZGA0MF',$,'Railing',$,'FRAMELESS_PANEL',#11800,#11783,$,.USERDEFINED.);
#11775=IFCRELDEFINESBYTYPE('0uyZsD9LP5TxxLcNoGH7nL',$,$,$,(#11853,#11774),#11741);
#11776=IFCCARTESIANPOINT((0.,0.,0.));
#11777=IFCDIRECTION((1.,0.,0.));
#11778=IFCDIRECTION((0.,1.,0.));
#11779=IFCDIRECTION((0.,0.,1.));
#11780=IFCCARTESIANTRANSFORMATIONOPERATOR3D(#11777,#11778,#11776,1.,#11779);
#11781=IFCMAPPEDITEM(#11746,#11780);
#11782=IFCSHAPEREPRESENTATION(#11,'Body','MappedRepresentation',(#11781));
#11783=IFCPRODUCTDEFINITIONSHAPE($,$,(#11782,#11831));
#11796=IFCCARTESIANPOINT((3.9899492263793945,0.40989914536476135,1.9000000953674316));
#11797=IFCDIRECTION((0.,0.,1.));
#11798=IFCDIRECTION((1.,0.,0.));
#11799=IFCAXIS2PLACEMENT3D(#11796,#11797,#11798);
#11800=IFCLOCALPLACEMENT(#79,#11799);
#11801=IFCINDEXEDPOLYGONALFACE((16,19,18,17));
#11802=IFCINDEXEDPOLYGONALFACE((20,23,22,21));
#11803=IFCINDEXEDPOLYGONALFACE((5,11,10,4,8,9));
#11804=IFCINDEXEDPOLYGONALFACE((7,15,14,6,12,13));
#11805=IFCINDEXEDPOLYGONALFACE((11,16,17,10));
#11806=IFCINDEXEDPOLYGONALFACE((8,18,19,9));
#11807=IFCINDEXEDPOLYGONALFACE((13,23,20,15,7));
#11808=IFCINDEXEDPOLYGONALFACE((5,9,19,16,11));
#11809=IFCINDEXEDPOLYGONALFACE((12,22,23,13));
#11810=IFCINDEXEDPOLYGONALFACE((14,21,22,12,6));
#11811=IFCINDEXEDPOLYGONALFACE((15,20,21,14));
#11812=IFCINDEXEDPOLYGONALFACE((4,10,17,18,8));
#11813=IFCCARTESIANPOINTLIST3D(((-0.7791907787322998,9.651877519445407E-09,0.),(0.,0.,0.),(0.11027026176452637,-9.651877519445407E-09,0.),(-0.7541908025741577,9.342200790740662E-09,0.),(-0.02500000223517418,3.0967634012668555E-10,0.),(0.02500000037252903,-2.1882322620569994E-09,0.),(0.08527026325464249,-7.463645701477617E-09,0.),(-0.7541908025741577,0.025000009685754776,0.),(-0.02500000223517418,0.02500000037252903,0.),(-0.7541908025741577,-0.024999991059303284,0.),(-0.02500000223517418,-0.02500000037252903,0.),(0.02500000223517418,0.02499999850988388,0.),(0.08527026325464249,0.024999992921948433,0.),(0.02499999850988388,-0.02500000223517418,0.),(0.08527026325464249,-0.025000007823109627,0.),(-0.02500000223517418,-0.02500000037252903,1.),(-0.7541908025741577,-0.024999991059303284,1.),(-0.7541908025741577,0.025000009685754776,1.),(-0.02500000223517418,0.02500000037252903,1.),(0.08527026325464249,-0.025000007823109627,1.),(0.02499999850988388,-0.02500000223517418,1.),(0.02500000223517418,0.02499999850988388,1.),(0.08527026325464249,0.024999992921948433,1.)));
#11814=IFCPOLYGONALFACESET(#11813,.F.,(#11801,#11802,#11803,#11804,#11805,#11806,#11807,#11808,#11809,#11810,#11811,#11812),$);
#11815=IFCSHAPEREPRESENTATION(#11,'Body','Tessellation',(#11814));
#11817=IFCCARTESIANPOINT((-0.7791907787322998,-0.025000007823109627,0.));
#11818=IFCBOUNDINGBOX(#11817,0.8894610404968262,0.05000001937150955,1.);
#11819=IFCSHAPEREPRESENTATION(#13,'Box','BoundingBox',(#11818));
#11820=IFCCARTESIANPOINT((0.,0.,0.));
#11821=IFCDIRECTION((1.,0.,0.));
#11822=IFCDIRECTION((0.,0.,1.));
#11823=IFCAXIS2PLACEMENT3D(#11820,#11822,#11821);
#11824=IFCREPRESENTATIONMAP(#11823,#11819);
#11825=IFCCARTESIANPOINT((0.,0.,0.));
#11826=IFCDIRECTION((1.,0.,0.));
#11827=IFCDIRECTION((0.,1.,0.));
#11828=IFCDIRECTION((0.,0.,1.));
#11829=IFCCARTESIANTRANSFORMATIONOPERATOR3D(#11826,#11827,#11825,1.,#11828);
#11830=IFCMAPPEDITEM(#11824,#11829);
#11831=IFCSHAPEREPRESENTATION(#13,'Box','MappedRepresentation',(#11830));
#11853=IFCRAILING('2eY9YFMbr1rQ7CyrAsAwUo',$,'Railing',$,$,#12226,#11861,$,$);
#11854=IFCCARTESIANPOINT((0.,0.,0.));
#11855=IFCDIRECTION((1.,0.,0.));
#11856=IFCDIRECTION((0.,1.,0.));
#11857=IFCDIRECTION((0.,0.,1.));
#11858=IFCCARTESIANTRANSFORMATIONOPERATOR3D(#11855,#11856,#11854,1.,#11857);
#11859=IFCMAPPEDITEM(#11746,#11858);
#11860=IFCSHAPEREPRESENTATION(#11,'Body','MappedRepresentation',(#11859));
#11861=IFCPRODUCTDEFINITIONSHAPE($,$,(#11860,#11868));
#11862=IFCCARTESIANPOINT((0.,0.,0.));
#11863=IFCDIRECTION((1.,0.,0.));
#11864=IFCDIRECTION((0.,1.,0.));
#11865=IFCDIRECTION((0.,0.,1.));
#11866=IFCCARTESIANTRANSFORMATIONOPERATOR3D(#11863,#11864,#11862,1.,#11865);
#11867=IFCMAPPEDITEM(#11824,#11866);
#11868=IFCSHAPEREPRESENTATION(#13,'Box','MappedRepresentation',(#11867));
#11909=IFCRAILINGTYPE('08QbdVmqP8Bw4toMUA5RrP',$,'STAIRS-RAIL',$,$,(#11910,#11912),(#11914,#12012),$,$,.USERDEFINED.);
#11910=IFCPROPERTYSET('2I5lL41Mz89vvYYRy3hP6X',$,'BBIM_Railing',$,(#11911));
#11911=IFCPROPERTYSINGLEVALUE('Data',$,IFCTEXT('{"railing_type": "FRAMELESS_PANEL", "height": 1.0, "thickness": 0.05000000074505806, "spacing": 0.05000000074505806, "path_data": {"edges": [[0, 1], [1, 2]], "verts": [[-1.0, 0.0, 0.0], [-0.03379011154174805, 0.025000005960464478, 1.0125000476837158], [0.6982622146606445, 0.025000005960464478, 1.8000000715255737]]}}'),$);
#11912=IFCPROPERTYSET('34k5Xiwwf2wfgAJa8ur3bI',$,'Pset_RailingCommon',$,(#11913));
#11913=IFCPROPERTYSINGLEVALUE('Height',$,IFCPOSITIVELENGTHMEASURE(1.),$);
#11914=IFCREPRESENTATIONMAP(#11915,#12003);
#11915=IFCAXIS2PLACEMENT3D(#11916,#11917,#11918);
#11916=IFCCARTESIANPOINT((0.,0.,0.));
#11917=IFCDIRECTION((0.,0.,1.));
#11918=IFCDIRECTION((1.,0.,0.));
#11962=IFCRAILING('3kr4yJd5j9NAyYmxFuLGSh',$,'Railing',$,'FRAMELESS_PANEL',#11988,#11971,$,.USERDEFINED.);
#11963=IFCRELDEFINESBYTYPE('1wjbtIhVzCcOHhrHr6myL0',$,$,$,(#11962,#12020),#11909);
#11964=IFCCARTESIANPOINT((0.,0.,0.));
#11965=IFCDIRECTION((1.,0.,0.));
#11966=IFCDIRECTION((0.,1.,0.));
#11967=IFCDIRECTION((0.,0.,1.));
#11968=IFCCARTESIANTRANSFORMATIONOPERATOR3D(#11965,#11966,#11964,1.,#11967);
#11969=IFCMAPPEDITEM(#11914,#11968);
#11970=IFCSHAPEREPRESENTATION(#11,'Body','MappedRepresentation',(#11969));
#11971=IFCPRODUCTDEFINITIONSHAPE($,$,(#11970,#12019));
#11984=IFCCARTESIANPOINT((2.5374960899353027,0.3598991334438324,0.10000000149011612));
#11985=IFCDIRECTION((0.,0.,1.));
#11986=IFCDIRECTION((1.,0.,0.));
#11987=IFCAXIS2PLACEMENT3D(#11984,#11985,#11986);
#11988=IFCLOCALPLACEMENT(#79,#11987);
#11989=IFCINDEXEDPOLYGONALFACE((16,19,18,17));
#11990=IFCINDEXEDPOLYGONALFACE((20,23,22,21));
#11991=IFCINDEXEDPOLYGONALFACE((5,11,10,4,8,9));
#11992=IFCINDEXEDPOLYGONALFACE((7,15,14,6,12,13));
#11993=IFCINDEXEDPOLYGONALFACE((7,13,23,20,15));
#11994=IFCINDEXEDPOLYGONALFACE((5,9,19,16,11));
#11995=IFCINDEXEDPOLYGONALFACE((12,22,23,13));
#11996=IFCINDEXEDPOLYGONALFACE((14,21,22,12,6));
#11997=IFCINDEXEDPOLYGONALFACE((15,20,21,14));
#11998=IFCINDEXEDPOLYGONALFACE((11,16,17,10));
#11999=IFCINDEXEDPOLYGONALFACE((8,18,19,9));
#12000=IFCINDEXEDPOLYGONALFACE((4,10,17,18,8));
#12001=IFCCARTESIANPOINTLIST3D(((-1.,0.,0.),(-0.03379011154174805,0.025000005960464478,1.0125000476837158),(0.6982622146606445,0.025000005960464478,1.8000000715255737),(-0.9750083684921265,0.0006466411286965013,0.026188960298895836),(-0.05878175050020218,0.02435336448252201,0.9863110780715942),(-0.008790109306573868,0.025000005960464478,1.039393663406372),(0.6732622385025024,0.025000005960464478,1.7731064558029175),(-0.9756550192832947,0.0256382767111063,0.026188960298895836),(-0.059428390115499496,0.049345001578330994,0.9863110780715942),(-0.9743617177009583,-0.024344993755221367,0.026188960298895836),(-0.05813511088490486,-0.0006382707506418228,0.9863110780715942),(-0.008790109306573868,0.05000000447034836,1.039393663406372),(0.6732622385025024,0.05000000447034836,1.7731064558029175),(-0.008790109306573868,5.587935447692871E-09,1.039393663406372),(0.6732622385025024,5.587935447692871E-09,1.7731064558029175),(-0.05813511088490486,-0.0006382707506418228,1.9863110780715942),(-0.9743617177009583,-0.024344993755221367,1.0261889696121216),(-0.9756550192832947,0.0256382767111063,1.0261889696121216),(-0.059428390115499496,0.049345001578330994,1.9863110780715942),(0.6732622385025024,5.587935447692871E-09,2.773106575012207),(-0.008790109306573868,5.587935447692871E-09,2.039393663406372),(-0.008790109306573868,0.05000000447034836,2.039393663406372),(0.6732622385025024,0.05000000447034836,2.773106575012207)));
#12002=IFCPOLYGONALFACESET(#12001,.F.,(#11989,#11990,#11991,#11992,#11993,#11994,#11995,#11996,#11997,#11998,#11999,#12000),$);
#12003=IFCSHAPEREPRESENTATION(#11,'Body','Tessellation',(#12002));
#12005=IFCCARTESIANPOINT((-1.,-0.024344993755221367,0.));
#12006=IFCBOUNDINGBOX(#12005,1.6982622146606445,0.07434500008821487,2.773106575012207);
#12007=IFCSHAPEREPRESENTATION(#13,'Box','BoundingBox',(#12006));
#12008=IFCCARTESIANPOINT((0.,0.,0.));
#12009=IFCDIRECTION((1.,0.,0.));
#12010=IFCDIRECTION((0.,0.,1.));
#12011=IFCAXIS2PLACEMENT3D(#12008,#12010,#12009);
#12012=IFCREPRESENTATIONMAP(#12011,#12007);
#12013=IFCCARTESIANPOINT((0.,0.,0.));
#12014=IFCDIRECTION((1.,0.,0.));
#12015=IFCDIRECTION((0.,1.,0.));
#12016=IFCDIRECTION((0.,0.,1.));
#12017=IFCCARTESIANTRANSFORMATIONOPERATOR3D(#12014,#12015,#12013,1.,#12016);
#12018=IFCMAPPEDITEM(#12012,#12017);
#12019=IFCSHAPEREPRESENTATION(#13,'Box','MappedRepresentation',(#12018));
#12020=IFCRAILING('1$hZ18hc59BR8$cICYRmKy',$,'Railing',$,'FRAMELESS_PANEL',#12231,#12033,$,.USERDEFINED.);
#12026=IFCCARTESIANPOINT((0.,0.,0.));
#12027=IFCDIRECTION((1.,0.,0.));
#12028=IFCDIRECTION((0.,1.,0.));
#12029=IFCDIRECTION((0.,0.,1.));
#12030=IFCCARTESIANTRANSFORMATIONOPERATOR3D(#12027,#12028,#12026,1.,#12029);
#12031=IFCMAPPEDITEM(#11914,#12030);
#12032=IFCSHAPEREPRESENTATION(#11,'Body','MappedRepresentation',(#12031));
#12033=IFCPRODUCTDEFINITIONSHAPE($,$,(#12032,#12040));
#12034=IFCCARTESIANPOINT((0.,0.,0.));
#12035=IFCDIRECTION((1.,0.,0.));
#12036=IFCDIRECTION((0.,1.,0.));
#12037=IFCDIRECTION((0.,0.,1.));
#12038=IFCCARTESIANTRANSFORMATIONOPERATOR3D(#12035,#12036,#12034,1.,#12037);
#12039=IFCMAPPEDITEM(#12012,#12038);
#12040=IFCSHAPEREPRESENTATION(#13,'Box','MappedRepresentation',(#12039));
#12041=IFCRAILINGTYPE('1RJ246rtHFgh$qlywi6byx',$,'STAIRS-RAIL2',$,$,(#12042,#12044),(#12046,#12124),$,$,.USERDEFINED.);
#12042=IFCPROPERTYSET('3SHrOBJibDvgHbv2firR3h',$,'BBIM_Railing',$,(#12043));
#12043=IFCPROPERTYSINGLEVALUE('Data',$,IFCTEXT('{"railing_type": "FRAMELESS_PANEL", "height": 1.0, "thickness": 0.05000000074505806, "spacing": 0.05000000074505806, "path_data": {"edges": [[0, 1], [1, 2]], "verts": [[0.0, 0.0, 1.9261890649795532], [-0.8366312980651855, -3.2782554626464844e-07, 2.526188850402832], [-1.673262596130371, -5.662441253662109e-07, 3.1261887550354004]]}}'),$);
#12044=IFCPROPERTYSET('2XZhum8Iv3Xx$twjTDSBOY',$,'Pset_RailingCommon',$,(#12045));
#12045=IFCPROPERTYSINGLEVALUE('Height',$,IFCPOSITIVELENGTHMEASURE(1.),$);
#12046=IFCREPRESENTATIONMAP(#12047,#12115);
#12047=IFCAXIS2PLACEMENT3D(#12048,#12049,#12050);
#12048=IFCCARTESIANPOINT((0.,0.,0.));
#12049=IFCDIRECTION((0.,0.,1.));
#12050=IFCDIRECTION((1.,0.,0.));
#12074=IFCRAILING('2uhYbAUv56QhvpccellB7G',$,'Railing',$,'FRAMELESS_PANEL',#12236,#12083,$,.USERDEFINED.);
#12075=IFCRELDEFINESBYTYPE('26ORkNM7D2zelOTigKOtJl',$,$,$,(#12074,#12132),#12041);
#12076=IFCCARTESIANPOINT((0.,0.,0.));
#12077=IFCDIRECTION((1.,0.,0.));
#12078=IFCDIRECTION((0.,1.,0.));
#12079=IFCDIRECTION((0.,0.,1.));
#12080=IFCCARTESIANTRANSFORMATIONOPERATOR3D(#12077,#12078,#12076,1.,#12079);
#12081=IFCMAPPEDITEM(#12046,#12080);
#12082=IFCSHAPEREPRESENTATION(#11,'Body','MappedRepresentation',(#12081));
#12083=IFCPRODUCTDEFINITIONSHAPE($,$,(#12082,#12131));
#12101=IFCINDEXEDPOLYGONALFACE((16,19,18,17));
#12102=IFCINDEXEDPOLYGONALFACE((20,23,22,21));
#12103=IFCINDEXEDPOLYGONALFACE((5,11,10,4,8,9));
#12104=IFCINDEXEDPOLYGONALFACE((7,15,14,6,12,13));
#12105=IFCINDEXEDPOLYGONALFACE((8,18,19,9));
#12106=IFCINDEXEDPOLYGONALFACE((7,13,23,20,15));
#12107=IFCINDEXEDPOLYGONALFACE((5,9,19,16,11));
#12108=IFCINDEXEDPOLYGONALFACE((12,22,23,13));
#12109=IFCINDEXEDPOLYGONALFACE((14,21,22,12,6));
#12110=IFCINDEXEDPOLYGONALFACE((15,20,21,14));
#12111=IFCINDEXEDPOLYGONALFACE((11,16,17,10));
#12112=IFCINDEXEDPOLYGONALFACE((4,10,17,18,8));
#12113=IFCCARTESIANPOINTLIST3D(((0.,0.,1.9261890649795532),(-0.8366312980651855,-3.2782554626464844E-07,2.526188850402832),(-1.673262596130371,-5.662441253662109E-07,3.1261887550354004),(-0.02500000037252903,-9.795998678896467E-09,1.9441181421279907),(-0.8116313219070435,-3.180295493621088E-07,2.5082597732543945),(-0.8616312742233276,-3.349499024807301E-07,2.5441179275512695),(-1.648262619972229,-5.591197691501293E-07,3.108259677886963),(-0.024999991059303284,-0.025000009685754776,1.9441181421279907),(-0.8116313219070435,-0.02500031888484955,2.5082597732543945),(-0.025000009685754776,0.024999991059303284,1.9441181421279907),(-0.8116313219070435,0.02499968186020851,2.5082597732543945),(-0.8616312742233276,-0.02500033564865589,2.5441179275512695),(-1.648262619972229,-0.0250005591660738,3.108259677886963),(-0.8616312742233276,0.02499966509640217,2.5441179275512695),(-1.648262619972229,0.02499944157898426,3.108259677886963),(-0.8116313219070435,0.02499968186020851,3.5082597732543945),(-0.025000009685754776,0.024999991059303284,2.944118022918701),(-0.024999991059303284,-0.025000009685754776,2.944118022918701),(-0.8116313219070435,-0.02500031888484955,3.5082597732543945),(-1.648262619972229,0.02499944157898426,4.108259677886963),(-0.8616312742233276,0.02499966509640217,3.5441179275512695),(-0.8616312742233276,-0.02500033564865589,3.5441179275512695),(-1.648262619972229,-0.0250005591660738,4.108259677886963)));
#12114=IFCPOLYGONALFACESET(#12113,.F.,(#12101,#12102,#12103,#12104,#12105,#12106,#12107,#12108,#12109,#12110,#12111,#12112),$);
#12115=IFCSHAPEREPRESENTATION(#11,'Body','Tessellation',(#12114));
#12117=IFCCARTESIANPOINT((-1.673262596130371,-0.0250005591660738,1.9261890649795532));
#12118=IFCBOUNDINGBOX(#12117,1.673262596130371,0.050000548362731934,2.182070732116699);
#12119=IFCSHAPEREPRESENTATION(#13,'Box','BoundingBox',(#12118));
#12120=IFCCARTESIANPOINT((0.,0.,0.));
#12121=IFCDIRECTION((1.,0.,0.));
#12122=IFCDIRECTION((0.,0.,1.));
#12123=IFCAXIS2PLACEMENT3D(#12120,#12122,#12121);
#12124=IFCREPRESENTATIONMAP(#12123,#12119);
#12125=IFCCARTESIANPOINT((0.,0.,0.));
#12126=IFCDIRECTION((1.,0.,0.));
#12127=IFCDIRECTION((0.,1.,0.));
#12128=IFCDIRECTION((0.,0.,1.));
#12129=IFCCARTESIANTRANSFORMATIONOPERATOR3D(#12126,#12127,#12125,1.,#12128);
#12130=IFCMAPPEDITEM(#12124,#12129);
#12131=IFCSHAPEREPRESENTATION(#13,'Box','MappedRepresentation',(#12130));
#12132=IFCRAILING('0sWBrWXk98ZeZjkvBn4Jst',$,'Railing',$,'FRAMELESS_PANEL',#12241,#12145,$,.USERDEFINED.);
#12138=IFCCARTESIANPOINT((0.,0.,0.));
#12139=IFCDIRECTION((1.,0.,0.));
#12140=IFCDIRECTION((0.,1.,0.));
#12141=IFCDIRECTION((0.,0.,1.));
#12142=IFCCARTESIANTRANSFORMATIONOPERATOR3D(#12139,#12140,#12138,1.,#12141);
#12143=IFCMAPPEDITEM(#12046,#12142);
#12144=IFCSHAPEREPRESENTATION(#11,'Body','MappedRepresentation',(#12143));
#12145=IFCPRODUCTDEFINITIONSHAPE($,$,(#12144,#12152));
#12146=IFCCARTESIANPOINT((0.,0.,0.));
#12147=IFCDIRECTION((1.,0.,0.));
#12148=IFCDIRECTION((0.,1.,0.));
#12149=IFCDIRECTION((0.,0.,1.));
#12150=IFCCARTESIANTRANSFORMATIONOPERATOR3D(#12147,#12148,#12146,1.,#12149);
#12151=IFCMAPPEDITEM(#12124,#12150);
#12152=IFCSHAPEREPRESENTATION(#13,'Box','MappedRepresentation',(#12151));
#12153=IFCINDEXEDPOLYGONALFACE((2,1,18,17,16,15,14,13,12,11,10,9,8,7,6,5,4,3));
#12154=IFCINDEXEDPOLYGONALFACE((19,20,21,22,23,24,25,26,27,28,29,30,31,32,33,34,35,36));
#12155=IFCINDEXEDPOLYGONALFACE((14,15,32,31));
#12156=IFCINDEXEDPOLYGONALFACE((7,8,25,24));
#12157=IFCINDEXEDPOLYGONALFACE((15,16,33,32));
#12158=IFCINDEXEDPOLYGONALFACE((8,9,26,25));
#12159=IFCINDEXEDPOLYGONALFACE((1,2,19,36));
#12160=IFCINDEXEDPOLYGONALFACE((16,17,34,33));
#12161=IFCINDEXEDPOLYGONALFACE((9,10,27,26));
#12162=IFCINDEXEDPOLYGONALFACE((2,3,20,19));
#12163=IFCINDEXEDPOLYGONALFACE((17,18,35,34));
#12164=IFCINDEXEDPOLYGONALFACE((10,11,28,27));
#12165=IFCINDEXEDPOLYGONALFACE((3,4,21,20));
#12166=IFCINDEXEDPOLYGONALFACE((18,1,36,35));
#12167=IFCINDEXEDPOLYGONALFACE((11,12,29,28));
#12168=IFCINDEXEDPOLYGONALFACE((4,5,22,21));
#12169=IFCINDEXEDPOLYGONALFACE((12,13,30,29));
#12170=IFCINDEXEDPOLYGONALFACE((5,6,23,22));
#12171=IFCINDEXEDPOLYGONALFACE((13,14,31,30));
#12172=IFCINDEXEDPOLYGONALFACE((6,7,24,23));
#12173=IFCCARTESIANPOINTLIST3D(((0.,0.,0.),(0.,0.,0.15000000596046448),(0.209157794713974,0.,0.15000000596046448),(0.209157794713974,0.,0.30000001192092896),(0.418315589427948,0.,0.30000001192092896),(0.418315589427948,0.,0.45000001788139343),(0.6274733543395996,0.,0.45000001788139343),(0.6274733543395996,0.,0.6000000238418579),(0.836631178855896,0.,0.6000000238418579),(0.836631178855896,0.,0.75),(1.0457890033721924,0.,0.75),(1.0457890033721924,0.,0.8999999761581421),(1.2549468278884888,0.,0.8999999761581421),(1.2549468278884888,0.,1.0499999523162842),(1.4641046524047852,0.,1.0499999523162842),(1.4641046524047852,0.,1.1999999284744263),(1.6732624769210815,0.,1.1999999284744263),(1.6732624769210815,0.,0.),(0.,0.800000011920929,0.15000000596046448),(0.209157794713974,0.800000011920929,0.15000000596046448),(0.209157794713974,0.800000011920929,0.30000001192092896),(0.418315589427948,0.800000011920929,0.30000001192092896),(0.418315589427948,0.800000011920929,0.45000001788139343),(0.6274733543395996,0.800000011920929,0.45000001788139343),(0.6274733543395996,0.800000011920929,0.6000000238418579),(0.836631178855896,0.800000011920929,0.6000000238418579),(0.836631178855896,0.800000011920929,0.75),(1.0457890033721924,0.800000011920929,0.75),(1.0457890033721924,0.800000011920929,0.8999999761581421),(1.2549468278884888,0.800000011920929,0.8999999761581421),(1.2549468278884888,0.800000011920929,1.0499999523162842),(1.4641046524047852,0.800000011920929,1.0499999523162842),(1.4641046524047852,0.800000011920929,1.1999999284744263),(1.6732624769210815,0.800000011920929,1.1999999284744263),(1.6732624769210815,0.800000011920929,0.),(0.,0.800000011920929,0.)));
#12174=IFCPOLYGONALFACESET(#12173,.T.,(#12153,#12154,#12155,#12156,#12157,#12158,#12159,#12160,#12161,#12162,#12163,#12164,#12165,#12166,#12167,#12168,#12169,#12170,#12171,#12172),$);
#12175=IFCSHAPEREPRESENTATION(#11,'Body','Tessellation',(#12174));
#12177=IFCCARTESIANPOINT((0.,0.,0.));
#12178=IFCBOUNDINGBOX(#12177,1.6732624769210815,0.800000011920929,1.1999999284744263);
#12179=IFCSHAPEREPRESENTATION(#13,'Box','BoundingBox',(#12178));
#12180=IFCCARTESIANPOINT((0.,0.,0.));
#12181=IFCDIRECTION((1.,0.,0.));
#12182=IFCDIRECTION((0.,0.,1.));
#12183=IFCAXIS2PLACEMENT3D(#12180,#12182,#12181);
#12184=IFCREPRESENTATIONMAP(#12183,#12179);
#12185=IFCCARTESIANPOINT((0.,0.,0.));
#12186=IFCDIRECTION((1.,0.,0.));
#12187=IFCDIRECTION((0.,1.,0.));
#12188=IFCDIRECTION((0.,0.,1.));
#12189=IFCCARTESIANTRANSFORMATIONOPERATOR3D(#12186,#12187,#12185,1.,#12188);
#12190=IFCMAPPEDITEM(#12184,#12189);
#12191=IFCSHAPEREPRESENTATION(#13,'Box','MappedRepresentation',(#12190));
#12192=IFCCARTESIANPOINT((2.4709131717681885,4.745572090148926,-1.4901161415892261E-09));
#12193=IFCDIRECTION((0.,0.,1.));
#12194=IFCDIRECTION((1.,0.,0.));
#12195=IFCAXIS2PLACEMENT3D(#12192,#12193,#12194);
#12196=IFCLOCALPLACEMENT(#79,#12195);
#12197=IFCCARTESIANPOINT((-1.2048890590667725,-3.156977653503418,0.));
#12198=IFCDIRECTION((0.,0.,1.));
#12199=IFCDIRECTION((1.,0.,0.));
#12200=IFCAXIS2PLACEMENT3D(#12197,#12198,#12199);
#12201=IFCLOCALPLACEMENT(#11259,#12200);
#12202=IFCCARTESIANPOINT((-3.2455053329467773,-2.40278697013855,0.));
#12203=IFCDIRECTION((0.,0.,1.));
#12204=IFCDIRECTION((-4.371138828673793E-08,-1.,0.));
#12205=IFCAXIS2PLACEMENT3D(#12202,#12203,#12204);
#12206=IFCLOCALPLACEMENT(#11259,#12205);
#12207=IFCCARTESIANPOINT((3.2427992820739746,1.1925073862075806,1.899999976158142));
#12208=IFCDIRECTION((0.,0.,1.));
#12209=IFCDIRECTION((1.,0.,0.));
#12210=IFCAXIS2PLACEMENT3D(#12207,#12208,#12209);
#12211=IFCLOCALPLACEMENT(#79,#12210);
#12212=IFCCARTESIANPOINT((3.2427992820739746,2.215066909790039,1.9000000953674316));
#12213=IFCDIRECTION((0.,0.,1.));
#12214=IFCDIRECTION((-1.,-3.2584136988589307E-07,0.));
#12215=IFCAXIS2PLACEMENT3D(#12212,#12213,#12214);
#12216=IFCLOCALPLACEMENT(#79,#12215);
#12217=IFCCARTESIANPOINT((1.569536805152893,2.215066432952881,1.9000000953674316));
#12218=IFCDIRECTION((0.,0.,1.));
#12219=IFCDIRECTION((1.,0.,0.));
#12220=IFCAXIS2PLACEMENT3D(#12217,#12218,#12219);
#12221=IFCLOCALPLACEMENT(#79,#12220);
#12222=IFCCARTESIANPOINT((4.034750938415527,2.1900668144226074,1.899999976158142));
#12223=IFCDIRECTION((0.,0.,1.));
#12224=IFCDIRECTION((1.,0.,0.));
#12225=IFCAXIS2PLACEMENT3D(#12222,#12223,#12224);
#12226=IFCLOCALPLACEMENT(#79,#12225);
#12227=IFCCARTESIANPOINT((2.5374960899353027,1.1348991394042969,0.10000002384185791));
#12228=IFCDIRECTION((0.,0.,1.));
#12229=IFCDIRECTION((1.,0.,0.));
#12230=IFCAXIS2PLACEMENT3D(#12227,#12228,#12229);
#12231=IFCLOCALPLACEMENT(#79,#12230);
#12232=IFCCARTESIANPOINT((3.2427992820739746,2.1900668144226074,-0.026188960298895836));
#12233=IFCDIRECTION((0.,0.,1.));
#12234=IFCDIRECTION((1.,0.,0.));
#12235=IFCAXIS2PLACEMENT3D(#12232,#12233,#12234);
#12236=IFCLOCALPLACEMENT(#79,#12235);
#12237=IFCCARTESIANPOINT((3.2677998542785645,1.4400395154953003,-0.044118039309978485));
#12238=IFCDIRECTION((0.,0.,1.));
#12239=IFCDIRECTION((1.,0.,0.));
#12240=IFCAXIS2PLACEMENT3D(#12237,#12238,#12239);
#12241=IFCLOCALPLACEMENT(#79,#12240);
ENDSEC;
END-ISO-10303-21;
